date,store_id,product_id,city,store_type,region,category,sub_category,brand,mrp,cost_price,unit_margin,shelf_life_days,supplier_id,floor_area_sqft,avg_daily_customers,opening,received,sold,closing,reorder_lvl,lead_days,inventory_balance_valid,inventory_reconciled_flag,daily_demand,tx_units_sold,tx_total_revenue,tx_transaction_count,tx_avg_discount_pct,tx_promo_flag,tx_effective_price,daily_gross_profit,is_stockout,reorder_required,temp_c,rain_mm,holiday,festival,weekend,local_event,day_of_week,weekend_flag,month,week_no,festival_flag,lag_1,lag_7,lag_14,rolling_mean_7,rolling_mean_14,rolling_std_7,days_of_inventory,inventory_to_demand_ratio,reorder_gap,shelf_life,lead_time,discount_pct,price_change,promotion_flag,next_7_day_demand,forecasted_7day_demand,stockout_probability,risk_level,safety_stock,recommended_stock,recommended_order_qty,key_reasons,manager_action
2026-08-15,S01,P101,Coimbatore,Supermarket,West,Dairy,Milk,Aavin,60,52,8,3,SUP01,8500,1250,200,0,119,81,175,2,True,1,119,119,6069.0,3,15.0,1,51.0,-119.0,0,1,28.6,0.4,1,0,1,1,5,1,8,33,0,100.0,110.0,79.0,104.14285714285714,101.28571428571428,19.247758063634077,0.78,0.8,94,3,2,15.0,9.0,1,709.0,715,1.0,HIGH,45,760,679,Current closing stock (81 units) is at or below reorder threshold (175 units) | Critically low days of inventory (0.8 days remaining based on 7-day trend) | 7-day forecasted demand (709 units) exceeds available stock (81 units),CRITICAL: Issue emergency purchase order immediately to prevent stockout
2026-08-16,S01,P101,Coimbatore,Supermarket,West,Dairy,Milk,Aavin,60,52,8,3,SUP01,8500,1250,235,0,117,118,148,1,True,1,117,117,6669.0,3,5.0,1,57.0,585.0,0,1,26.9,7.1,0,0,1,0,6,1,8,33,0,119.0,144.0,111.0,105.42857142857144,104.14285714285714,19.990473921822055,1.12,0.98,30,3,1,5.0,3.0,1,711.0,718,1.0,HIGH,33,751,633,Current closing stock (118 units) is at or below reorder threshold (148 units) | Critically low days of inventory (1.1 days remaining based on 7-day trend) | 7-day forecasted demand (711 units) exceeds available stock (118 units),CRITICAL: Issue emergency purchase order immediately to prevent stockout
2026-08-17,S01,P101,Coimbatore,Supermarket,West,Dairy,Milk,Aavin,60,52,8,3,SUP01,8500,1250,194,21,92,123,170,1,True,1,92,92,5520.0,3,0.0,0,60.0,736.0,0,1,28.8,4.0,0,0,0,0,0,0,8,34,0,117.0,91.0,86.0,101.57142857142856,104.57142857142856,12.51475319848729,1.21,1.04,47,3,1,0.0,0.0,0,714.0,718,1.0,HIGH,21,739,595,Current closing stock (123 units) is at or below reorder threshold (170 units) | Critically low days of inventory (1.2 days remaining based on 7-day trend) | 7-day forecasted demand (714 units) exceeds available stock (123 units),CRITICAL: Issue emergency purchase order immediately to prevent stockout
2026-08-18,S01,P101,Coimbatore,Supermarket,West,Dairy,Milk,Aavin,60,52,8,3,SUP01,8500,1250,241,0,111,130,208,3,True,1,111,111,6660.0,3,0.0,0,60.0,888.0,0,1,31.1,0.0,0,0,0,0,1,0,8,34,0,92.0,85.0,97.0,101.71428571428572,105.0,12.378937564997065,1.28,1.4,78,3,3,0.0,0.0,0,699.0,713,1.0,HIGH,36,749,619,Current closing stock (130 units) is at or below reorder threshold (208 units) | Critically low days of inventory (1.3 days remaining based on 7-day trend) | 7-day forecasted demand (699 units) exceeds available stock (130 units) | Supplier replenishment lead time is relatively high (3 days),CRITICAL: Issue emergency purchase order immediately to prevent stockout
2026-08-19,S01,P101,Coimbatore,Supermarket,West,Dairy,Milk,Aavin,60,52,8,3,SUP01,8500,1250,210,0,110,100,203,3,True,1,110,110,6600.0,3,0.0,0,60.0,880.0,0,1,28.5,0.0,0,0,0,0,2,0,8,34,0,111.0,99.0,102.0,105.42857142857144,106.0,10.2446269308541,0.95,0.89,103,3,3,0.0,0.0,0,687.0,693,1.0,HIGH,30,723,623,Current closing stock (100 units) is at or below reorder threshold (203 units) | Critically low days of inventory (0.9 days remaining based on 7-day trend) | 7-day forecasted demand (687 units) exceeds available stock (100 units) | Supplier replenishment lead time is relatively high (3 days),CRITICAL: Issue emergency purchase order immediately to prevent stockout
2026-08-20,S01,P101,Coimbatore,Supermarket,West,Dairy,Milk,Aavin,60,52,8,3,SUP01,8500,1250,151,0,94,57,199,3,True,1,94,94,5640.0,3,0.0,0,60.0,752.0,0,1,28.9,2.8,0,0,0,0,3,0,8,34,0,110.0,100.0,98.0,107.0,106.57142857142856,9.933109617167563,0.53,0.51,142,3,3,0.0,0.0,0,696.0,718,1.0,HIGH,29,747,690,Current closing stock (57 units) is at or below reorder threshold (199 units) | Critically low days of inventory (0.5 days remaining based on 7-day trend) | 7-day forecasted demand (696 units) exceeds available stock (57 units) | Supplier replenishment lead time is relatively high (3 days),CRITICAL: Issue emergency purchase order immediately to prevent stockout
2026-08-21,S01,P101,Coimbatore,Supermarket,West,Dairy,Milk,Aavin,60,52,8,3,SUP01,8500,1250,184,0,78,106,145,2,True,1,78,78,4680.0,3,0.0,0,60.0,624.0,0,1,31.5,11.8,0,0,0,1,4,0,8,34,0,94.0,100.0,116.0,106.14285714285714,106.28571428571428,10.854009572942338,1.0,1.12,39,3,2,0.0,0.0,0,721.0,722,1.0,HIGH,26,748,642,Current closing stock (106 units) is at or below reorder threshold (145 units) | Critically low days of inventory (1.0 days remaining based on 7-day trend) | 7-day forecasted demand (721 units) exceeds available stock (106 units),CRITICAL: Issue emergency purchase order immediately to prevent stockout
2026-08-22,S01,P101,Coimbatore,Supermarket,West,Dairy,Milk,Aavin,60,52,8,3,SUP01,8500,1250,226,0,107,119,204,4,True,1,107,107,6420.0,3,0.0,0,60.0,856.0,0,1,28.5,0.0,0,0,1,0,5,1,8,34,0,78.0,119.0,110.0,103.0,103.57142857142856,15.231546211727824,1.16,1.51,85,3,4,0.0,0.0,0,735.0,724,1.0,HIGH,51,775,656,Current closing stock (119 units) is at or below reorder threshold (204 units) | Critically low days of inventory (1.2 days remaining based on 7-day trend) | 7-day forecasted demand (735 units) exceeds available stock (119 units) | Supplier replenishment lead time is relatively high (4 days),CRITICAL: Issue emergency purchase order immediately to prevent stockout
2026-08-23,S01,P101,Coimbatore,Supermarket,West,Dairy,Milk,Aavin,60,52,8,3,SUP01,8500,1250,233,103,119,217,144,2,True,1,119,119,7140.0,3,0.0,0,60.0,952.0,0,0,28.5,1.2,0,0,1,0,6,1,8,34,0,107.0,117.0,144.0,101.28571428571428,103.35714285714286,13.732131246511914,2.14,2.01,-73,3,2,0.0,0.0,0,734.0,731,0.0,LOW,33,764,444,Critically low days of inventory (2.1 days remaining based on 7-day trend) | 7-day forecasted demand (734 units) exceeds available stock (217 units),CRITICAL: Issue emergency purchase order immediately to prevent stockout
2026-08-24,S01,P101,Coimbatore,Supermarket,West,Dairy,Milk,Aavin,60,52,8,3,SUP01,8500,1250,215,0,95,120,163,3,True,1,95,95,5700.0,3,0.0,0,60.0,760.0,0,1,30.6,5.8,0,0,0,0,0,0,8,35,0,119.0,92.0,91.0,101.57142857142856,101.57142857142856,14.128660503354446,1.18,1.0,43,3,3,0.0,0.0,0,729.0,724,1.0,HIGH,41,765,645,Current closing stock (120 units) is at or below reorder threshold (163 units) | Critically low days of inventory (1.2 days remaining based on 7-day trend) | 7-day forecasted demand (729 units) exceeds available stock (120 units) | Supplier replenishment lead time is relatively high (3 days),CRITICAL: Issue emergency purchase order immediately to prevent stockout
2026-08-25,S01,P101,Coimbatore,Supermarket,West,Dairy,Milk,Aavin,60,52,8,3,SUP01,8500,1250,171,108,96,183,206,4,True,1,96,96,5760.0,3,0.0,0,60.0,768.0,0,1,27.7,3.2,0,1,0,0,1,0,8,35,1,95.0,111.0,85.0,102.0,101.85714285714286,13.832329280830963,1.79,1.91,23,3,4,0.0,0.0,0,745.0,737,0.4242,MEDIUM,46,783,492,Current closing stock (183 units) is at or below reorder threshold (206 units) | Critically low days of inventory (1.8 days remaining based on 7-day trend) | 7-day forecasted demand (745 units) exceeds available stock (183 units) | Supplier replenishment lead time is relatively high (4 days),CRITICAL: Issue emergency purchase order immediately to prevent stockout
2026-08-26,S01,P101,Coimbatore,Supermarket,West,Dairy,Milk,Aavin,60,52,8,3,SUP01,8500,1250,156,0,98,58,158,4,True,1,98,98,5880.0,3,0.0,0,60.0,784.0,0,1,30.2,2.9,0,1,0,1,2,0,8,35,1,96.0,110.0,99.0,99.85714285714286,102.64285714285714,13.359498137137887,0.58,0.6,100,3,4,0.0,0.0,0,726.0,723,1.0,HIGH,45,768,710,Current closing stock (58 units) is at or below reorder threshold (158 units) | Critically low days of inventory (0.6 days remaining based on 7-day trend) | 7-day forecasted demand (726 units) exceeds available stock (58 units) | Supplier replenishment lead time is relatively high (4 days),CRITICAL: Issue emergency purchase order immediately to prevent stockout
2026-08-27,S01,P101,Coimbatore,Supermarket,West,Dairy,Milk,Aavin,60,52,8,3,SUP01,8500,1250,207,2,103,106,190,3,True,1,103,103,6180.0,3,0.0,1,60.0,824.0,0,1,28.8,0.9,0,0,0,0,3,0,8,35,0,98.0,94.0,100.0,98.14285714285714,102.57142857142856,12.588732679511098,1.08,1.07,84,3,3,0.0,0.0,1,716.0,717,1.0,HIGH,36,753,645,Current closing stock (106 units) is at or below reorder threshold (190 units) | Critically low days of inventory (1.1 days remaining based on 7-day trend) | 7-day forecasted demand (716 units) exceeds available stock (106 units) | Supplier replenishment lead time is relatively high (3 days),CRITICAL: Issue emergency purchase order immediately to prevent stockout
2026-08-28,S01,P101,Coimbatore,Supermarket,West,Dairy,Milk,Aavin,60,52,8,3,SUP01,8500,1250,192,0,103,89,187,3,True,1,103,103,6180.0,3,0.0,0,60.0,824.0,0,1,29.2,1.8,0,0,0,0,4,0,8,35,0,103.0,78.0,100.0,99.42857142857144,102.78571428571428,12.554642472768702,0.9,0.86,98,3,3,0.0,0.0,0,714.0,715,1.0,HIGH,36,751,662,Current closing stock (89 units) is at or below reorder threshold (187 units) | Critically low days of inventory (0.9 days remaining based on 7-day trend) | 7-day forecasted demand (714 units) exceeds available stock (89 units) | Supplier replenishment lead time is relatively high (3 days),CRITICAL: Issue emergency purchase order immediately to prevent stockout
2026-08-29,S01,P101,Coimbatore,Supermarket,West,Dairy,Milk,Aavin,60,52,8,3,SUP01,8500,1250,230,0,121,109,195,1,True,1,121,121,7260.0,3,0.0,0,60.0,968.0,0,1,32.0,6.2,0,0,1,0,5,1,8,35,0,103.0,107.0,119.0,103.0,103.0,8.266397845091507,1.06,1.05,86,3,1,0.0,0.0,0,703.0,706,1.0,HIGH,14,720,611,Current closing stock (109 units) is at or below reorder threshold (195 units) | Critically low days of inventory (1.1 days remaining based on 7-day trend) | 7-day forecasted demand (703 units) exceeds available stock (109 units),CRITICAL: Issue emergency purchase order immediately to prevent stockout
2026-08-30,S01,P101,Coimbatore,Supermarket,West,Dairy,Milk,Aavin,60,52,8,3,SUP01,8500,1250,237,113,118,232,181,1,True,1,118,118,7080.0,3,0.0,0,60.0,944.0,0,0,30.5,0.0,0,0,1,1,6,1,8,35,0,121.0,119.0,117.0,105.0,103.14285714285714,10.723805294763617,2.21,1.9,-51,3,1,0.0,0.0,0,710.0,722,0.0,LOW,18,740,395,Critically low days of inventory (2.2 days remaining based on 7-day trend) | 7-day forecasted demand (710 units) exceeds available stock (232 units),CRITICAL: Issue emergency purchase order immediately to prevent stockout
2026-08-31,S01,P101,Coimbatore,Supermarket,West,Dairy,Milk,Aavin,60,52,8,3,SUP01,8500,1250,222,0,90,132,189,1,True,1,90,90,5400.0,3,0.0,0,60.0,720.0,0,1,27.7,6.1,0,0,0,0,0,0,8,36,0,118.0,95.0,92.0,104.85714285714286,103.21428571428572,10.51076545624488,1.26,1.11,57,3,1,0.0,0.0,0,734.0,729,1.0,HIGH,18,747,615,Current closing stock (132 units) is at or below reorder threshold (189 units) | Critically low days of inventory (1.3 days remaining based on 7-day trend) | 7-day forecasted demand (734 units) exceeds available stock (132 units),CRITICAL: Issue emergency purchase order immediately to prevent stockout
2026-09-01,S01,P101,Coimbatore,Supermarket,West,Dairy,Milk,Aavin,60,52,8,3,SUP01,8500,1250,237,0,112,125,163,2,True,1,112,112,6720.0,3,0.0,0,60.0,896.0,0,1,29.2,0.9,0,0,0,0,1,0,9,36,0,90.0,96.0,111.0,104.14285714285714,103.07142857142856,11.42261749671198,1.2,1.37,38,3,2,0.0,0.0,0,719.0,730,1.0,HIGH,27,757,632,Current closing stock (125 units) is at or below reorder threshold (163 units) | Critically low days of inventory (1.2 days remaining based on 7-day trend) | 7-day forecasted demand (719 units) exceeds available stock (125 units),CRITICAL: Issue emergency purchase order immediately to prevent stockout
2026-09-02,S01,P101,Coimbatore,Supermarket,West,Dairy,Milk,Aavin,60,52,8,3,SUP01,8500,1250,242,0,79,163,191,3,True,1,79,79,4740.0,3,0.0,0,60.0,632.0,0,1,27.9,10.2,0,0,0,0,2,0,9,36,0,112.0,98.0,110.0,106.42857142857144,103.14285714285714,11.118410300894988,1.53,1.44,28,3,3,0.0,0.0,0,764.0,754,1.0,HIGH,32,786,623,Current closing stock (163 units) is at or below reorder threshold (191 units) | Critically low days of inventory (1.5 days remaining based on 7-day trend) | 7-day forecasted demand (764 units) exceeds available stock (163 units) | Supplier replenishment lead time is relatively high (3 days),CRITICAL: Issue emergency purchase order immediately to prevent stockout
2026-09-03,S01,P101,Coimbatore,Supermarket,West,Dairy,Milk,Aavin,60,52,8,3,SUP01,8500,1250,226,0,93,133,174,1,True,1,93,93,5580.0,3,0.0,0,60.0,744.0,0,1,28.3,3.9,0,0,0,0,3,0,9,36,0,79.0,103.0,94.0,103.71428571428572,100.92857142857144,15.118578920369096,1.28,1.66,41,3,1,0.0,0.0,0,778.0,760,1.0,HIGH,25,785,652,Current closing stock (133 units) is at or below reorder threshold (174 units) | Critically low days of inventory (1.3 days remaining based on 7-day trend) | 7-day forecasted demand (778 units) exceeds available stock (133 units),CRITICAL: Issue emergency purchase order immediately to prevent stockout
2026-09-04,S01,P101,Coimbatore,Supermarket,West,Dairy,Milk,Aavin,60,52,8,3,SUP01,8500,1250,181,0,101,80,198,2,True,1,101,101,6060.0,3,0.0,0,60.0,808.0,0,1,26.1,14.8,0,0,0,0,4,0,9,36,0,93.0,103.0,78.0,102.28571428571428,100.85714285714286,15.660079668957485,0.78,0.85,118,3,2,0.0,0.0,0,766.0,736,1.0,HIGH,37,773,693,Current closing stock (80 units) is at or below reorder threshold (198 units) | Critically low days of inventory (0.8 days remaining based on 7-day trend) | 7-day forecasted demand (766 units) exceeds available stock (80 units),CRITICAL: Issue emergency purchase order immediately to prevent stockout
2026-09-05,S01,P101,Coimbatore,Supermarket,West,Dairy,Milk,Aavin,60,52,8,3,SUP01,8500,1250,201,0,110,91,168,2,True,1,110,110,6600.0,3,0.0,0,60.0,880.0,0,1,26.6,0.0,0,1,1,0,5,1,9,36,1,101.0,121.0,107.0,102.0,102.5,15.663120165960985,0.89,0.89,77,3,2,0.0,0.0,0,758.0,729,1.0,HIGH,37,766,675,Current closing stock (91 units) is at or below reorder threshold (168 units) | Critically low days of inventory (0.9 days remaining based on 7-day trend) | 7-day forecasted demand (758 units) exceeds available stock (91 units),CRITICAL: Issue emergency purchase order immediately to prevent stockout
2026-09-06,S01,P101,Coimbatore,Supermarket,West,Dairy,Milk,Aavin,60,52,8,3,SUP01,8500,1250,216,0,125,91,145,1,True,1,125,125,7500.0,3,0.0,1,60.0,1000.0,0,1,27.9,11.5,0,0,1,0,6,1,9,36,0,110.0,118.0,119.0,100.42857142857144,102.71428571428572,13.89073003669646,0.91,0.82,54,3,1,0.0,0.0,1,740.0,730,1.0,HIGH,23,753,662,Current closing stock (91 units) is at or below reorder threshold (145 units) | Critically low days of inventory (0.9 days remaining based on 7-day trend) | 7-day forecasted demand (740 units) exceeds available stock (91 units),CRITICAL: Issue emergency purchase order immediately to prevent stockout
2026-09-07,S01,P101,Coimbatore,Supermarket,West,Dairy,Milk,Aavin,60,52,8,3,SUP01,8500,1250,205,103,114,194,194,2,True,1,114,114,6840.0,3,0.0,0,60.0,912.0,0,1,28.9,8.0,0,0,0,0,0,0,9,37,0,125.0,90.0,95.0,101.42857142857144,103.14285714285714,15.522640914238185,1.91,1.54,0,3,2,0.0,0.0,0,716.0,743,1.0,HIGH,37,780,483,Current closing stock (194 units) is at or below reorder threshold (194 units) | Critically low days of inventory (1.9 days remaining based on 7-day trend) | 7-day forecasted demand (716 units) exceeds available stock (194 units),CRITICAL: Issue emergency purchase order immediately to prevent stockout
2026-09-08,S01,P101,Coimbatore,Supermarket,West,Dairy,Milk,Aavin,60,52,8,3,SUP01,8500,1250,163,0,97,66,157,1,True,1,97,97,5820.0,3,0.0,0,60.0,776.0,0,1,31.9,7.0,0,0,0,0,1,0,9,37,0,114.0,112.0,96.0,104.85714285714286,104.5,15.225292240529376,0.63,0.57,91,3,1,0.0,0.0,0,703.0,731,1.0,HIGH,26,757,691,Current closing stock (66 units) is at or below reorder threshold (157 units) | Critically low days of inventory (0.6 days remaining based on 7-day trend) | 7-day forecasted demand (703 units) exceeds available stock (66 units),CRITICAL: Issue emergency purchase order immediately to prevent stockout
2026-08-15,S01,P205,Coimbatore,Supermarket,West,Personal Care,Shampoo,GlowCare,120,79,41,730,SUP08,8500,1250,29,0,23,6,34,3,True,1,23,23,2760.0,3,0.0,0,120.0,943.0,0,1,28.6,0.4,1,0,1,1,5,1,8,33,0,20.0,22.0,26.0,19.142857142857142,20.071428571428573,2.9680841985233206,0.31,0.29,28,730,3,0.0,0.0,0,128.0,130,1.0,HIGH,9,139,133,Current closing stock (6 units) is at or below reorder threshold (34 units) | Critically low days of inventory (0.3 days remaining based on 7-day trend) | 7-day forecasted demand (128 units) exceeds available stock (6 units) | Supplier replenishment lead time is relatively high (3 days),CRITICAL: Issue emergency purchase order immediately to prevent stockout
2026-08-16,S01,P205,Coimbatore,Supermarket,West,Personal Care,Shampoo,GlowCare,120,79,41,730,SUP08,8500,1250,42,0,21,21,37,3,True,1,21,21,2520.0,3,0.0,0,120.0,861.0,0,1,26.9,7.1,0,0,1,0,6,1,8,33,0,23.0,24.0,19.0,19.285714285714285,19.857142857142858,3.147183169877774,1.09,0.88,16,730,3,0.0,0.0,0,128.0,130,1.0,HIGH,9,139,118,Current closing stock (21 units) is at or below reorder threshold (37 units) | Critically low days of inventory (1.1 days remaining based on 7-day trend) | 7-day forecasted demand (128 units) exceeds available stock (21 units) | Supplier replenishment lead time is relatively high (3 days),CRITICAL: Issue emergency purchase order immediately to prevent stockout
2026-08-17,S01,P205,Coimbatore,Supermarket,West,Personal Care,Shampoo,GlowCare,120,79,41,730,SUP08,8500,1250,28,19,16,31,38,3,True,1,16,16,1920.0,3,0.0,0,120.0,656.0,0,1,28.8,4.0,0,0,0,0,0,0,8,34,0,21.0,17.0,19.0,18.857142857142858,20.0,2.5448360411214104,1.64,1.41,7,730,3,0.0,0.0,0,129.0,134,1.0,HIGH,8,142,92,Current closing stock (31 units) is at or below reorder threshold (38 units) | Critically low days of inventory (1.6 days remaining based on 7-day trend) | 7-day forecasted demand (129 units) exceeds available stock (31 units) | Supplier replenishment lead time is relatively high (3 days),URGENT: Place purchase order within 24 hours to replenish stock
2026-08-18,S01,P205,Coimbatore,Supermarket,West,Personal Care,Shampoo,GlowCare,120,79,41,730,SUP08,8500,1250,32,0,16,16,33,3,True,1,16,16,1920.0,3,0.0,0,120.0,656.0,0,1,31.1,0.0,0,0,0,0,1,0,8,34,0,16.0,16.0,23.0,18.714285714285715,19.785714285714285,2.6903708365382006,0.85,0.94,17,730,3,0.0,0.0,0,132.0,133,1.0,HIGH,8,141,125,Current closing stock (16 units) is at or below reorder threshold (33 units) | Critically low days of inventory (0.8 days remaining based on 7-day trend) | 7-day forecasted demand (132 units) exceeds available stock (16 units) | Supplier replenishment lead time is relatively high (3 days),CRITICAL: Issue emergency purchase order immediately to prevent stockout
2026-08-19,S01,P205,Coimbatore,Supermarket,West,Personal Care,Shampoo,GlowCare,120,79,41,730,SUP08,8500,1250,32,0,19,13,32,3,True,1,19,19,2280.0,3,0.0,0,120.0,779.0,0,1,28.5,0.0,0,0,0,0,2,0,8,34,0,16.0,18.0,17.0,18.714285714285715,19.285714285714285,2.6903708365382006,0.69,0.76,19,730,3,0.0,0.0,0,133.0,134,1.0,HIGH,8,142,129,Current closing stock (13 units) is at or below reorder threshold (32 units) | Critically low days of inventory (0.7 days remaining based on 7-day trend) | 7-day forecasted demand (133 units) exceeds available stock (13 units) | Supplier replenishment lead time is relatively high (3 days),CRITICAL: Issue emergency purchase order immediately to prevent stockout
2026-08-20,S01,P205,Coimbatore,Supermarket,West,Personal Care,Shampoo,GlowCare,120,79,41,730,SUP08,8500,1250,32,5,19,18,33,1,True,1,19,19,2280.0,3,0.0,0,120.0,779.0,0,1,28.9,2.8,0,0,0,0,3,0,8,34,0,19.0,17.0,19.0,18.857142857142858,19.428571428571427,2.6726124191242473,0.95,0.9,15,730,1,0.0,0.0,0,137.0,136,1.0,HIGH,5,141,118,Current closing stock (18 units) is at or below reorder threshold (33 units) | Critically low days of inventory (0.9 days remaining based on 7-day trend) | 7-day forecasted demand (137 units) exceeds available stock (18 units),CRITICAL: Issue emergency purchase order immediately to prevent stockout
2026-08-21,S01,P205,Coimbatore,Supermarket,West,Personal Care,Shampoo,GlowCare,120,79,41,730,SUP08,8500,1250,44,0,19,25,29,3,True,1,19,19,2280.0,3,0.0,0,120.0,779.0,0,1,31.5,11.8,0,0,0,1,4,0,8,34,0,19.0,20.0,24.0,19.142857142857142,19.428571428571427,2.5448360411214095,1.31,1.25,4,730,3,0.0,0.0,0,140.0,139,1.0,HIGH,8,147,122,Current closing stock (25 units) is at or below reorder threshold (29 units) | Critically low days of inventory (1.3 days remaining based on 7-day trend) | 7-day forecasted demand (140 units) exceeds available stock (25 units) | Supplier replenishment lead time is relatively high (3 days),CRITICAL: Issue emergency purchase order immediately to prevent stockout
2026-08-22,S01,P205,Coimbatore,Supermarket,West,Personal Care,Shampoo,GlowCare,120,79,41,730,SUP08,8500,1250,34,0,18,16,30,2,True,1,18,18,2160.0,3,0.0,0,120.0,738.0,0,1,28.5,0.0,0,0,1,0,5,1,8,34,0,19.0,23.0,22.0,19.0,19.071428571428573,2.516611478423586,0.84,0.8,14,730,2,0.0,0.0,0,141.0,140,1.0,HIGH,6,146,130,Current closing stock (16 units) is at or below reorder threshold (30 units) | Critically low days of inventory (0.8 days remaining based on 7-day trend) | 7-day forecasted demand (141 units) exceeds available stock (16 units),CRITICAL: Issue emergency purchase order immediately to prevent stockout
2026-08-23,S01,P205,Coimbatore,Supermarket,West,Personal Care,Shampoo,GlowCare,120,79,41,730,SUP08,8500,1250,41,0,21,20,28,3,True,1,21,21,2520.0,3,0.0,0,120.0,861.0,0,1,28.5,1.2,0,0,1,0,6,1,8,34,0,18.0,21.0,24.0,18.285714285714285,18.785714285714285,1.7994708216848825,1.09,1.05,8,730,3,0.0,0.0,0,142.0,141,1.0,HIGH,6,147,127,Current closing stock (20 units) is at or below reorder threshold (28 units) | Critically low days of inventory (1.1 days remaining based on 7-day trend) | 7-day forecasted demand (142 units) exceeds available stock (20 units) | Supplier replenishment lead time is relatively high (3 days),CRITICAL: Issue emergency purchase order immediately to prevent stockout
2026-08-24,S01,P205,Coimbatore,Supermarket,West,Personal Care,Shampoo,GlowCare,120,79,41,730,SUP08,8500,1250,48,20,17,51,28,3,True,1,17,17,2040.0,3,0.0,0,120.0,697.0,0,0,30.6,5.8,0,0,0,0,0,0,8,35,0,21.0,16.0,17.0,18.285714285714285,18.571428571428573,1.7994708216848825,2.79,2.32,-23,730,3,0.0,0.0,0,142.0,142,0.0,LOW,6,148,77,Critically low days of inventory (2.8 days remaining based on 7-day trend) | 7-day forecasted demand (142 units) exceeds available stock (51 units) | Supplier replenishment lead time is relatively high (3 days),URGENT: Place purchase order within 24 hours to replenish stock
2026-08-25,S01,P205,Coimbatore,Supermarket,West,Personal Care,Shampoo,GlowCare,120,79,41,730,SUP08,8500,1250,44,2,19,27,34,2,True,1,19,19,2280.0,3,0.0,0,120.0,779.0,0,1,27.7,3.2,0,1,0,0,1,0,8,35,1,17.0,16.0,16.0,18.428571428571427,18.571428571428573,1.6183471874253814,1.47,1.5,7,730,2,0.0,0.0,0,146.0,144,1.0,HIGH,4,148,119,Current closing stock (27 units) is at or below reorder threshold (34 units) | Critically low days of inventory (1.5 days remaining based on 7-day trend) | 7-day forecasted demand (146 units) exceeds available stock (27 units),CRITICAL: Issue emergency purchase order immediately to prevent stockout
2026-08-26,S01,P205,Coimbatore,Supermarket,West,Personal Care,Shampoo,GlowCare,120,79,41,730,SUP08,8500,1250,30,19,20,29,29,4,True,1,20,20,2400.0,3,0.0,0,120.0,820.0,0,1,30.2,2.9,0,1,0,1,2,0,8,35,1,19.0,19.0,18.0,18.857142857142858,18.785714285714285,1.214985792587918,1.54,1.45,0,730,4,0.0,0.0,0,144.0,143,1.0,HIGH,5,148,100,Current closing stock (29 units) is at or below reorder threshold (29 units) | Critically low days of inventory (1.5 days remaining based on 7-day trend) | 7-day forecasted demand (144 units) exceeds available stock (29 units) | Supplier replenishment lead time is relatively high (4 days),URGENT: Place purchase order within 24 hours to replenish stock
2026-08-27,S01,P205,Coimbatore,Supermarket,West,Personal Care,Shampoo,GlowCare,120,79,41,730,SUP08,8500,1250,29,11,23,17,34,2,True,1,23,23,2346.0,3,15.0,1,102.0,529.0,0,1,28.8,0.9,0,0,0,0,3,0,8,35,0,20.0,19.0,17.0,19.0,18.928571428571427,1.2909944487358105,0.89,0.81,17,730,2,15.0,18.0,1,140.0,140,1.0,HIGH,4,144,116,Current closing stock (17 units) is at or below reorder threshold (34 units) | Critically low days of inventory (0.9 days remaining based on 7-day trend) | 7-day forecasted demand (140 units) exceeds available stock (17 units),CRITICAL: Issue emergency purchase order immediately to prevent stockout
2026-08-28,S01,P205,Coimbatore,Supermarket,West,Personal Care,Shampoo,GlowCare,120,79,41,730,SUP08,8500,1250,35,0,22,13,30,2,True,1,22,22,2508.0,3,5.0,1,114.0,770.0,0,1,29.2,1.8,0,0,0,0,4,0,8,35,0,23.0,19.0,20.0,19.571428571428573,19.357142857142858,1.9880595947760111,0.66,0.54,17,730,2,5.0,6.0,1,136.0,139,1.0,HIGH,5,144,131,Current closing stock (13 units) is at or below reorder threshold (30 units) | Critically low days of inventory (0.7 days remaining based on 7-day trend) | 7-day forecasted demand (136 units) exceeds available stock (13 units),CRITICAL: Issue emergency purchase order immediately to prevent stockout
2026-08-29,S01,P205,Coimbatore,Supermarket,West,Personal Care,Shampoo,GlowCare,120,79,41,730,SUP08,8500,1250,35,0,19,16,31,2,True,1,19,19,2280.0,3,0.0,0,120.0,779.0,0,1,32.0,6.2,0,0,1,0,5,1,8,35,0,22.0,18.0,23.0,20.0,19.5,2.160246899469287,0.8,0.7,15,730,2,0.0,0.0,0,140.0,140,1.0,HIGH,6,146,130,Current closing stock (16 units) is at or below reorder threshold (31 units) | Critically low days of inventory (0.8 days remaining based on 7-day trend) | 7-day forecasted demand (140 units) exceeds available stock (16 units),CRITICAL: Issue emergency purchase order immediately to prevent stockout
2026-08-30,S01,P205,Coimbatore,Supermarket,West,Personal Care,Shampoo,GlowCare,120,79,41,730,SUP08,8500,1250,33,10,22,21,30,3,True,1,22,22,2640.0,3,0.0,1,120.0,902.0,0,1,30.5,0.0,0,0,1,1,6,1,8,35,0,19.0,21.0,21.0,20.142857142857142,19.214285714285715,2.0354009783964297,1.04,1.05,9,730,3,0.0,0.0,1,143.0,142,1.0,HIGH,6,148,117,Current closing stock (21 units) is at or below reorder threshold (30 units) | Critically low days of inventory (1.0 days remaining based on 7-day trend) | 7-day forecasted demand (143 units) exceeds available stock (21 units) | Supplier replenishment lead time is relatively high (3 days),CRITICAL: Issue emergency purchase order immediately to prevent stockout
2026-08-31,S01,P205,Coimbatore,Supermarket,West,Personal Care,Shampoo,GlowCare,120,79,41,730,SUP08,8500,1250,47,0,17,30,34,1,True,1,17,17,2040.0,3,0.0,0,120.0,697.0,0,1,27.7,6.1,0,0,0,0,0,0,8,36,0,22.0,17.0,16.0,20.285714285714285,19.285714285714285,2.1380899352993947,1.48,1.3,4,730,1,0.0,0.0,0,145.0,144,1.0,HIGH,4,148,118,Current closing stock (30 units) is at or below reorder threshold (34 units) | Critically low days of inventory (1.5 days remaining based on 7-day trend) | 7-day forecasted demand (145 units) exceeds available stock (30 units),CRITICAL: Issue emergency purchase order immediately to prevent stockout
2026-09-01,S01,P205,Coimbatore,Supermarket,West,Personal Care,Shampoo,GlowCare,120,79,41,730,SUP08,8500,1250,46,0,23,23,30,1,True,1,23,23,2760.0,3,0.0,0,120.0,943.0,0,1,29.2,0.9,0,0,0,0,1,0,9,36,0,17.0,19.0,16.0,20.285714285714285,19.357142857142858,2.1380899352993947,1.13,1.28,7,730,1,0.0,0.0,0,142.0,143,1.0,HIGH,4,147,124,Current closing stock (23 units) is at or below reorder threshold (30 units) | Critically low days of inventory (1.1 days remaining based on 7-day trend) | 7-day forecasted demand (142 units) exceeds available stock (23 units),CRITICAL: Issue emergency purchase order immediately to prevent stockout
2026-09-02,S01,P205,Coimbatore,Supermarket,West,Personal Care,Shampoo,GlowCare,120,79,41,730,SUP08,8500,1250,43,1,18,26,38,4,True,1,18,18,2160.0,3,0.0,1,120.0,738.0,0,1,27.9,10.2,0,0,0,0,2,0,9,36,0,23.0,20.0,19.0,20.857142857142858,19.857142857142858,2.267786838055362,1.25,1.08,12,730,4,0.0,0.0,1,143.0,141,1.0,HIGH,8,149,122,Current closing stock (26 units) is at or below reorder threshold (38 units) | Critically low days of inventory (1.2 days remaining based on 7-day trend) | 7-day forecasted demand (143 units) exceeds available stock (26 units) | Supplier replenishment lead time is relatively high (4 days),CRITICAL: Issue emergency purchase order immediately to prevent stockout
2026-09-03,S01,P205,Coimbatore,Supermarket,West,Personal Care,Shampoo,GlowCare,120,79,41,730,SUP08,8500,1250,31,0,19,12,37,4,True,1,19,19,2280.0,3,0.0,0,120.0,779.0,0,1,28.3,3.9,0,0,0,0,3,0,9,36,0,18.0,23.0,19.0,20.571428571428573,19.785714285714285,2.507132682112034,0.58,0.63,25,730,4,0.0,0.0,0,143.0,140,1.0,HIGH,9,149,137,Current closing stock (12 units) is at or below reorder threshold (37 units) | Critically low days of inventory (0.6 days remaining based on 7-day trend) | 7-day forecasted demand (143 units) exceeds available stock (12 units) | Supplier replenishment lead time is relatively high (4 days),CRITICAL: Issue emergency purchase order immediately to prevent stockout
2026-09-04,S01,P205,Coimbatore,Supermarket,West,Personal Care,Shampoo,GlowCare,120,79,41,730,SUP08,8500,1250,50,0,18,32,36,2,True,1,18,18,2160.0,3,0.0,0,120.0,738.0,0,1,26.1,14.8,0,0,0,0,4,0,9,36,0,19.0,22.0,19.0,20.0,19.785714285714285,2.3094010767585025,1.6,1.6,4,730,2,0.0,0.0,0,143.0,143,1.0,HIGH,6,149,117,Current closing stock (32 units) is at or below reorder threshold (36 units) | Critically low days of inventory (1.6 days remaining based on 7-day trend) | 7-day forecasted demand (143 units) exceeds available stock (32 units),CRITICAL: Issue emergency purchase order immediately to prevent stockout
2026-09-05,S01,P205,Coimbatore,Supermarket,West,Personal Care,Shampoo,GlowCare,120,79,41,730,SUP08,8500,1250,31,18,23,26,38,2,True,1,23,23,2760.0,3,0.0,0,120.0,943.0,0,1,26.6,0.0,0,1,1,0,5,1,9,36,1,18.0,19.0,18.0,19.428571428571427,19.714285714285715,2.225394561056747,1.34,1.37,12,730,2,0.0,0.0,0,139.0,143,1.0,HIGH,6,149,105,Current closing stock (26 units) is at or below reorder threshold (38 units) | Critically low days of inventory (1.3 days remaining based on 7-day trend) | 7-day forecasted demand (139 units) exceeds available stock (26 units),CRITICAL: Issue emergency purchase order immediately to prevent stockout
2026-09-06,S01,P205,Coimbatore,Supermarket,West,Personal Care,Shampoo,GlowCare,120,79,41,730,SUP08,8500,1250,43,3,25,21,32,3,True,1,25,25,2700.0,3,10.0,1,108.0,725.0,0,1,27.9,11.5,0,0,1,0,6,1,9,36,0,23.0,22.0,21.0,20.0,20.071428571428573,2.5819888974716103,1.05,0.88,11,730,3,10.0,12.0,1,137.0,135,1.0,HIGH,8,143,119,Current closing stock (21 units) is at or below reorder threshold (32 units) | Critically low days of inventory (1.1 days remaining based on 7-day trend) | 7-day forecasted demand (137 units) exceeds available stock (21 units) | Supplier replenishment lead time is relatively high (3 days),CRITICAL: Issue emergency purchase order immediately to prevent stockout
2026-09-07,S01,P205,Coimbatore,Supermarket,West,Personal Care,Shampoo,GlowCare,120,79,41,730,SUP08,8500,1250,42,0,19,23,38,2,True,1,19,19,2280.0,3,0.0,0,120.0,779.0,0,1,28.9,8.0,0,0,0,0,0,0,9,37,0,25.0,17.0,17.0,20.428571428571427,20.357142857142858,3.1547394428670237,1.13,0.88,15,730,2,0.0,0.0,0,135.0,131,1.0,HIGH,8,139,116,Current closing stock (23 units) is at or below reorder threshold (38 units) | Critically low days of inventory (1.1 days remaining based on 7-day trend) | 7-day forecasted demand (135 units) exceeds available stock (23 units),CRITICAL: Issue emergency purchase order immediately to prevent stockout
2026-09-08,S01,P205,Coimbatore,Supermarket,West,Personal Care,Shampoo,GlowCare,120,79,41,730,SUP08,8500,1250,45,19,20,44,27,4,True,1,20,20,2160.0,3,10.0,1,108.0,580.0,0,0,31.9,7.0,0,0,0,0,1,0,9,37,0,19.0,23.0,19.0,20.714285714285715,20.5,2.870208222079928,2.12,2.2,-17,730,4,10.0,12.0,1,134.0,133,0.0,LOW,10,143,80,Critically low days of inventory (2.1 days remaining based on 7-day trend) | 7-day forecasted demand (134 units) exceeds available stock (44 units) | Supplier replenishment lead time is relatively high (4 days),URGENT: Place purchase order within 24 hours to replenish stock
2026-08-15,S01,P330,Coimbatore,Supermarket,West,Beverages,Soft Drink,FizzUp,50,31,19,180,SUP04,8500,1250,310,0,148,162,260,3,True,1,148,148,7400.0,3,0.0,0,50.0,2812.0,0,1,28.6,0.4,1,0,1,1,5,1,8,33,0,127.0,118.0,145.0,129.0,129.64285714285714,16.11417595369576,1.26,1.27,98,180,3,0.0,0.0,0,893.0,912,1.0,HIGH,47,959,797,Current closing stock (162 units) is at or below reorder threshold (260 units) | Critically low days of inventory (1.3 days remaining based on 7-day trend) | 7-day forecasted demand (893 units) exceeds available stock (162 units) | Supplier replenishment lead time is relatively high (3 days),CRITICAL: Issue emergency purchase order immediately to prevent stockout
2026-08-16,S01,P330,Coimbatore,Supermarket,West,Beverages,Soft Drink,FizzUp,50,31,19,180,SUP04,8500,1250,223,48,105,166,251,2,True,1,105,105,5250.0,3,0.0,0,50.0,1995.0,0,1,26.9,7.1,0,0,1,0,6,1,8,33,0,148.0,146.0,157.0,133.28571428571428,129.85714285714286,16.680470474123165,1.25,1.11,85,180,2,0.0,0.0,0,935.0,929,1.0,HIGH,39,968,754,Current closing stock (166 units) is at or below reorder threshold (251 units) | Critically low days of inventory (1.2 days remaining based on 7-day trend) | 7-day forecasted demand (935 units) exceeds available stock (166 units),CRITICAL: Issue emergency purchase order immediately to prevent stockout
2026-08-17,S01,P330,Coimbatore,Supermarket,West,Beverages,Soft Drink,FizzUp,50,31,19,180,SUP04,8500,1250,227,91,140,178,213,3,True,1,140,140,7000.0,3,0.0,1,50.0,2660.0,0,1,28.8,4.0,0,0,0,0,0,0,8,34,0,105.0,121.0,122.0,127.42857142857144,126.14285714285714,18.56391789518171,1.4,1.68,35,180,3,0.0,0.0,1,964.0,947,0.4242,MEDIUM,54,1001,732,Current closing stock (178 units) is at or below reorder threshold (213 units) | Critically low days of inventory (1.4 days remaining based on 7-day trend) | 7-day forecasted demand (964 units) exceeds available stock (178 units) | Supplier replenishment lead time is relatively high (3 days),CRITICAL: Issue emergency purchase order immediately to prevent stockout
2026-08-18,S01,P330,Coimbatore,Supermarket,West,Beverages,Soft Drink,FizzUp,50,31,19,180,SUP04,8500,1250,325,0,133,192,202,2,True,1,133,133,6650.0,3,0.0,0,50.0,2527.0,0,1,31.1,0.0,0,0,0,0,1,0,8,34,0,140.0,119.0,135.0,130.14285714285714,127.42857142857144,18.854076229722583,1.48,1.36,10,180,2,0.0,0.0,0,978.0,973,1.0,HIGH,44,1017,825,Current closing stock (192 units) is at or below reorder threshold (202 units) | Critically low days of inventory (1.5 days remaining based on 7-day trend) | 7-day forecasted demand (978 units) exceeds available stock (192 units),CRITICAL: Issue emergency purchase order immediately to prevent stockout
2026-08-19,S01,P330,Coimbatore,Supermarket,West,Beverages,Soft Drink,FizzUp,50,31,19,180,SUP04,8500,1250,281,0,113,168,236,2,True,1,113,113,5650.0,3,0.0,0,50.0,2147.0,0,1,28.5,0.0,0,0,0,0,2,0,8,34,0,133.0,115.0,130.0,132.14285714285714,127.28571428571428,18.206487593058416,1.27,1.25,68,180,2,0.0,0.0,0,979.0,966,1.0,HIGH,43,1009,841,Current closing stock (168 units) is at or below reorder threshold (236 units) | Critically low days of inventory (1.3 days remaining based on 7-day trend) | 7-day forecasted demand (979 units) exceeds available stock (168 units),CRITICAL: Issue emergency purchase order immediately to prevent stockout
2026-08-20,S01,P330,Coimbatore,Supermarket,West,Beverages,Soft Drink,FizzUp,50,31,19,180,SUP04,8500,1250,307,0,132,175,251,4,True,1,132,132,6600.0,3,0.0,0,50.0,2508.0,0,1,28.9,2.8,0,0,0,0,3,0,8,34,0,113.0,157.0,101.0,131.85714285714286,126.07142857142856,18.533110652995894,1.33,1.54,76,180,4,0.0,0.0,0,961.0,942,1.0,HIGH,62,1004,829,Current closing stock (175 units) is at or below reorder threshold (251 units) | Critically low days of inventory (1.3 days remaining based on 7-day trend) | 7-day forecasted demand (961 units) exceeds available stock (175 units) | Supplier replenishment lead time is relatively high (4 days),CRITICAL: Issue emergency purchase order immediately to prevent stockout
2026-08-21,S01,P330,Coimbatore,Supermarket,West,Beverages,Soft Drink,FizzUp,50,31,19,180,SUP04,8500,1250,290,69,119,240,190,4,True,1,119,119,5950.0,3,0.0,0,50.0,2261.0,0,0,31.5,11.8,0,0,0,1,4,0,8,34,0,132.0,127.0,122.0,128.28571428571428,128.28571428571428,14.941154414505435,1.87,1.8,-50,180,4,0.0,0.0,0,977.0,971,0.0,LOW,50,1021,712,Critically low days of inventory (1.9 days remaining based on 7-day trend) | 7-day forecasted demand (977 units) exceeds available stock (240 units) | Supplier replenishment lead time is relatively high (4 days),CRITICAL: Issue emergency purchase order immediately to prevent stockout
2026-08-22,S01,P330,Coimbatore,Supermarket,West,Beverages,Soft Drink,FizzUp,50,31,19,180,SUP04,8500,1250,274,0,151,123,242,2,True,1,151,151,7550.0,3,0.0,0,50.0,2869.0,0,1,28.5,0.0,0,0,1,0,5,1,8,34,0,119.0,148.0,118.0,127.14285714285714,128.07142857142858,15.356090772378368,0.97,1.02,119,180,2,0.0,0.0,0,942.0,940,1.0,HIGH,36,976,853,Current closing stock (123 units) is at or below reorder threshold (242 units) | Critically low days of inventory (1.0 days remaining based on 7-day trend) | 7-day forecasted demand (942 units) exceeds available stock (123 units),CRITICAL: Issue emergency purchase order immediately to prevent stockout
2026-08-23,S01,P330,Coimbatore,Supermarket,West,Beverages,Soft Drink,FizzUp,50,31,19,180,SUP04,8500,1250,227,0,147,80,210,4,True,1,147,147,7350.0,3,0.0,0,50.0,2793.0,0,1,28.5,1.2,0,0,1,0,6,1,8,34,0,151.0,105.0,146.0,127.57142857142856,130.42857142857142,16.060896019599316,0.63,0.53,130,180,4,0.0,0.0,0,930.0,920,1.0,HIGH,54,974,894,Current closing stock (80 units) is at or below reorder threshold (210 units) | Critically low days of inventory (0.6 days remaining based on 7-day trend) | 7-day forecasted demand (930 units) exceeds available stock (80 units) | Supplier replenishment lead time is relatively high (4 days),CRITICAL: Issue emergency purchase order immediately to prevent stockout
2026-08-24,S01,P330,Coimbatore,Supermarket,West,Beverages,Soft Drink,FizzUp,50,31,19,180,SUP04,8500,1250,260,66,169,157,217,1,True,1,169,169,7605.0,3,10.0,1,45.0,2366.0,0,1,30.6,5.8,0,0,0,0,0,0,8,35,0,147.0,140.0,121.0,133.57142857142858,130.5,13.926678748085637,1.18,1.06,60,180,1,10.0,5.0,1,885.0,892,1.0,HIGH,23,915,692,Current closing stock (157 units) is at or below reorder threshold (217 units) | Critically low days of inventory (1.2 days remaining based on 7-day trend) | 7-day forecasted demand (885 units) exceeds available stock (157 units),CRITICAL: Issue emergency purchase order immediately to prevent stockout
2026-08-25,S01,P330,Coimbatore,Supermarket,West,Beverages,Soft Drink,FizzUp,50,31,19,180,SUP04,8500,1250,305,0,147,158,204,3,True,1,147,147,7350.0,3,0.0,0,50.0,2793.0,0,1,27.7,3.2,0,1,0,0,1,0,8,35,1,169.0,133.0,119.0,137.71428571428572,133.92857142857142,19.396857870234903,1.15,0.93,46,180,3,0.0,0.0,0,867.0,880,1.0,HIGH,56,936,778,Current closing stock (158 units) is at or below reorder threshold (204 units) | Critically low days of inventory (1.1 days remaining based on 7-day trend) | 7-day forecasted demand (867 units) exceeds available stock (158 units) | Supplier replenishment lead time is relatively high (3 days),CRITICAL: Issue emergency purchase order immediately to prevent stockout
2026-08-26,S01,P330,Coimbatore,Supermarket,West,Beverages,Soft Drink,FizzUp,50,31,19,180,SUP04,8500,1250,196,81,114,163,227,2,True,1,114,114,5700.0,3,0.0,0,50.0,2166.0,0,1,30.2,2.9,0,1,0,1,2,0,8,35,1,147.0,113.0,115.0,139.71428571428572,135.92857142857142,19.550910342950615,1.17,1.1,64,180,2,0.0,0.0,0,876.0,882,1.0,HIGH,46,928,684,Current closing stock (163 units) is at or below reorder threshold (227 units) | Critically low days of inventory (1.2 days remaining based on 7-day trend) | 7-day forecasted demand (876 units) exceeds available stock (163 units),CRITICAL: Issue emergency purchase order immediately to prevent stockout
2026-08-27,S01,P330,Coimbatore,Supermarket,West,Beverages,Soft Drink,FizzUp,50,31,19,180,SUP04,8500,1250,191,0,114,77,244,3,True,1,114,114,5700.0,3,0.0,0,50.0,2166.0,0,1,28.8,0.9,0,0,0,0,3,0,8,35,0,114.0,132.0,157.0,139.85714285714286,135.85714285714286,19.32553208778968,0.55,0.67,167,180,3,0.0,0.0,0,890.0,887,1.0,HIGH,56,943,866,Current closing stock (77 units) is at or below reorder threshold (244 units) | Critically low days of inventory (0.6 days remaining based on 7-day trend) | 7-day forecasted demand (890 units) exceeds available stock (77 units) | Supplier replenishment lead time is relatively high (3 days),CRITICAL: Issue emergency purchase order immediately to prevent stockout
2026-08-28,S01,P330,Coimbatore,Supermarket,West,Beverages,Soft Drink,FizzUp,50,31,19,180,SUP04,8500,1250,214,1,135,80,192,4,True,1,135,135,6075.0,3,10.0,1,45.0,1890.0,0,1,29.2,1.8,0,0,0,0,4,0,8,35,0,114.0,119.0,127.0,137.28571428571428,132.78571428571428,21.607979125886818,0.58,0.7,112,180,4,10.0,5.0,1,884.0,884,1.0,HIGH,72,956,875,Current closing stock (80 units) is at or below reorder threshold (192 units) | Critically low days of inventory (0.6 days remaining based on 7-day trend) | 7-day forecasted demand (884 units) exceeds available stock (80 units) | Supplier replenishment lead time is relatively high (4 days),CRITICAL: Issue emergency purchase order immediately to prevent stockout
2026-08-29,S01,P330,Coimbatore,Supermarket,West,Beverages,Soft Drink,FizzUp,50,31,19,180,SUP04,8500,1250,280,0,116,164,204,1,True,1,116,116,5800.0,3,0.0,0,50.0,2204.0,0,1,32.0,6.2,0,0,1,0,5,1,8,35,0,135.0,151.0,148.0,139.57142857142858,133.35714285714286,20.148259998133316,1.18,1.21,40,180,1,0.0,0.0,0,913.0,907,1.0,HIGH,34,941,777,Current closing stock (164 units) is at or below reorder threshold (204 units) | Critically low days of inventory (1.2 days remaining based on 7-day trend) | 7-day forecasted demand (913 units) exceeds available stock (164 units),CRITICAL: Issue emergency purchase order immediately to prevent stockout
2026-08-30,S01,P330,Coimbatore,Supermarket,West,Beverages,Soft Drink,FizzUp,50,31,19,180,SUP04,8500,1250,259,95,135,219,227,1,True,1,135,135,6750.0,3,0.0,0,50.0,2565.0,0,1,30.5,0.0,0,0,1,1,6,1,8,35,0,116.0,147.0,105.0,134.57142857142858,131.07142857142858,21.15700942049813,1.63,1.87,8,180,1,0.0,0.0,0,908.0,917,0.4242,MEDIUM,35,952,638,Current closing stock (219 units) is at or below reorder threshold (227 units) | Critically low days of inventory (1.6 days remaining based on 7-day trend) | 7-day forecasted demand (908 units) exceeds available stock (219 units),CRITICAL: Issue emergency purchase order immediately to prevent stockout
2026-08-31,S01,P330,Coimbatore,Supermarket,West,Beverages,Soft Drink,FizzUp,50,31,19,180,SUP04,8500,1250,225,0,124,101,205,3,True,1,124,124,6200.0,3,0.0,0,50.0,2356.0,0,1,27.7,6.1,0,0,0,0,0,0,8,36,0,135.0,169.0,140.0,132.85714285714286,133.21428571428572,20.456690604205505,0.76,0.74,104,180,3,0.0,0.0,0,891.0,888,1.0,HIGH,59,947,846,Current closing stock (101 units) is at or below reorder threshold (205 units) | Critically low days of inventory (0.8 days remaining based on 7-day trend) | 7-day forecasted demand (891 units) exceeds available stock (101 units) | Supplier replenishment lead time is relatively high (3 days),CRITICAL: Issue emergency purchase order immediately to prevent stockout
2026-09-01,S01,P330,Coimbatore,Supermarket,West,Beverages,Soft Drink,FizzUp,50,31,19,180,SUP04,8500,1250,230,0,129,101,203,2,True,1,129,129,6450.0,3,0.0,0,50.0,2451.0,0,1,29.2,0.9,0,0,0,0,1,0,9,36,0,124.0,147.0,133.0,126.42857142857144,132.07142857142858,12.869306415617272,0.8,0.81,102,180,2,0.0,0.0,0,861.0,867,1.0,HIGH,31,898,797,Current closing stock (101 units) is at or below reorder threshold (203 units) | Critically low days of inventory (0.8 days remaining based on 7-day trend) | 7-day forecasted demand (861 units) exceeds available stock (101 units),CRITICAL: Issue emergency purchase order immediately to prevent stockout
2026-09-02,S01,P330,Coimbatore,Supermarket,West,Beverages,Soft Drink,FizzUp,50,31,19,180,SUP04,8500,1250,234,0,123,111,254,4,True,1,123,123,6150.0,3,0.0,0,50.0,2337.0,0,1,27.9,10.2,0,0,0,0,2,0,9,36,0,129.0,114.0,113.0,123.85714285714286,131.78571428571428,9.406178314075866,0.9,0.85,143,180,4,0.0,0.0,0,848.0,856,1.0,HIGH,32,888,777,Current closing stock (111 units) is at or below reorder threshold (254 units) | Critically low days of inventory (0.9 days remaining based on 7-day trend) | 7-day forecasted demand (848 units) exceeds available stock (111 units) | Supplier replenishment lead time is relatively high (4 days),CRITICAL: Issue emergency purchase order immediately to prevent stockout
2026-09-03,S01,P330,Coimbatore,Supermarket,West,Beverages,Soft Drink,FizzUp,50,31,19,180,SUP04,8500,1250,214,0,128,86,263,4,True,1,128,128,6400.0,3,0.0,0,50.0,2432.0,0,1,28.3,3.9,0,0,0,0,3,0,9,36,0,123.0,114.0,132.0,125.14285714285714,132.5,8.395009855633935,0.69,0.69,177,180,4,0.0,0.0,0,860.0,863,1.0,HIGH,28,891,805,Current closing stock (86 units) is at or below reorder threshold (263 units) | Critically low days of inventory (0.7 days remaining based on 7-day trend) | 7-day forecasted demand (860 units) exceeds available stock (86 units) | Supplier replenishment lead time is relatively high (4 days),CRITICAL: Issue emergency purchase order immediately to prevent stockout
2026-09-04,S01,P330,Coimbatore,Supermarket,West,Beverages,Soft Drink,FizzUp,50,31,19,180,SUP04,8500,1250,288,135,129,294,182,2,True,1,129,129,5805.0,3,10.0,1,45.0,1806.0,0,0,26.1,14.8,0,0,0,0,4,0,9,36,0,128.0,135.0,119.0,127.14285714285714,132.21428571428572,6.817344825970782,2.31,2.28,-112,180,2,10.0,5.0,1,846.0,893,0.0,LOW,16,909,480,Critically low days of inventory (2.3 days remaining based on 7-day trend) | 7-day forecasted demand (846 units) exceeds available stock (294 units),CRITICAL: Issue emergency purchase order immediately to prevent stockout
2026-09-05,S01,P330,Coimbatore,Supermarket,West,Beverages,Soft Drink,FizzUp,50,31,19,180,SUP04,8500,1250,207,0,145,62,208,4,True,1,145,145,7250.0,3,0.0,0,50.0,2755.0,0,1,26.6,0.0,0,1,1,0,5,1,9,36,1,129.0,116.0,151.0,126.28571428571428,132.92857142857142,5.992058236095687,0.49,0.48,146,180,4,0.0,0.0,0,839.0,879,1.0,HIGH,20,899,837,Current closing stock (62 units) is at or below reorder threshold (208 units) | Critically low days of inventory (0.5 days remaining based on 7-day trend) | 7-day forecasted demand (839 units) exceeds available stock (62 units) | Supplier replenishment lead time is relatively high (4 days),CRITICAL: Issue emergency purchase order immediately to prevent stockout
2026-09-06,S01,P330,Coimbatore,Supermarket,West,Beverages,Soft Drink,FizzUp,50,31,19,180,SUP04,8500,1250,275,0,130,145,193,1,True,1,130,130,6500.0,3,0.0,0,50.0,2470.0,0,1,27.9,11.5,0,0,1,0,6,1,9,36,0,145.0,135.0,147.0,130.42857142857142,132.5,7.524562952028988,1.11,0.99,48,180,1,0.0,0.0,0,852.0,894,1.0,HIGH,13,907,762,Current closing stock (145 units) is at or below reorder threshold (193 units) | Critically low days of inventory (1.1 days remaining based on 7-day trend) | 7-day forecasted demand (852 units) exceeds available stock (145 units),CRITICAL: Issue emergency purchase order immediately to prevent stockout
2026-09-07,S01,P330,Coimbatore,Supermarket,West,Beverages,Soft Drink,FizzUp,50,31,19,180,SUP04,8500,1250,191,31,107,115,199,3,True,1,107,107,5350.0,3,0.0,0,50.0,2033.0,0,1,28.9,8.0,0,0,0,0,0,0,9,37,0,130.0,124.0,169.0,129.71428571428572,131.28571428571428,7.250615737399704,0.89,0.88,84,180,3,0.0,0.0,0,852.0,876,1.0,HIGH,21,897,751,Current closing stock (115 units) is at or below reorder threshold (199 units) | Critically low days of inventory (0.9 days remaining based on 7-day trend) | 7-day forecasted demand (852 units) exceeds available stock (115 units) | Supplier replenishment lead time is relatively high (3 days),CRITICAL: Issue emergency purchase order immediately to prevent stockout
2026-09-08,S01,P330,Coimbatore,Supermarket,West,Beverages,Soft Drink,FizzUp,50,31,19,180,SUP04,8500,1250,235,0,99,136,263,4,True,1,99,99,4950.0,3,0.0,0,50.0,1881.0,0,1,31.9,7.0,0,0,0,0,1,0,9,37,0,107.0,129.0,147.0,127.28571428571428,126.85714285714286,11.235572759681425,1.07,1.26,127,180,4,0.0,0.0,0,869.0,921,1.0,HIGH,38,959,823,Current closing stock (136 units) is at or below reorder threshold (263 units) | Critically low days of inventory (1.1 days remaining based on 7-day trend) | 7-day forecasted demand (869 units) exceeds available stock (136 units) | Supplier replenishment lead time is relatively high (4 days),CRITICAL: Issue emergency purchase order immediately to prevent stockout
2026-08-15,S01,P442,Coimbatore,Supermarket,West,Snacks,Biscuits,Crispo,35,22,13,240,SUP06,8500,1250,117,41,95,63,116,4,True,1,95,95,3325.0,3,0.0,0,35.0,1235.0,0,1,28.6,0.4,1,0,1,1,5,1,8,33,0,78.0,88.0,74.0,81.85714285714286,79.28571428571429,12.01982489374078,0.77,0.8,53,240,4,0.0,0.0,0,580.0,580,1.0,HIGH,40,620,516,Current closing stock (63 units) is at or below reorder threshold (116 units) | Critically low days of inventory (0.8 days remaining based on 7-day trend) | 7-day forecasted demand (580 units) exceeds available stock (63 units) | Supplier replenishment lead time is relatively high (4 days),CRITICAL: Issue emergency purchase order immediately to prevent stockout
2026-08-16,S01,P442,Coimbatore,Supermarket,West,Snacks,Biscuits,Crispo,35,22,13,240,SUP06,8500,1250,127,0,85,42,135,2,True,1,85,85,2975.0,3,0.0,0,35.0,1105.0,0,1,26.9,7.1,0,0,1,0,6,1,8,33,0,95.0,91.0,75.0,82.85714285714286,80.78571428571429,12.876704695283026,0.51,0.44,93,240,2,0.0,0.0,0,572.0,578,1.0,HIGH,31,609,567,Current closing stock (42 units) is at or below reorder threshold (135 units) | Critically low days of inventory (0.5 days remaining based on 7-day trend) | 7-day forecasted demand (572 units) exceeds available stock (42 units),CRITICAL: Issue emergency purchase order immediately to prevent stockout
2026-08-17,S01,P442,Coimbatore,Supermarket,West,Snacks,Biscuits,Crispo,35,22,13,240,SUP06,8500,1250,191,22,95,118,155,1,True,1,95,95,3325.0,3,0.0,1,35.0,1235.0,0,1,28.8,4.0,0,0,0,0,0,0,8,34,0,85.0,84.0,81.0,82.0,81.5,12.436505404118424,1.44,1.37,37,240,1,0.0,0.0,1,570.0,575,1.0,HIGH,21,596,456,Current closing stock (118 units) is at or below reorder threshold (155 units) | Critically low days of inventory (1.4 days remaining based on 7-day trend) | 7-day forecasted demand (570 units) exceeds available stock (118 units),CRITICAL: Issue emergency purchase order immediately to prevent stockout
2026-08-18,S01,P442,Coimbatore,Supermarket,West,Snacks,Biscuits,Crispo,35,22,13,240,SUP06,8500,1250,204,0,92,112,150,4,True,1,92,92,3220.0,3,0.0,0,35.0,1196.0,0,1,31.1,0.0,0,0,0,0,1,0,8,34,0,95.0,61.0,72.0,83.57142857142857,82.5,13.389761547007264,1.34,1.17,38,240,4,0.0,0.0,0,584.0,583,1.0,HIGH,45,628,516,Current closing stock (112 units) is at or below reorder threshold (150 units) | Critically low days of inventory (1.3 days remaining based on 7-day trend) | 7-day forecasted demand (584 units) exceeds available stock (112 units) | Supplier replenishment lead time is relatively high (4 days),CRITICAL: Issue emergency purchase order immediately to prevent stockout
2026-08-19,S01,P442,Coimbatore,Supermarket,West,Snacks,Biscuits,Crispo,35,22,13,240,SUP06,8500,1250,209,34,81,162,147,3,True,1,81,81,2835.0,3,0.0,0,35.0,1053.0,0,0,28.5,0.0,0,0,0,0,2,0,8,34,0,92.0,74.0,76.0,88.0,83.92857142857143,9.128709291752774,1.84,1.74,-15,240,3,0.0,0.0,0,604.0,607,0.0,LOW,27,634,438,Critically low days of inventory (1.8 days remaining based on 7-day trend) | 7-day forecasted demand (604 units) exceeds available stock (162 units) | Supplier replenishment lead time is relatively high (3 days),CRITICAL: Issue emergency purchase order immediately to prevent stockout
2026-08-20,S01,P442,Coimbatore,Supermarket,West,Snacks,Biscuits,Crispo,35,22,13,240,SUP06,8500,1250,202,0,74,128,115,4,True,1,74,74,2590.0,3,0.0,0,35.0,962.0,0,0,28.9,2.8,0,0,0,0,3,0,8,34,0,81.0,97.0,81.0,89.0,84.28571428571429,7.593857166596353,1.44,1.56,-13,240,4,0.0,0.0,0,618.0,616,0.0172,LOW,26,642,514,Critically low days of inventory (1.4 days remaining based on 7-day trend) | 7-day forecasted demand (618 units) exceeds available stock (128 units) | Supplier replenishment lead time is relatively high (4 days),CRITICAL: Issue emergency purchase order immediately to prevent stockout
2026-08-21,S01,P442,Coimbatore,Supermarket,West,Snacks,Biscuits,Crispo,35,22,13,240,SUP06,8500,1250,204,0,73,131,149,4,True,1,73,73,2555.0,3,0.0,0,35.0,949.0,0,1,31.5,11.8,0,0,0,1,4,0,8,34,0,74.0,78.0,78.0,85.71428571428571,83.78571428571429,8.479667558622923,1.53,1.75,18,240,4,0.0,0.0,0,609.0,611,0.4242,MEDIUM,28,639,508,Current closing stock (131 units) is at or below reorder threshold (149 units) | Critically low days of inventory (1.5 days remaining based on 7-day trend) | 7-day forecasted demand (609 units) exceeds available stock (131 units) | Supplier replenishment lead time is relatively high (4 days),CRITICAL: Issue emergency purchase order immediately to prevent stockout
2026-08-22,S01,P442,Coimbatore,Supermarket,West,Snacks,Biscuits,Crispo,35,22,13,240,SUP06,8500,1250,178,33,80,131,154,4,True,1,80,80,2800.0,3,0.0,0,35.0,1040.0,0,1,28.5,0.0,0,0,1,0,5,1,8,34,0,73.0,95.0,88.0,85.0,83.42857142857143,9.398581453247798,1.54,1.77,23,240,4,0.0,0.0,0,621.0,619,0.4242,MEDIUM,32,651,487,Current closing stock (131 units) is at or below reorder threshold (154 units) | Critically low days of inventory (1.5 days remaining based on 7-day trend) | 7-day forecasted demand (621 units) exceeds available stock (131 units) | Supplier replenishment lead time is relatively high (4 days),CRITICAL: Issue emergency purchase order immediately to prevent stockout
2026-08-23,S01,P442,Coimbatore,Supermarket,West,Snacks,Biscuits,Crispo,35,22,13,240,SUP06,8500,1250,188,17,77,128,157,2,True,1,77,77,2695.0,3,0.0,0,35.0,1001.0,0,1,28.5,1.2,0,0,1,0,6,1,8,34,0,80.0,85.0,91.0,82.85714285714286,82.85714285714286,8.395009855633923,1.54,1.58,29,240,2,0.0,0.0,0,631.0,625,0.4242,MEDIUM,20,645,500,Current closing stock (128 units) is at or below reorder threshold (157 units) | Critically low days of inventory (1.5 days remaining based on 7-day trend) | 7-day forecasted demand (631 units) exceeds available stock (128 units),CRITICAL: Issue emergency purchase order immediately to prevent stockout
2026-08-24,S01,P442,Coimbatore,Supermarket,West,Snacks,Biscuits,Crispo,35,22,13,240,SUP06,8500,1250,114,16,93,37,135,4,True,1,93,93,2766.75,3,15.0,1,29.75,720.75,0,1,30.6,5.8,0,0,0,0,0,0,8,35,0,77.0,95.0,84.0,81.71428571428571,81.85714285714286,8.596787882968972,0.45,0.47,98,240,4,15.0,5.25,1,621.0,618,1.0,HIGH,29,647,594,Current closing stock (37 units) is at or below reorder threshold (135 units) | Critically low days of inventory (0.5 days remaining based on 7-day trend) | 7-day forecasted demand (621 units) exceeds available stock (37 units) | Supplier replenishment lead time is relatively high (4 days),CRITICAL: Issue emergency purchase order immediately to prevent stockout
2026-08-25,S01,P442,Coimbatore,Supermarket,West,Snacks,Biscuits,Crispo,35,22,13,240,SUP06,8500,1250,113,58,106,65,130,4,True,1,106,106,3524.5,3,5.0,1,33.25,1192.5,0,1,27.7,3.2,0,1,0,0,1,0,8,35,1,93.0,92.0,61.0,81.42857142857143,82.5,8.100558475750164,0.8,0.69,65,240,4,5.0,1.75,1,615.0,617,1.0,HIGH,27,644,521,Current closing stock (65 units) is at or below reorder threshold (130 units) | Critically low days of inventory (0.8 days remaining based on 7-day trend) | 7-day forecasted demand (615 units) exceeds available stock (65 units) | Supplier replenishment lead time is relatively high (4 days),CRITICAL: Issue emergency purchase order immediately to prevent stockout
2026-08-26,S01,P442,Coimbatore,Supermarket,West,Snacks,Biscuits,Crispo,35,22,13,240,SUP06,8500,1250,188,0,101,87,142,4,True,1,101,101,3535.0,3,0.0,1,35.0,1313.0,0,1,30.2,2.9,0,1,0,1,2,0,8,35,1,106.0,81.0,74.0,83.42857142857143,85.71428571428571,11.956269524913743,1.04,0.81,55,240,4,0.0,0.0,1,583.0,582,1.0,HIGH,40,622,535,Current closing stock (87 units) is at or below reorder threshold (142 units) | Critically low days of inventory (1.0 days remaining based on 7-day trend) | 7-day forecasted demand (583 units) exceeds available stock (87 units) | Supplier replenishment lead time is relatively high (4 days),CRITICAL: Issue emergency purchase order immediately to prevent stockout
2026-08-27,S01,P442,Coimbatore,Supermarket,West,Snacks,Biscuits,Crispo,35,22,13,240,SUP06,8500,1250,147,0,88,59,163,4,True,1,88,88,2926.0,3,5.0,1,33.25,990.0,0,1,28.8,0.9,0,0,0,0,3,0,8,35,0,101.0,74.0,97.0,86.28571428571429,87.64285714285714,13.561148989107156,0.68,0.58,104,240,4,5.0,1.75,1,572.0,576,1.0,HIGH,45,621,562,Current closing stock (59 units) is at or below reorder threshold (163 units) | Critically low days of inventory (0.7 days remaining based on 7-day trend) | 7-day forecasted demand (572 units) exceeds available stock (59 units) | Supplier replenishment lead time is relatively high (4 days),CRITICAL: Issue emergency purchase order immediately to prevent stockout
2026-08-28,S01,P442,Coimbatore,Supermarket,West,Snacks,Biscuits,Crispo,35,22,13,240,SUP06,8500,1250,189,53,64,178,157,3,True,1,64,64,2240.0,3,0.0,0,35.0,832.0,0,0,29.2,1.8,0,0,0,0,4,0,8,35,0,88.0,73.0,78.0,88.28571428571429,87.0,12.43267584116262,2.02,2.0,-21,240,3,0.0,0.0,0,579.0,580,0.0,LOW,36,616,385,Critically low days of inventory (2.0 days remaining based on 7-day trend) | 7-day forecasted demand (579 units) exceeds available stock (178 units) | Supplier replenishment lead time is relatively high (3 days),CRITICAL: Issue emergency purchase order immediately to prevent stockout
2026-08-29,S01,P442,Coimbatore,Supermarket,West,Snacks,Biscuits,Crispo,35,22,13,240,SUP06,8500,1250,194,0,92,102,135,1,True,1,92,92,3220.0,3,0.0,0,35.0,1196.0,0,1,32.0,6.2,0,0,1,0,5,1,8,35,0,64.0,80.0,95.0,87.0,86.0,14.56021977856104,1.17,1.57,33,240,1,0.0,0.0,0,583.0,583,1.0,HIGH,25,608,506,Current closing stock (102 units) is at or below reorder threshold (135 units) | Critically low days of inventory (1.2 days remaining based on 7-day trend) | 7-day forecasted demand (583 units) exceeds available stock (102 units),CRITICAL: Issue emergency purchase order immediately to prevent stockout
2026-08-30,S01,P442,Coimbatore,Supermarket,West,Snacks,Biscuits,Crispo,35,22,13,240,SUP06,8500,1250,155,53,87,121,130,4,True,1,87,87,2892.75,3,5.0,1,33.25,978.75,0,1,30.5,0.0,0,0,1,1,6,1,8,35,0,92.0,77.0,85.0,88.71428571428571,85.78571428571429,14.302846869467231,1.36,1.3,9,240,4,5.0,1.75,1,597.0,588,1.0,HIGH,48,636,462,Current closing stock (121 units) is at or below reorder threshold (130 units) | Critically low days of inventory (1.4 days remaining based on 7-day trend) | 7-day forecasted demand (597 units) exceeds available stock (121 units) | Supplier replenishment lead time is relatively high (4 days),CRITICAL: Issue emergency purchase order immediately to prevent stockout
2026-08-31,S01,P442,Coimbatore,Supermarket,West,Snacks,Biscuits,Crispo,35,22,13,240,SUP06,8500,1250,151,0,83,68,134,1,True,1,83,83,2905.0,3,0.0,0,35.0,1079.0,0,1,27.7,6.1,0,0,0,0,0,0,8,36,0,87.0,93.0,95.0,90.14285714285714,85.92857142857143,13.409307357560412,0.75,0.77,66,240,1,0.0,0.0,0,584.0,583,1.0,HIGH,23,606,538,Current closing stock (68 units) is at or below reorder threshold (134 units) | Critically low days of inventory (0.8 days remaining based on 7-day trend) | 7-day forecasted demand (584 units) exceeds available stock (68 units),CRITICAL: Issue emergency purchase order immediately to prevent stockout
2026-09-01,S01,P442,Coimbatore,Supermarket,West,Snacks,Biscuits,Crispo,35,22,13,240,SUP06,8500,1250,203,41,100,144,149,3,True,1,100,100,2975.0,3,15.0,1,29.75,775.0,0,1,29.2,0.9,0,0,0,0,1,0,9,36,0,83.0,106.0,92.0,88.71428571428571,85.07142857142857,13.58570677482142,1.62,1.71,5,240,3,15.0,5.25,1,570.0,577,0.4242,MEDIUM,39,616,431,Current closing stock (144 units) is at or below reorder threshold (149 units) | Critically low days of inventory (1.6 days remaining based on 7-day trend) | 7-day forecasted demand (570 units) exceeds available stock (144 units) | Supplier replenishment lead time is relatively high (3 days),CRITICAL: Issue emergency purchase order immediately to prevent stockout
2026-09-02,S01,P442,Coimbatore,Supermarket,West,Snacks,Biscuits,Crispo,35,22,13,240,SUP06,8500,1250,205,58,69,194,115,3,True,1,69,69,2415.0,3,0.0,0,35.0,897.0,0,0,27.9,10.2,0,0,0,0,2,0,9,36,0,100.0,101.0,81.0,87.85714285714286,85.64285714285714,12.455635557564184,2.21,1.92,-79,240,3,0.0,0.0,0,588.0,585,0.0,LOW,36,621,369,Critically low days of inventory (2.2 days remaining based on 7-day trend) | 7-day forecasted demand (588 units) exceeds available stock (194 units) | Supplier replenishment lead time is relatively high (3 days),CRITICAL: Issue emergency purchase order immediately to prevent stockout
2026-09-03,S01,P442,Coimbatore,Supermarket,West,Snacks,Biscuits,Crispo,35,22,13,240,SUP06,8500,1250,146,0,77,69,143,4,True,1,77,77,2695.0,3,0.0,0,35.0,1001.0,0,1,28.3,3.9,0,0,0,0,3,0,9,36,0,69.0,88.0,74.0,83.28571428571429,84.78571428571429,12.697956341006044,0.83,0.99,74,240,4,0.0,0.0,0,586.0,585,1.0,HIGH,42,627,558,Current closing stock (69 units) is at or below reorder threshold (143 units) | Critically low days of inventory (0.8 days remaining based on 7-day trend) | 7-day forecasted demand (586 units) exceeds available stock (69 units) | Supplier replenishment lead time is relatively high (4 days),CRITICAL: Issue emergency purchase order immediately to prevent stockout
2026-09-04,S01,P442,Coimbatore,Supermarket,West,Snacks,Biscuits,Crispo,35,22,13,240,SUP06,8500,1250,185,52,71,166,126,4,True,1,71,71,2485.0,3,0.0,0,35.0,923.0,0,0,26.1,14.8,0,0,0,0,4,0,9,36,0,77.0,64.0,73.0,81.71428571428571,85.0,12.697956341006044,2.03,2.13,-40,240,4,0.0,0.0,0,590.0,584,0.0,LOW,42,626,408,Critically low days of inventory (2.0 days remaining based on 7-day trend) | 7-day forecasted demand (590 units) exceeds available stock (166 units) | Supplier replenishment lead time is relatively high (4 days),CRITICAL: Issue emergency purchase order immediately to prevent stockout
2026-09-05,S01,P442,Coimbatore,Supermarket,West,Snacks,Biscuits,Crispo,35,22,13,240,SUP06,8500,1250,113,0,96,17,115,4,True,1,96,96,3360.0,3,0.0,0,35.0,1248.0,0,1,26.6,0.0,0,1,1,0,5,1,9,36,1,71.0,92.0,80.0,82.71428571428571,84.85714285714286,11.26520136991622,0.21,0.24,98,240,4,0.0,0.0,0,577.0,581,1.0,HIGH,38,619,602,Current closing stock (17 units) is at or below reorder threshold (115 units) | Critically low days of inventory (0.2 days remaining based on 7-day trend) | 7-day forecasted demand (577 units) exceeds available stock (17 units) | Supplier replenishment lead time is relatively high (4 days),CRITICAL: Issue emergency purchase order immediately to prevent stockout
2026-09-06,S01,P442,Coimbatore,Supermarket,West,Snacks,Biscuits,Crispo,35,22,13,240,SUP06,8500,1250,143,0,101,42,132,3,True,1,101,101,3535.0,3,0.0,1,35.0,1313.0,0,1,27.9,11.5,0,0,1,0,6,1,9,36,0,96.0,87.0,77.0,83.28571428571429,86.0,11.8983792413685,0.5,0.43,90,240,3,0.0,0.0,1,559.0,583,1.0,HIGH,35,618,576,Current closing stock (42 units) is at or below reorder threshold (132 units) | Critically low days of inventory (0.5 days remaining based on 7-day trend) | 7-day forecasted demand (559 units) exceeds available stock (42 units) | Supplier replenishment lead time is relatively high (3 days),CRITICAL: Issue emergency purchase order immediately to prevent stockout
2026-09-07,S01,P442,Coimbatore,Supermarket,West,Snacks,Biscuits,Crispo,35,22,13,240,SUP06,8500,1250,134,0,70,64,164,4,True,1,70,70,2450.0,3,0.0,0,35.0,910.0,0,1,28.9,8.0,0,0,0,0,0,0,9,37,0,101.0,83.0,93.0,85.28571428571429,87.71428571428571,13.671311638052954,0.75,0.63,100,240,4,0.0,0.0,0,564.0,579,1.0,HIGH,46,625,561,Current closing stock (64 units) is at or below reorder threshold (164 units) | Critically low days of inventory (0.8 days remaining based on 7-day trend) | 7-day forecasted demand (564 units) exceeds available stock (64 units) | Supplier replenishment lead time is relatively high (4 days),CRITICAL: Issue emergency purchase order immediately to prevent stockout
2026-09-08,S01,P442,Coimbatore,Supermarket,West,Snacks,Biscuits,Crispo,35,22,13,240,SUP06,8500,1250,158,94,86,166,150,1,True,1,86,86,3010.0,3,0.0,0,35.0,1118.0,0,0,31.9,7.0,0,0,0,0,1,0,9,37,0,70.0,100.0,106.0,83.42857142857143,86.07142857142857,14.86446705914414,1.99,2.34,-16,240,1,0.0,0.0,0,555.0,582,0.0,LOW,25,607,347,Critically low days of inventory (2.0 days remaining based on 7-day trend) | 7-day forecasted demand (555 units) exceeds available stock (166 units),CRITICAL: Issue emergency purchase order immediately to prevent stockout
2026-08-15,S02,P101,Chennai,Hypermarket,North,Dairy,Milk,Aavin,60,52,8,3,SUP01,18000,2850,295,0,155,140,262,2,True,1,155,155,9300.0,3,0.0,0,60.0,1240.0,0,1,31.5,8.6,1,0,1,0,5,1,8,33,0,119.0,175.0,147.0,147.71428571428572,145.64285714285714,24.184804359447735,0.95,1.17,122,3,2,0.0,0.0,0,960.0,960,1.0,HIGH,57,1017,877,Current closing stock (140 units) is at or below reorder threshold (262 units) | Critically low days of inventory (0.9 days remaining based on 7-day trend) | 7-day forecasted demand (960 units) exceeds available stock (140 units),CRITICAL: Issue emergency purchase order immediately to prevent stockout
2026-08-16,S02,P101,Chennai,Hypermarket,North,Dairy,Milk,Aavin,60,52,8,3,SUP01,18000,2850,311,0,171,140,224,4,True,1,171,171,10260.0,3,0.0,1,60.0,1368.0,0,1,34.0,6.8,0,0,1,0,6,1,8,33,0,155.0,148.0,126.0,144.85714285714286,146.21428571428572,21.450940705313073,0.97,0.9,84,3,4,0.0,0.0,1,924.0,940,1.0,HIGH,71,1011,871,Current closing stock (140 units) is at or below reorder threshold (224 units) | Critically low days of inventory (1.0 days remaining based on 7-day trend) | 7-day forecasted demand (924 units) exceeds available stock (140 units) | Supplier replenishment lead time is relatively high (4 days),CRITICAL: Issue emergency purchase order immediately to prevent stockout
2026-08-17,S02,P101,Chennai,Hypermarket,North,Dairy,Milk,Aavin,60,52,8,3,SUP01,18000,2850,258,0,121,137,206,2,True,1,121,121,6534.0,3,10.0,1,54.0,242.0,0,1,34.9,4.1,0,0,0,0,0,0,8,34,0,171.0,127.0,131.0,148.14285714285714,149.42857142857142,23.660294246046984,0.92,0.8,69,3,2,10.0,6.0,1,938.0,955,1.0,HIGH,56,1011,874,Current closing stock (137 units) is at or below reorder threshold (206 units) | Critically low days of inventory (0.9 days remaining based on 7-day trend) | 7-day forecasted demand (938 units) exceeds available stock (137 units),CRITICAL: Issue emergency purchase order immediately to prevent stockout
2026-08-18,S02,P101,Chennai,Hypermarket,North,Dairy,Milk,Aavin,60,52,8,3,SUP01,18000,2850,202,0,144,58,237,2,True,1,144,144,8640.0,3,0.0,1,60.0,1152.0,0,1,32.5,1.9,0,0,0,0,1,0,8,34,0,121.0,185.0,150.0,147.28571428571428,148.71428571428572,24.64220150956678,0.39,0.48,179,3,2,0.0,0.0,1,940.0,948,1.0,HIGH,58,1006,948,Current closing stock (58 units) is at or below reorder threshold (237 units) | Critically low days of inventory (0.4 days remaining based on 7-day trend) | 7-day forecasted demand (940 units) exceeds available stock (58 units),CRITICAL: Issue emergency purchase order immediately to prevent stockout
2026-08-19,S02,P101,Chennai,Hypermarket,North,Dairy,Milk,Aavin,60,52,8,3,SUP01,18000,2850,251,0,137,114,242,2,True,1,137,137,8220.0,3,0.0,0,60.0,1096.0,0,1,34.7,9.9,0,0,0,0,2,0,8,34,0,144.0,139.0,162.0,141.42857142857142,148.28571428571428,18.21956039404851,0.81,0.79,128,3,2,0.0,0.0,0,966.0,962,1.0,HIGH,43,1005,891,Current closing stock (114 units) is at or below reorder threshold (242 units) | Critically low days of inventory (0.8 days remaining based on 7-day trend) | 7-day forecasted demand (966 units) exceeds available stock (114 units),CRITICAL: Issue emergency purchase order immediately to prevent stockout
2026-08-20,S02,P101,Chennai,Hypermarket,North,Dairy,Milk,Aavin,60,52,8,3,SUP01,18000,2850,295,0,137,158,202,4,True,1,137,137,8220.0,3,0.0,0,60.0,1096.0,0,1,33.8,7.9,0,0,0,0,3,0,8,34,0,137.0,141.0,155.0,141.14285714285714,146.5,18.27957486220227,1.12,1.14,44,3,4,0.0,0.0,0,956.0,961,1.0,HIGH,61,1022,864,Current closing stock (158 units) is at or below reorder threshold (202 units) | Critically low days of inventory (1.1 days remaining based on 7-day trend) | 7-day forecasted demand (956 units) exceeds available stock (158 units) | Supplier replenishment lead time is relatively high (4 days),CRITICAL: Issue emergency purchase order immediately to prevent stockout
2026-08-21,S02,P101,Chennai,Hypermarket,North,Dairy,Milk,Aavin,60,52,8,3,SUP01,18000,2850,224,0,104,120,244,4,True,1,104,104,6240.0,3,0.0,0,60.0,832.0,0,1,33.0,0.0,0,0,0,0,4,0,8,34,0,137.0,119.0,134.0,140.57142857142858,145.21428571428572,18.347180917488323,0.85,0.87,124,3,4,0.0,0.0,0,968.0,964,1.0,HIGH,61,1025,905,Current closing stock (120 units) is at or below reorder threshold (244 units) | Critically low days of inventory (0.8 days remaining based on 7-day trend) | 7-day forecasted demand (968 units) exceeds available stock (120 units) | Supplier replenishment lead time is relatively high (4 days),CRITICAL: Issue emergency purchase order immediately to prevent stockout
2026-08-22,S02,P101,Chennai,Hypermarket,North,Dairy,Milk,Aavin,60,52,8,3,SUP01,18000,2850,197,0,146,51,270,2,True,1,146,146,8760.0,3,0.0,0,60.0,1168.0,0,1,32.6,1.2,0,0,1,0,5,1,8,34,0,104.0,155.0,175.0,138.42857142857142,143.07142857142858,21.831606620197416,0.37,0.49,219,3,2,0.0,0.0,0,980.0,985,1.0,HIGH,51,1036,985,Current closing stock (51 units) is at or below reorder threshold (270 units) | Critically low days of inventory (0.4 days remaining based on 7-day trend) | 7-day forecasted demand (980 units) exceeds available stock (51 units),CRITICAL: Issue emergency purchase order immediately to prevent stockout
2026-08-23,S02,P101,Chennai,Hypermarket,North,Dairy,Milk,Aavin,60,52,8,3,SUP01,18000,2850,297,0,135,162,196,3,True,1,135,135,8100.0,3,0.0,0,60.0,1080.0,0,1,32.5,0.8,0,0,1,0,6,1,8,34,0,146.0,171.0,148.0,137.14285714285714,141.0,20.939823076525514,1.18,1.1,34,3,3,0.0,0.0,0,1039.0,1019,1.0,HIGH,60,1079,917,Current closing stock (162 units) is at or below reorder threshold (196 units) | Critically low days of inventory (1.2 days remaining based on 7-day trend) | 7-day forecasted demand (1039 units) exceeds available stock (162 units) | Supplier replenishment lead time is relatively high (3 days),CRITICAL: Issue emergency purchase order immediately to prevent stockout
2026-08-24,S02,P101,Chennai,Hypermarket,North,Dairy,Milk,Aavin,60,52,8,3,SUP01,18000,2850,265,0,135,130,260,2,True,1,135,135,8100.0,3,0.0,0,60.0,1080.0,0,1,34.0,3.0,0,0,0,0,0,0,8,35,0,135.0,121.0,127.0,132.0,140.07142857142858,14.742229591663984,0.98,0.96,130,3,2,0.0,0.0,0,1038.0,1009,1.0,HIGH,35,1044,914,Current closing stock (130 units) is at or below reorder threshold (260 units) | Critically low days of inventory (1.0 days remaining based on 7-day trend) | 7-day forecasted demand (1038 units) exceeds available stock (130 units),CRITICAL: Issue emergency purchase order immediately to prevent stockout
2026-08-25,S02,P101,Chennai,Hypermarket,North,Dairy,Milk,Aavin,60,52,8,3,SUP01,18000,2850,294,160,146,308,238,1,True,1,146,146,8760.0,3,0.0,0,60.0,1168.0,0,0,31.1,7.8,0,1,0,0,1,0,8,35,1,135.0,144.0,185.0,134.0,140.64285714285714,13.928388277184116,2.3,2.26,-70,3,1,0.0,0.0,0,1006.0,1008,0.0,LOW,23,1031,563,Critically low days of inventory (2.3 days remaining based on 7-day trend) | 7-day forecasted demand (1006 units) exceeds available stock (308 units),CRITICAL: Issue emergency purchase order immediately to prevent stockout
2026-08-26,S02,P101,Chennai,Hypermarket,North,Dairy,Milk,Aavin,60,52,8,3,SUP01,18000,2850,195,0,163,32,241,3,True,1,163,163,8802.0,3,10.0,1,54.0,326.0,0,1,33.8,4.6,0,1,0,1,2,0,8,35,1,146.0,137.0,139.0,134.28571428571428,137.85714285714286,14.18584136518152,0.24,0.22,209,3,3,10.0,6.0,1,977.0,984,1.0,HIGH,41,1025,993,Current closing stock (32 units) is at or below reorder threshold (241 units) | Critically low days of inventory (0.2 days remaining based on 7-day trend) | 7-day forecasted demand (977 units) exceeds available stock (32 units) | Supplier replenishment lead time is relatively high (3 days),CRITICAL: Issue emergency purchase order immediately to prevent stockout
2026-08-27,S02,P101,Chennai,Hypermarket,North,Dairy,Milk,Aavin,60,52,8,3,SUP01,18000,2850,229,0,127,102,210,1,True,1,127,127,7620.0,3,0.0,0,60.0,1016.0,0,1,31.1,0.8,0,0,0,0,3,0,8,35,0,163.0,137.0,141.0,138.0,139.57142857142858,17.925772879664994,0.74,0.62,108,3,1,0.0,0.0,0,987.0,981,1.0,HIGH,30,1011,909,Current closing stock (102 units) is at or below reorder threshold (210 units) | Critically low days of inventory (0.7 days remaining based on 7-day trend) | 7-day forecasted demand (987 units) exceeds available stock (102 units),CRITICAL: Issue emergency purchase order immediately to prevent stockout
2026-08-28,S02,P101,Chennai,Hypermarket,North,Dairy,Milk,Aavin,60,52,8,3,SUP01,18000,2850,358,0,116,242,199,3,True,1,116,116,6960.0,3,0.0,0,60.0,928.0,0,0,34.7,0.4,0,0,0,0,4,0,8,35,0,127.0,104.0,119.0,136.57142857142858,138.57142857142858,18.410659438281417,1.77,1.89,-43,3,3,0.0,0.0,0,1013.0,1013,0.4242,MEDIUM,53,1066,824,Critically low days of inventory (1.8 days remaining based on 7-day trend) | 7-day forecasted demand (1013 units) exceeds available stock (242 units) | Supplier replenishment lead time is relatively high (3 days),CRITICAL: Issue emergency purchase order immediately to prevent stockout
2026-08-29,S02,P101,Chennai,Hypermarket,North,Dairy,Milk,Aavin,60,52,8,3,SUP01,18000,2850,329,110,158,281,227,1,True,1,158,158,9480.0,3,0.0,0,60.0,1264.0,0,0,34.5,0.0,0,0,1,0,5,1,8,35,0,116.0,146.0,155.0,138.28571428571428,138.35714285714286,15.140610794749822,2.03,2.4,-54,3,1,0.0,0.0,0,1030.0,1017,0.0,LOW,25,1042,651,Critically low days of inventory (2.0 days remaining based on 7-day trend) | 7-day forecasted demand (1030 units) exceeds available stock (281 units),CRITICAL: Issue emergency purchase order immediately to prevent stockout
2026-08-30,S02,P101,Chennai,Hypermarket,North,Dairy,Milk,Aavin,60,52,8,3,SUP01,18000,2850,347,0,194,153,227,1,True,1,194,194,11640.0,3,0.0,1,60.0,1552.0,0,1,33.0,8.6,0,0,1,0,6,1,8,35,0,158.0,135.0,171.0,140.0,138.57142857142858,16.75310916417207,1.09,0.96,74,3,1,0.0,0.0,1,971.0,978,1.0,HIGH,28,1006,853,Current closing stock (153 units) is at or below reorder threshold (227 units) | Critically low days of inventory (1.1 days remaining based on 7-day trend) | 7-day forecasted demand (971 units) exceeds available stock (153 units),CRITICAL: Issue emergency purchase order immediately to prevent stockout
2026-08-31,S02,P101,Chennai,Hypermarket,North,Dairy,Milk,Aavin,60,52,8,3,SUP01,18000,2850,282,0,134,148,203,1,True,1,134,134,8040.0,3,0.0,0,60.0,1072.0,0,1,30.9,0.0,0,0,0,0,0,0,8,36,0,194.0,135.0,121.0,148.42857142857142,140.21428571428572,26.069504169029507,1.0,0.76,55,3,1,0.0,0.0,0,971.0,988,1.0,HIGH,44,1032,884,Current closing stock (148 units) is at or below reorder threshold (203 units) | Critically low days of inventory (1.0 days remaining based on 7-day trend) | 7-day forecasted demand (971 units) exceeds available stock (148 units),CRITICAL: Issue emergency purchase order immediately to prevent stockout
2026-09-01,S02,P101,Chennai,Hypermarket,North,Dairy,Milk,Aavin,60,52,8,3,SUP01,18000,2850,219,0,114,105,204,3,True,1,114,114,6840.0,3,0.0,0,60.0,912.0,0,1,29.6,3.0,0,0,0,0,1,0,9,36,0,134.0,146.0,144.0,148.28571428571428,141.14285714285714,26.157945164674057,0.71,0.78,99,3,3,0.0,0.0,0,1040.0,1023,1.0,HIGH,75,1098,993,Current closing stock (105 units) is at or below reorder threshold (204 units) | Critically low days of inventory (0.7 days remaining based on 7-day trend) | 7-day forecasted demand (1040 units) exceeds available stock (105 units) | Supplier replenishment lead time is relatively high (3 days),CRITICAL: Issue emergency purchase order immediately to prevent stockout
2026-09-02,S02,P101,Chennai,Hypermarket,North,Dairy,Milk,Aavin,60,52,8,3,SUP01,18000,2850,206,3,134,75,195,3,True,1,134,134,8040.0,3,0.0,0,60.0,1072.0,0,1,37.0,0.0,0,0,0,0,2,0,9,36,0,114.0,163.0,137.0,143.71428571428572,139.0,29.238754452007036,0.52,0.65,120,3,3,0.0,0.0,0,1031.0,1017,1.0,HIGH,84,1101,1023,Current closing stock (75 units) is at or below reorder threshold (195 units) | Critically low days of inventory (0.5 days remaining based on 7-day trend) | 7-day forecasted demand (1031 units) exceeds available stock (75 units) | Supplier replenishment lead time is relatively high (3 days),CRITICAL: Issue emergency purchase order immediately to prevent stockout
2026-09-03,S02,P101,Chennai,Hypermarket,North,Dairy,Milk,Aavin,60,52,8,3,SUP01,18000,2850,319,93,137,275,226,4,True,1,137,137,8220.0,3,0.0,0,60.0,1096.0,0,0,33.1,5.7,0,0,0,0,3,0,9,36,0,134.0,127.0,137.0,139.57142857142858,138.78571428571428,28.082361859698462,1.97,2.04,-49,3,4,0.0,0.0,0,1007.0,1010,0.0,LOW,93,1103,735,Critically low days of inventory (2.0 days remaining based on 7-day trend) | 7-day forecasted demand (1007 units) exceeds available stock (275 units) | Supplier replenishment lead time is relatively high (4 days),CRITICAL: Issue emergency purchase order immediately to prevent stockout
2026-09-04,S02,P101,Chennai,Hypermarket,North,Dairy,Milk,Aavin,60,52,8,3,SUP01,18000,2850,342,133,142,333,281,2,True,1,142,142,8520.0,3,0.0,0,60.0,1136.0,0,0,33.0,0.0,0,0,0,0,4,0,9,36,0,137.0,116.0,104.0,141.0,138.78571428571428,27.58622844826743,2.36,2.41,-52,3,2,0.0,0.0,0,1004.0,1005,0.0,LOW,65,1070,604,Critically low days of inventory (2.4 days remaining based on 7-day trend) | 7-day forecasted demand (1004 units) exceeds available stock (333 units),CRITICAL: Issue emergency purchase order immediately to prevent stockout
2026-09-05,S02,P101,Chennai,Hypermarket,North,Dairy,Milk,Aavin,60,52,8,3,SUP01,18000,2850,326,0,175,151,251,1,True,1,175,175,10500.0,3,0.0,0,60.0,1400.0,0,1,32.7,10.0,0,1,1,0,5,1,9,36,1,142.0,158.0,146.0,144.71428571428572,141.5,25.31609689317769,1.04,1.06,100,3,1,0.0,0.0,0,1013.0,1000,1.0,HIGH,42,1042,891,Current closing stock (151 units) is at or below reorder threshold (251 units) | Critically low days of inventory (1.0 days remaining based on 7-day trend) | 7-day forecasted demand (1013 units) exceeds available stock (151 units),CRITICAL: Issue emergency purchase order immediately to prevent stockout
2026-09-06,S02,P101,Chennai,Hypermarket,North,Dairy,Milk,Aavin,60,52,8,3,SUP01,18000,2850,246,0,135,111,268,2,True,1,135,135,8100.0,3,0.0,0,60.0,1080.0,0,1,31.0,9.5,0,0,1,0,6,1,9,36,0,175.0,194.0,135.0,147.14285714285714,143.57142857142858,27.52228534253996,0.75,0.63,157,3,2,0.0,0.0,0,1016.0,975,1.0,HIGH,65,1040,929,Current closing stock (111 units) is at or below reorder threshold (268 units) | Critically low days of inventory (0.8 days remaining based on 7-day trend) | 7-day forecasted demand (1016 units) exceeds available stock (111 units),CRITICAL: Issue emergency purchase order immediately to prevent stockout
2026-09-07,S02,P101,Chennai,Hypermarket,North,Dairy,Milk,Aavin,60,52,8,3,SUP01,18000,2850,275,0,134,141,263,4,True,1,134,134,8040.0,3,0.0,0,60.0,1072.0,0,1,32.6,7.3,0,0,0,0,0,0,9,37,0,135.0,134.0,135.0,138.71428571428572,143.57142857142858,18.254810194523916,1.02,1.04,122,3,4,0.0,0.0,0,1003.0,985,1.0,HIGH,61,1046,905,Current closing stock (141 units) is at or below reorder threshold (263 units) | Critically low days of inventory (1.0 days remaining based on 7-day trend) | 7-day forecasted demand (1003 units) exceeds available stock (141 units) | Supplier replenishment lead time is relatively high (4 days),CRITICAL: Issue emergency purchase order immediately to prevent stockout
2026-09-08,S02,P101,Chennai,Hypermarket,North,Dairy,Milk,Aavin,60,52,8,3,SUP01,18000,2850,306,122,183,245,236,4,True,1,183,183,10980.0,3,0.0,1,60.0,1464.0,0,0,34.2,10.5,0,0,0,1,1,0,9,37,0,134.0,114.0,146.0,138.71428571428572,143.5,18.254810194523916,1.77,1.81,-9,3,4,0.0,0.0,1,933.0,984,0.4242,MEDIUM,61,1045,678,Critically low days of inventory (1.8 days remaining based on 7-day trend) | 7-day forecasted demand (933 units) exceeds available stock (245 units) | Supplier replenishment lead time is relatively high (4 days),CRITICAL: Issue emergency purchase order immediately to prevent stockout
2026-08-15,S02,P205,Chennai,Hypermarket,North,Personal Care,Shampoo,GlowCare,120,79,41,730,SUP08,18000,2850,61,0,24,37,39,3,True,1,24,24,2880.0,3,0.0,0,120.0,984.0,0,1,31.5,8.6,1,0,1,0,5,1,8,33,0,26.0,30.0,29.0,25.142857142857142,25.428571428571427,2.9113897843110017,1.47,1.37,2,730,3,0.0,0.0,0,189.0,188,1.0,HIGH,9,197,160,Current closing stock (37 units) is at or below reorder threshold (39 units) | Critically low days of inventory (1.5 days remaining based on 7-day trend) | 7-day forecasted demand (189 units) exceeds available stock (37 units) | Supplier replenishment lead time is relatively high (3 days),CRITICAL: Issue emergency purchase order immediately to prevent stockout
2026-08-16,S02,P205,Chennai,Hypermarket,North,Personal Care,Shampoo,GlowCare,120,79,41,730,SUP08,18000,2850,50,0,29,21,38,2,True,1,29,29,3480.0,3,0.0,0,120.0,1189.0,0,1,34.0,6.8,0,0,1,0,6,1,8,33,0,24.0,27.0,30.0,24.285714285714285,25.071428571428573,1.9760470401187056,0.86,0.84,17,730,2,0.0,0.0,0,190.0,189,1.0,HIGH,5,194,173,Current closing stock (21 units) is at or below reorder threshold (38 units) | Critically low days of inventory (0.9 days remaining based on 7-day trend) | 7-day forecasted demand (190 units) exceeds available stock (21 units),CRITICAL: Issue emergency purchase order immediately to prevent stockout
2026-08-17,S02,P205,Chennai,Hypermarket,North,Personal Care,Shampoo,GlowCare,120,79,41,730,SUP08,18000,2850,38,12,27,23,48,1,True,1,27,27,2754.0,3,15.0,1,102.0,621.0,0,1,34.9,4.1,0,0,0,0,0,0,8,34,0,29.0,24.0,26.0,24.571428571428573,25.0,2.5071326821120334,0.94,0.77,25,730,1,15.0,18.0,1,185.0,185,1.0,HIGH,5,190,155,Current closing stock (23 units) is at or below reorder threshold (48 units) | Critically low days of inventory (0.9 days remaining based on 7-day trend) | 7-day forecasted demand (185 units) exceeds available stock (23 units),CRITICAL: Issue emergency purchase order immediately to prevent stockout
2026-08-18,S02,P205,Chennai,Hypermarket,North,Personal Care,Shampoo,GlowCare,120,79,41,730,SUP08,18000,2850,36,0,31,5,46,2,True,1,31,31,3348.0,3,10.0,1,108.0,899.0,0,1,32.5,1.9,0,0,0,0,1,0,8,34,0,27.0,25.0,26.0,25.0,25.071428571428573,2.645751311064589,0.2,0.18,41,730,2,10.0,12.0,1,173.0,179,1.0,HIGH,7,186,181,Current closing stock (5 units) is at or below reorder threshold (46 units) | Critically low days of inventory (0.2 days remaining based on 7-day trend) | 7-day forecasted demand (173 units) exceeds available stock (5 units),CRITICAL: Issue emergency purchase order immediately to prevent stockout
2026-08-19,S02,P205,Chennai,Hypermarket,North,Personal Care,Shampoo,GlowCare,120,79,41,730,SUP08,18000,2850,65,21,25,61,39,2,True,1,25,25,3000.0,3,0.0,0,120.0,1025.0,0,0,34.7,9.9,0,0,0,0,2,0,8,34,0,31.0,21.0,24.0,25.857142857142858,25.428571428571427,3.4846602621858467,2.36,1.91,-22,730,2,0.0,0.0,0,173.0,180,0.0,LOW,9,189,107,Critically low days of inventory (2.4 days remaining based on 7-day trend) | 7-day forecasted demand (173 units) exceeds available stock (61 units),CRITICAL: Issue emergency purchase order immediately to prevent stockout
2026-08-20,S02,P205,Chennai,Hypermarket,North,Personal Care,Shampoo,GlowCare,120,79,41,730,SUP08,18000,2850,59,0,31,28,50,1,True,1,31,31,3720.0,3,0.0,0,120.0,1271.0,0,1,33.8,7.9,0,0,0,0,3,0,8,34,0,25.0,23.0,26.0,26.428571428571427,25.5,2.819996622760556,1.06,1.08,22,730,1,0.0,0.0,0,168.0,173,1.0,HIGH,5,178,150,Current closing stock (28 units) is at or below reorder threshold (50 units) | Critically low days of inventory (1.1 days remaining based on 7-day trend) | 7-day forecasted demand (168 units) exceeds available stock (28 units),CRITICAL: Issue emergency purchase order immediately to prevent stockout
2026-08-21,S02,P205,Chennai,Hypermarket,North,Personal Care,Shampoo,GlowCare,120,79,41,730,SUP08,18000,2850,58,0,26,32,47,1,True,1,26,26,3120.0,3,0.0,0,120.0,1066.0,0,1,33.0,0.0,0,0,0,0,4,0,8,34,0,31.0,26.0,19.0,27.571428571428573,25.857142857142858,2.819996622760555,1.16,1.0,15,730,1,0.0,0.0,0,165.0,169,1.0,HIGH,5,174,142,Current closing stock (32 units) is at or below reorder threshold (47 units) | Critically low days of inventory (1.2 days remaining based on 7-day trend) | 7-day forecasted demand (165 units) exceeds available stock (32 units),CRITICAL: Issue emergency purchase order immediately to prevent stockout
2026-08-22,S02,P205,Chennai,Hypermarket,North,Personal Care,Shampoo,GlowCare,120,79,41,730,SUP08,18000,2850,57,0,20,37,39,4,True,1,20,20,2400.0,3,0.0,0,120.0,820.0,0,1,32.6,1.2,0,0,1,0,5,1,8,34,0,26.0,24.0,30.0,27.571428571428573,26.357142857142858,2.819996622760555,1.34,1.37,2,730,4,0.0,0.0,0,171.0,174,1.0,HIGH,10,184,147,Current closing stock (37 units) is at or below reorder threshold (39 units) | Critically low days of inventory (1.3 days remaining based on 7-day trend) | 7-day forecasted demand (171 units) exceeds available stock (37 units) | Supplier replenishment lead time is relatively high (4 days),CRITICAL: Issue emergency purchase order immediately to prevent stockout
2026-08-23,S02,P205,Chennai,Hypermarket,North,Personal Care,Shampoo,GlowCare,120,79,41,730,SUP08,18000,2850,53,0,30,23,44,2,True,1,30,30,3600.0,3,0.0,0,120.0,1230.0,0,1,32.5,0.8,0,0,1,0,6,1,8,34,0,20.0,29.0,27.0,27.0,25.642857142857142,3.872983346207415,0.85,1.1,21,730,2,0.0,0.0,0,175.0,178,1.0,HIGH,10,188,165,Current closing stock (23 units) is at or below reorder threshold (44 units) | Critically low days of inventory (0.8 days remaining based on 7-day trend) | 7-day forecasted demand (175 units) exceeds available stock (23 units),CRITICAL: Issue emergency purchase order immediately to prevent stockout
2026-08-24,S02,P205,Chennai,Hypermarket,North,Personal Care,Shampoo,GlowCare,120,79,41,730,SUP08,18000,2850,65,0,22,43,48,3,True,1,22,22,2640.0,3,0.0,0,120.0,902.0,0,1,34.0,3.0,0,0,0,0,0,0,8,35,0,30.0,27.0,24.0,27.142857142857142,25.857142857142858,3.976119189552018,1.58,1.39,5,730,3,0.0,0.0,0,179.0,181,1.0,HIGH,12,193,150,Current closing stock (43 units) is at or below reorder threshold (48 units) | Critically low days of inventory (1.6 days remaining based on 7-day trend) | 7-day forecasted demand (179 units) exceeds available stock (43 units) | Supplier replenishment lead time is relatively high (3 days),CRITICAL: Issue emergency purchase order immediately to prevent stockout
2026-08-25,S02,P205,Chennai,Hypermarket,North,Personal Care,Shampoo,GlowCare,120,79,41,730,SUP08,18000,2850,63,0,19,44,47,4,True,1,19,19,2280.0,3,0.0,0,120.0,779.0,0,1,31.1,7.8,0,1,0,0,1,0,8,35,1,22.0,31.0,25.0,26.428571428571427,25.714285714285715,4.429339411136564,1.66,1.91,3,730,4,0.0,0.0,0,185.0,185,1.0,HIGH,15,200,156,Current closing stock (44 units) is at or below reorder threshold (47 units) | Critically low days of inventory (1.7 days remaining based on 7-day trend) | 7-day forecasted demand (185 units) exceeds available stock (44 units) | Supplier replenishment lead time is relatively high (4 days),CRITICAL: Issue emergency purchase order immediately to prevent stockout
2026-08-26,S02,P205,Chennai,Hypermarket,North,Personal Care,Shampoo,GlowCare,120,79,41,730,SUP08,18000,2850,51,0,25,26,37,2,True,1,25,25,3000.0,3,0.0,0,120.0,1025.0,0,1,33.8,4.6,0,1,0,1,2,0,8,35,1,19.0,25.0,21.0,24.714285714285715,25.285714285714285,4.680252333449755,1.05,1.3,11,730,2,0.0,0.0,0,193.0,193,1.0,HIGH,11,204,178,Current closing stock (26 units) is at or below reorder threshold (37 units) | Critically low days of inventory (1.1 days remaining based on 7-day trend) | 7-day forecasted demand (193 units) exceeds available stock (26 units),CRITICAL: Issue emergency purchase order immediately to prevent stockout
2026-08-27,S02,P205,Chennai,Hypermarket,North,Personal Care,Shampoo,GlowCare,120,79,41,730,SUP08,18000,2850,65,27,26,66,36,3,True,1,26,26,3120.0,3,0.0,0,120.0,1066.0,0,0,31.1,0.8,0,0,0,0,3,0,8,35,0,25.0,31.0,23.0,24.714285714285715,25.571428571428573,4.680252333449755,2.67,2.54,-30,730,3,0.0,0.0,0,195.0,193,0.0,LOW,14,207,114,Critically low days of inventory (2.7 days remaining based on 7-day trend) | 7-day forecasted demand (195 units) exceeds available stock (66 units) | Supplier replenishment lead time is relatively high (3 days),CRITICAL: Issue emergency purchase order immediately to prevent stockout
2026-08-28,S02,P205,Chennai,Hypermarket,North,Personal Care,Shampoo,GlowCare,120,79,41,730,SUP08,18000,2850,41,28,23,46,44,1,True,1,23,23,2760.0,3,0.0,0,120.0,943.0,0,0,34.7,0.4,0,0,0,0,4,0,8,35,0,26.0,26.0,26.0,24.0,25.785714285714285,3.872983346207413,1.92,1.7,-2,730,1,0.0,0.0,0,201.0,200,0.0,LOW,7,207,133,Critically low days of inventory (1.9 days remaining based on 7-day trend) | 7-day forecasted demand (201 units) exceeds available stock (46 units),CRITICAL: Issue emergency purchase order immediately to prevent stockout
2026-08-29,S02,P205,Chennai,Hypermarket,North,Personal Care,Shampoo,GlowCare,120,79,41,730,SUP08,18000,2850,44,0,26,18,41,2,True,1,26,26,3120.0,3,0.0,0,120.0,1066.0,0,1,34.5,0.0,0,0,1,0,5,1,8,35,0,23.0,20.0,24.0,23.571428571428573,25.571428571428573,3.779644730092268,0.76,0.75,23,730,2,0.0,0.0,0,206.0,201,1.0,HIGH,9,210,192,Current closing stock (18 units) is at or below reorder threshold (41 units) | Critically low days of inventory (0.8 days remaining based on 7-day trend) | 7-day forecasted demand (206 units) exceeds available stock (18 units),CRITICAL: Issue emergency purchase order immediately to prevent stockout
2026-08-30,S02,P205,Chennai,Hypermarket,North,Personal Care,Shampoo,GlowCare,120,79,41,730,SUP08,18000,2850,61,6,34,33,43,2,True,1,34,34,4080.0,3,0.0,1,120.0,1394.0,0,1,33.0,8.6,0,0,1,0,6,1,8,35,0,26.0,30.0,29.0,24.428571428571427,25.714285714285715,3.5050983275386525,1.35,1.22,10,730,2,0.0,0.0,1,201.0,198,1.0,HIGH,9,207,168,Current closing stock (33 units) is at or below reorder threshold (43 units) | Critically low days of inventory (1.4 days remaining based on 7-day trend) | 7-day forecasted demand (201 units) exceeds available stock (33 units),CRITICAL: Issue emergency purchase order immediately to prevent stockout
2026-08-31,S02,P205,Chennai,Hypermarket,North,Personal Care,Shampoo,GlowCare,120,79,41,730,SUP08,18000,2850,52,0,26,26,49,2,True,1,26,26,3120.0,3,0.0,0,120.0,1066.0,0,1,30.9,0.0,0,0,0,0,0,0,8,36,0,34.0,22.0,27.0,25.0,26.071428571428573,4.690415759823426,1.04,0.74,23,730,2,0.0,0.0,0,200.0,196,1.0,HIGH,11,207,181,Current closing stock (26 units) is at or below reorder threshold (49 units) | Critically low days of inventory (1.0 days remaining based on 7-day trend) | 7-day forecasted demand (200 units) exceeds available stock (26 units),CRITICAL: Issue emergency purchase order immediately to prevent stockout
2026-09-01,S02,P205,Chennai,Hypermarket,North,Personal Care,Shampoo,GlowCare,120,79,41,730,SUP08,18000,2850,50,0,25,25,51,2,True,1,25,25,3000.0,3,0.0,0,120.0,1025.0,0,1,29.6,3.0,0,0,0,0,1,0,9,36,0,26.0,19.0,31.0,25.571428571428573,26.0,4.50396650583841,0.98,0.93,26,730,2,0.0,0.0,0,197.0,194,1.0,HIGH,11,205,180,Current closing stock (25 units) is at or below reorder threshold (51 units) | Critically low days of inventory (1.0 days remaining based on 7-day trend) | 7-day forecasted demand (197 units) exceeds available stock (25 units),CRITICAL: Issue emergency purchase order immediately to prevent stockout
2026-09-02,S02,P205,Chennai,Hypermarket,North,Personal Care,Shampoo,GlowCare,120,79,41,730,SUP08,18000,2850,43,0,33,10,49,3,True,1,33,33,3960.0,3,0.0,1,120.0,1353.0,0,1,37.0,0.0,0,0,0,0,2,0,9,36,0,25.0,25.0,25.0,26.428571428571427,25.571428571428573,3.505098327538652,0.38,0.38,39,730,3,0.0,0.0,1,186.0,184,1.0,HIGH,11,195,185,Current closing stock (10 units) is at or below reorder threshold (49 units) | Critically low days of inventory (0.4 days remaining based on 7-day trend) | 7-day forecasted demand (186 units) exceeds available stock (10 units) | Supplier replenishment lead time is relatively high (3 days),CRITICAL: Issue emergency purchase order immediately to prevent stockout
2026-09-03,S02,P205,Chennai,Hypermarket,North,Personal Care,Shampoo,GlowCare,120,79,41,730,SUP08,18000,2850,47,18,28,37,53,3,True,1,28,28,3192.0,3,5.0,1,114.0,980.0,0,1,33.1,5.7,0,0,0,0,3,0,9,36,0,33.0,26.0,31.0,27.571428571428573,26.142857142857142,4.197504927816951,1.34,1.09,16,730,3,5.0,6.0,1,180.0,180,1.0,HIGH,12,192,137,Current closing stock (37 units) is at or below reorder threshold (53 units) | Critically low days of inventory (1.3 days remaining based on 7-day trend) | 7-day forecasted demand (180 units) exceeds available stock (37 units) | Supplier replenishment lead time is relatively high (3 days),CRITICAL: Issue emergency purchase order immediately to prevent stockout
2026-09-04,S02,P205,Chennai,Hypermarket,North,Personal Care,Shampoo,GlowCare,120,79,41,730,SUP08,18000,2850,58,20,29,49,47,3,True,1,29,29,3306.0,3,5.0,1,114.0,1015.0,0,0,33.0,0.0,0,0,0,0,4,0,9,36,0,28.0,23.0,26.0,27.857142857142858,25.928571428571427,4.140393356054121,1.76,1.69,-2,730,3,5.0,6.0,1,173.0,180,1.0,HIGH,12,192,123,Critically low days of inventory (1.8 days remaining based on 7-day trend) | 7-day forecasted demand (173 units) exceeds available stock (49 units) | Supplier replenishment lead time is relatively high (3 days),CRITICAL: Issue emergency purchase order immediately to prevent stockout
2026-09-05,S02,P205,Chennai,Hypermarket,North,Personal Care,Shampoo,GlowCare,120,79,41,730,SUP08,18000,2850,58,0,31,27,52,4,True,1,31,31,3720.0,3,0.0,0,120.0,1271.0,0,1,32.7,10.0,0,1,1,0,5,1,9,36,1,29.0,26.0,20.0,28.714285714285715,26.142857142857142,3.5456210417116676,0.94,0.9,25,730,4,0.0,0.0,0,171.0,180,1.0,HIGH,12,192,165,Current closing stock (27 units) is at or below reorder threshold (52 units) | Critically low days of inventory (0.9 days remaining based on 7-day trend) | 7-day forecasted demand (171 units) exceeds available stock (27 units) | Supplier replenishment lead time is relatively high (4 days),CRITICAL: Issue emergency purchase order immediately to prevent stockout
2026-09-06,S02,P205,Chennai,Hypermarket,North,Personal Care,Shampoo,GlowCare,120,79,41,730,SUP08,18000,2850,55,0,29,26,46,3,True,1,29,29,3480.0,3,0.0,0,120.0,1189.0,0,1,31.0,9.5,0,0,1,0,6,1,9,36,0,31.0,34.0,30.0,29.428571428571427,26.928571428571427,3.4086724129853807,0.88,0.81,20,730,3,0.0,0.0,0,164.0,179,1.0,HIGH,10,189,163,Current closing stock (26 units) is at or below reorder threshold (46 units) | Critically low days of inventory (0.9 days remaining based on 7-day trend) | 7-day forecasted demand (164 units) exceeds available stock (26 units) | Supplier replenishment lead time is relatively high (3 days),CRITICAL: Issue emergency purchase order immediately to prevent stockout
2026-09-07,S02,P205,Chennai,Hypermarket,North,Personal Care,Shampoo,GlowCare,120,79,41,730,SUP08,18000,2850,53,0,25,28,50,1,True,1,25,25,3000.0,2,0.0,0,120.0,1025.0,0,1,32.6,7.3,0,0,0,0,0,0,9,37,0,29.0,26.0,22.0,28.714285714285715,26.857142857142858,2.751622897751168,0.98,0.93,22,730,1,0.0,0.0,0,165.0,177,1.0,HIGH,5,182,154,Current closing stock (28 units) is at or below reorder threshold (50 units) | Critically low days of inventory (1.0 days remaining based on 7-day trend) | 7-day forecasted demand (165 units) exceeds available stock (28 units),CRITICAL: Issue emergency purchase order immediately to prevent stockout
2026-09-08,S02,P205,Chennai,Hypermarket,North,Personal Care,Shampoo,GlowCare,120,79,41,730,SUP08,18000,2850,41,0,22,19,46,1,True,1,22,22,2640.0,3,0.0,0,120.0,902.0,0,1,34.2,10.5,0,0,0,1,1,0,9,37,0,25.0,25.0,19.0,28.571428571428573,27.071428571428573,2.935821455580632,0.66,0.73,27,730,1,0.0,0.0,0,172.0,178,1.0,HIGH,5,183,164,Current closing stock (19 units) is at or below reorder threshold (46 units) | Critically low days of inventory (0.7 days remaining based on 7-day trend) | 7-day forecasted demand (172 units) exceeds available stock (19 units),CRITICAL: Issue emergency purchase order immediately to prevent stockout
2026-08-15,S02,P330,Chennai,Hypermarket,North,Beverages,Soft Drink,FizzUp,50,31,19,180,SUP04,18000,2850,297,0,173,124,319,4,True,1,173,173,8650.0,3,0.0,0,50.0,3287.0,0,1,31.5,8.6,1,0,1,0,5,1,8,33,0,167.0,167.0,172.0,170.14285714285714,174.42857142857142,17.35346815892595,0.73,0.74,195,180,4,0.0,0.0,0,1232.0,1234,1.0,HIGH,58,1292,1168,Current closing stock (124 units) is at or below reorder threshold (319 units) | Critically low days of inventory (0.7 days remaining based on 7-day trend) | 7-day forecasted demand (1232 units) exceeds available stock (124 units) | Supplier replenishment lead time is relatively high (4 days),CRITICAL: Issue emergency purchase order immediately to prevent stockout
2026-08-16,S02,P330,Chennai,Hypermarket,North,Beverages,Soft Drink,FizzUp,50,31,19,180,SUP04,18000,2850,415,0,188,227,317,3,True,1,188,188,9400.0,3,0.0,0,50.0,3572.0,0,1,34.0,6.8,0,0,1,0,6,1,8,33,0,173.0,166.0,235.0,171.0,174.5,17.320508075688767,1.33,1.3,90,180,3,0.0,0.0,0,1230.0,1237,1.0,HIGH,50,1287,1060,Current closing stock (227 units) is at or below reorder threshold (317 units) | Critically low days of inventory (1.3 days remaining based on 7-day trend) | 7-day forecasted demand (1230 units) exceeds available stock (227 units) | Supplier replenishment lead time is relatively high (3 days),CRITICAL: Issue emergency purchase order immediately to prevent stockout
2026-08-17,S02,P330,Chennai,Hypermarket,North,Beverages,Soft Drink,FizzUp,50,31,19,180,SUP04,18000,2850,326,155,142,339,283,2,True,1,142,142,7100.0,3,0.0,0,50.0,2698.0,0,0,34.9,4.1,0,0,0,0,0,0,8,34,0,188.0,176.0,200.0,174.14285714285714,171.14285714285714,18.233929649864024,1.95,1.79,-56,180,2,0.0,0.0,0,1260.0,1267,0.0,LOW,43,1310,816,Critically low days of inventory (1.9 days remaining based on 7-day trend) | 7-day forecasted demand (1260 units) exceeds available stock (339 units),CRITICAL: Issue emergency purchase order immediately to prevent stockout
2026-08-18,S02,P330,Chennai,Hypermarket,North,Beverages,Soft Drink,FizzUp,50,31,19,180,SUP04,18000,2850,373,0,165,208,267,3,True,1,165,165,8250.0,3,0.0,0,50.0,3135.0,0,1,32.5,1.9,0,0,0,0,1,0,8,34,0,142.0,196.0,147.0,169.28571428571428,167.0,21.8305159941635,1.23,1.45,59,180,3,0.0,0.0,0,1308.0,1293,1.0,HIGH,63,1356,1148,Current closing stock (208 units) is at or below reorder threshold (267 units) | Critically low days of inventory (1.2 days remaining based on 7-day trend) | 7-day forecasted demand (1308 units) exceeds available stock (208 units) | Supplier replenishment lead time is relatively high (3 days),CRITICAL: Issue emergency purchase order immediately to prevent stockout
2026-08-19,S02,P330,Chennai,Hypermarket,North,Beverages,Soft Drink,FizzUp,50,31,19,180,SUP04,18000,2850,378,104,210,272,256,2,True,1,210,210,9975.0,3,5.0,1,47.5,3465.0,0,0,34.7,9.9,0,0,0,0,2,0,8,34,0,165.0,139.0,166.0,164.85714285714286,168.28571428571428,18.37959531136427,1.65,1.64,-16,180,2,5.0,2.5,1,1283.0,1278,0.4242,MEDIUM,43,1321,945,Critically low days of inventory (1.6 days remaining based on 7-day trend) | 7-day forecasted demand (1283 units) exceeds available stock (272 units),CRITICAL: Issue emergency purchase order immediately to prevent stockout
2026-08-20,S02,P330,Chennai,Hypermarket,North,Beverages,Soft Drink,FizzUp,50,31,19,180,SUP04,18000,2850,391,0,159,232,243,4,True,1,159,159,7950.0,3,0.0,0,50.0,3021.0,0,1,33.8,7.9,0,0,0,0,3,0,8,34,0,210.0,180.0,170.0,175.0,171.42857142857142,21.11871208194288,1.33,1.1,11,180,4,0.0,0.0,0,1295.0,1281,1.0,HIGH,70,1351,1119,Current closing stock (232 units) is at or below reorder threshold (243 units) | Critically low days of inventory (1.3 days remaining based on 7-day trend) | 7-day forecasted demand (1295 units) exceeds available stock (232 units) | Supplier replenishment lead time is relatively high (4 days),CRITICAL: Issue emergency purchase order immediately to prevent stockout
2026-08-21,S02,P330,Chennai,Hypermarket,North,Beverages,Soft Drink,FizzUp,50,31,19,180,SUP04,18000,2850,306,0,189,117,307,4,True,1,189,189,9450.0,3,0.0,0,50.0,3591.0,0,1,33.0,0.0,0,0,0,0,4,0,8,34,0,159.0,167.0,161.0,172.0,170.64285714285714,21.771541057077243,0.68,0.73,190,180,4,0.0,0.0,0,1263.0,1257,1.0,HIGH,72,1329,1212,Current closing stock (117 units) is at or below reorder threshold (307 units) | Critically low days of inventory (0.7 days remaining based on 7-day trend) | 7-day forecasted demand (1263 units) exceeds available stock (117 units) | Supplier replenishment lead time is relatively high (4 days),CRITICAL: Issue emergency purchase order immediately to prevent stockout
2026-08-22,S02,P330,Chennai,Hypermarket,North,Beverages,Soft Drink,FizzUp,50,31,19,180,SUP04,18000,2850,337,74,179,232,323,1,True,1,179,179,8950.0,3,0.0,0,50.0,3401.0,0,1,32.6,1.2,0,0,1,0,5,1,8,34,0,189.0,173.0,167.0,175.14285714285714,172.64285714285714,22.505025893701845,1.32,1.22,91,180,1,0.0,0.0,0,1261.0,1256,1.0,HIGH,38,1294,988,Current closing stock (232 units) is at or below reorder threshold (323 units) | Critically low days of inventory (1.3 days remaining based on 7-day trend) | 7-day forecasted demand (1261 units) exceeds available stock (232 units),CRITICAL: Issue emergency purchase order immediately to prevent stockout
2026-08-23,S02,P330,Chennai,Hypermarket,North,Beverages,Soft Drink,FizzUp,50,31,19,180,SUP04,18000,2850,298,0,186,112,356,3,True,1,186,186,9300.0,3,0.0,0,50.0,3534.0,0,1,32.5,0.8,0,0,1,0,6,1,8,34,0,179.0,188.0,166.0,176.0,173.5,22.52406120870154,0.64,0.62,244,180,3,0.0,0.0,0,1242.0,1246,1.0,HIGH,65,1311,1199,Current closing stock (112 units) is at or below reorder threshold (356 units) | Critically low days of inventory (0.6 days remaining based on 7-day trend) | 7-day forecasted demand (1242 units) exceeds available stock (112 units) | Supplier replenishment lead time is relatively high (3 days),CRITICAL: Issue emergency purchase order immediately to prevent stockout
2026-08-24,S02,P330,Chennai,Hypermarket,North,Beverages,Soft Drink,FizzUp,50,31,19,180,SUP04,18000,2850,412,87,172,327,319,4,True,1,172,172,8600.0,3,0.0,0,50.0,3268.0,0,0,34.0,3.0,0,0,0,0,0,0,8,35,0,186.0,142.0,176.0,175.71428571428572,174.92857142857142,22.358550085029265,1.86,1.75,-8,180,4,0.0,0.0,0,1216.0,1181,0.0,LOW,74,1255,841,Critically low days of inventory (1.9 days remaining based on 7-day trend) | 7-day forecasted demand (1216 units) exceeds available stock (327 units) | Supplier replenishment lead time is relatively high (4 days),CRITICAL: Issue emergency purchase order immediately to prevent stockout
2026-08-25,S02,P330,Chennai,Hypermarket,North,Beverages,Soft Drink,FizzUp,50,31,19,180,SUP04,18000,2850,425,0,213,212,257,4,True,1,213,213,9585.0,3,10.0,1,45.0,2982.0,0,1,31.1,7.8,0,1,0,0,1,0,8,35,1,172.0,165.0,196.0,180.0,174.64285714285714,17.06848948598948,1.18,1.23,45,180,4,10.0,5.0,1,1151.0,1156,1.0,HIGH,57,1213,1001,Current closing stock (212 units) is at or below reorder threshold (257 units) | Critically low days of inventory (1.2 days remaining based on 7-day trend) | 7-day forecasted demand (1151 units) exceeds available stock (212 units) | Supplier replenishment lead time is relatively high (4 days),CRITICAL: Issue emergency purchase order immediately to prevent stockout
2026-08-26,S02,P330,Chennai,Hypermarket,North,Beverages,Soft Drink,FizzUp,50,31,19,180,SUP04,18000,2850,361,0,185,176,323,1,True,1,185,185,8325.0,3,10.0,1,45.0,2590.0,0,1,33.8,4.6,0,1,0,1,2,0,8,35,1,213.0,210.0,139.0,186.8571428571429,175.85714285714286,19.505798893564716,0.94,0.82,147,180,1,10.0,5.0,1,1144.0,1141,1.0,HIGH,33,1174,998,Current closing stock (176 units) is at or below reorder threshold (323 units) | Critically low days of inventory (0.9 days remaining based on 7-day trend) | 7-day forecasted demand (1144 units) exceeds available stock (176 units),CRITICAL: Issue emergency purchase order immediately to prevent stockout
2026-08-27,S02,P330,Chennai,Hypermarket,North,Beverages,Soft Drink,FizzUp,50,31,19,180,SUP04,18000,2850,259,0,171,88,340,1,True,1,171,171,8550.0,3,0.0,0,50.0,3249.0,0,1,31.1,0.8,0,0,0,0,3,0,8,35,0,185.0,159.0,180.0,183.28571428571428,179.14285714285714,16.64045557984402,0.48,0.47,252,180,1,0.0,0.0,0,1112.0,1120,1.0,HIGH,28,1148,1060,Current closing stock (88 units) is at or below reorder threshold (340 units) | Critically low days of inventory (0.5 days remaining based on 7-day trend) | 7-day forecasted demand (1112 units) exceeds available stock (88 units),CRITICAL: Issue emergency purchase order immediately to prevent stockout
2026-08-28,S02,P330,Chennai,Hypermarket,North,Beverages,Soft Drink,FizzUp,50,31,19,180,SUP04,18000,2850,303,0,157,146,294,2,True,1,157,157,7850.0,3,0.0,0,50.0,2983.0,0,1,34.7,0.4,0,0,0,0,4,0,8,35,0,171.0,189.0,167.0,185.0,178.5,14.153915830374766,0.79,0.85,148,180,2,0.0,0.0,0,1101.0,1109,1.0,HIGH,34,1143,997,Current closing stock (146 units) is at or below reorder threshold (294 units) | Critically low days of inventory (0.8 days remaining based on 7-day trend) | 7-day forecasted demand (1101 units) exceeds available stock (146 units),CRITICAL: Issue emergency purchase order immediately to prevent stockout
2026-08-29,S02,P330,Chennai,Hypermarket,North,Beverages,Soft Drink,FizzUp,50,31,19,180,SUP04,18000,2850,302,0,177,125,309,4,True,1,177,177,8850.0,3,0.0,0,50.0,3363.0,0,1,34.5,0.0,0,0,1,0,5,1,8,35,0,157.0,179.0,173.0,180.42857142857144,177.78571428571428,17.434230150837774,0.69,0.79,184,180,4,0.0,0.0,0,1102.0,1106,1.0,HIGH,58,1164,1039,Current closing stock (125 units) is at or below reorder threshold (309 units) | Critically low days of inventory (0.7 days remaining based on 7-day trend) | 7-day forecasted demand (1102 units) exceeds available stock (125 units) | Supplier replenishment lead time is relatively high (4 days),CRITICAL: Issue emergency purchase order immediately to prevent stockout
2026-08-30,S02,P330,Chennai,Hypermarket,North,Beverages,Soft Drink,FizzUp,50,31,19,180,SUP04,18000,2850,265,0,167,98,261,2,True,1,167,167,8350.0,3,0.0,0,50.0,3173.0,0,1,33.0,8.6,0,0,1,0,6,1,8,35,0,177.0,186.0,188.0,180.14285714285714,178.07142857142858,17.477877173049087,0.54,0.55,163,180,2,0.0,0.0,0,1134.0,1128,1.0,HIGH,41,1169,1071,Current closing stock (98 units) is at or below reorder threshold (261 units) | Critically low days of inventory (0.5 days remaining based on 7-day trend) | 7-day forecasted demand (1134 units) exceeds available stock (98 units),CRITICAL: Issue emergency purchase order immediately to prevent stockout
2026-08-31,S02,P330,Chennai,Hypermarket,North,Beverages,Soft Drink,FizzUp,50,31,19,180,SUP04,18000,2850,377,17,146,248,256,3,True,1,146,146,7300.0,3,0.0,0,50.0,2774.0,0,1,30.9,0.0,0,0,0,0,0,0,8,36,0,167.0,172.0,142.0,177.42857142857142,176.57142857142858,17.887212777634776,1.4,1.48,8,180,3,0.0,0.0,0,1112.0,1125,1.0,HIGH,52,1177,912,Current closing stock (248 units) is at or below reorder threshold (256 units) | Critically low days of inventory (1.4 days remaining based on 7-day trend) | 7-day forecasted demand (1112 units) exceeds available stock (248 units) | Supplier replenishment lead time is relatively high (3 days),CRITICAL: Issue emergency purchase order immediately to prevent stockout
2026-09-01,S02,P330,Chennai,Hypermarket,North,Beverages,Soft Drink,FizzUp,50,31,19,180,SUP04,18000,2850,381,0,148,233,275,3,True,1,148,148,7400.0,3,0.0,0,50.0,2812.0,0,1,29.6,3.0,0,0,0,0,1,0,9,36,0,146.0,213.0,165.0,173.71428571428572,176.85714285714286,21.530708965833615,1.34,1.59,42,180,3,0.0,0.0,0,1120.0,1127,1.0,HIGH,62,1189,956,Current closing stock (233 units) is at or below reorder threshold (275 units) | Critically low days of inventory (1.3 days remaining based on 7-day trend) | 7-day forecasted demand (1120 units) exceeds available stock (233 units) | Supplier replenishment lead time is relatively high (3 days),CRITICAL: Issue emergency purchase order immediately to prevent stockout
2026-09-02,S02,P330,Chennai,Hypermarket,North,Beverages,Soft Drink,FizzUp,50,31,19,180,SUP04,18000,2850,387,194,178,403,307,4,True,1,178,178,8900.0,3,0.0,0,50.0,3382.0,0,0,37.0,0.0,0,0,0,0,2,0,9,36,0,148.0,185.0,210.0,164.42857142857142,175.64285714285714,14.695318334502998,2.45,2.7,-96,180,4,0.0,0.0,0,1092.0,1114,0.0,LOW,49,1163,566,Critically low days of inventory (2.5 days remaining based on 7-day trend) | 7-day forecasted demand (1092 units) exceeds available stock (403 units) | Supplier replenishment lead time is relatively high (4 days),CRITICAL: Issue emergency purchase order immediately to prevent stockout
2026-09-03,S02,P330,Chennai,Hypermarket,North,Beverages,Soft Drink,FizzUp,50,31,19,180,SUP04,18000,2850,392,0,139,253,245,1,True,1,139,139,6950.0,3,0.0,0,50.0,2641.0,0,0,33.1,5.7,0,0,0,0,3,0,9,36,0,178.0,171.0,159.0,163.42857142857142,173.35714285714286,13.226956602044924,1.55,1.41,-8,180,1,0.0,0.0,0,1126.0,1152,0.0,LOW,22,1174,921,Critically low days of inventory (1.6 days remaining based on 7-day trend) | 7-day forecasted demand (1126 units) exceeds available stock (253 units),CRITICAL: Issue emergency purchase order immediately to prevent stockout
2026-09-04,S02,P330,Chennai,Hypermarket,North,Beverages,Soft Drink,FizzUp,50,31,19,180,SUP04,18000,2850,271,0,146,125,349,3,True,1,146,146,7300.0,3,0.0,0,50.0,2774.0,0,1,33.0,0.0,0,0,0,0,4,0,9,36,0,139.0,157.0,189.0,158.85714285714286,171.92857142857142,15.50729475041308,0.79,0.89,224,180,3,0.0,0.0,0,1171.0,1136,1.0,HIGH,45,1181,1056,Current closing stock (125 units) is at or below reorder threshold (349 units) | Critically low days of inventory (0.8 days remaining based on 7-day trend) | 7-day forecasted demand (1171 units) exceeds available stock (125 units) | Supplier replenishment lead time is relatively high (3 days),CRITICAL: Issue emergency purchase order immediately to prevent stockout
2026-09-05,S02,P330,Chennai,Hypermarket,North,Beverages,Soft Drink,FizzUp,50,31,19,180,SUP04,18000,2850,259,124,178,205,310,3,True,1,178,178,8900.0,3,0.0,0,50.0,3382.0,0,1,32.7,10.0,0,1,1,0,5,1,9,36,1,146.0,177.0,179.0,157.28571428571428,168.85714285714286,16.26565180284599,1.3,1.39,105,180,3,0.0,0.0,0,1177.0,1142,1.0,HIGH,47,1189,860,Current closing stock (205 units) is at or below reorder threshold (310 units) | Critically low days of inventory (1.3 days remaining based on 7-day trend) | 7-day forecasted demand (1177 units) exceeds available stock (205 units) | Supplier replenishment lead time is relatively high (3 days),CRITICAL: Issue emergency purchase order immediately to prevent stockout
2026-09-06,S02,P330,Chennai,Hypermarket,North,Beverages,Soft Drink,FizzUp,50,31,19,180,SUP04,18000,2850,322,0,199,123,335,1,True,1,199,199,9950.0,3,0.0,0,50.0,3781.0,0,1,31.0,9.5,0,0,1,0,6,1,9,36,0,178.0,167.0,186.0,157.42857142857142,168.78571428571428,16.470753300493357,0.78,0.69,212,180,1,0.0,0.0,0,1180.0,1147,1.0,HIGH,28,1175,1052,Current closing stock (123 units) is at or below reorder threshold (335 units) | Critically low days of inventory (0.8 days remaining based on 7-day trend) | 7-day forecasted demand (1180 units) exceeds available stock (123 units),CRITICAL: Issue emergency purchase order immediately to prevent stockout
2026-09-07,S02,P330,Chennai,Hypermarket,North,Beverages,Soft Drink,FizzUp,50,31,19,180,SUP04,18000,2850,343,195,124,414,294,2,True,1,124,124,6200.0,3,0.0,0,50.0,2356.0,0,0,32.6,7.3,0,0,0,0,0,0,9,37,0,199.0,146.0,172.0,162.0,169.71428571428572,22.796198513494865,2.56,2.07,-120,180,2,0.0,0.0,0,1213.0,1189,0.0,LOW,54,1243,634,Critically low days of inventory (2.6 days remaining based on 7-day trend) | 7-day forecasted demand (1213 units) exceeds available stock (414 units),CRITICAL: Issue emergency purchase order immediately to prevent stockout
2026-09-08,S02,P330,Chennai,Hypermarket,North,Beverages,Soft Drink,FizzUp,50,31,19,180,SUP04,18000,2850,316,136,156,296,295,3,True,1,156,156,7800.0,3,0.0,0,50.0,2964.0,0,0,34.2,10.5,0,0,0,1,1,0,9,37,0,124.0,148.0,213.0,158.85714285714286,166.28571428571428,26.573348624944803,1.86,2.37,-1,180,3,0.0,0.0,0,1213.0,1170,0.0,LOW,76,1246,814,Critically low days of inventory (1.9 days remaining based on 7-day trend) | 7-day forecasted demand (1213 units) exceeds available stock (296 units) | Supplier replenishment lead time is relatively high (3 days),CRITICAL: Issue emergency purchase order immediately to prevent stockout
2026-08-15,S02,P442,Chennai,Hypermarket,North,Snacks,Biscuits,Crispo,35,22,13,240,SUP06,18000,2850,261,0,110,151,195,2,True,1,110,110,3850.0,3,0.0,0,35.0,1430.0,0,1,31.5,8.6,1,0,1,0,5,1,8,33,0,119.0,123.0,96.0,111.28571428571428,111.57142857142856,11.041048949477672,1.36,1.26,44,240,2,0.0,0.0,0,797.0,811,1.0,HIGH,26,837,686,Current closing stock (151 units) is at or below reorder threshold (195 units) | Critically low days of inventory (1.4 days remaining based on 7-day trend) | 7-day forecasted demand (797 units) exceeds available stock (151 units),CRITICAL: Issue emergency purchase order immediately to prevent stockout
2026-08-16,S02,P442,Chennai,Hypermarket,North,Snacks,Biscuits,Crispo,35,22,13,240,SUP06,18000,2850,180,78,105,153,204,4,True,1,105,105,3675.0,3,0.0,0,35.0,1365.0,0,1,34.0,6.8,0,0,1,0,6,1,8,33,0,110.0,125.0,114.0,109.42857142857144,112.57142857142856,9.761440174775156,1.4,1.38,51,240,4,0.0,0.0,0,819.0,828,1.0,HIGH,33,861,630,Current closing stock (153 units) is at or below reorder threshold (204 units) | Critically low days of inventory (1.4 days remaining based on 7-day trend) | 7-day forecasted demand (819 units) exceeds available stock (153 units) | Supplier replenishment lead time is relatively high (4 days),CRITICAL: Issue emergency purchase order immediately to prevent stockout
2026-08-17,S02,P442,Chennai,Hypermarket,North,Snacks,Biscuits,Crispo,35,22,13,240,SUP06,18000,2850,217,0,106,111,153,3,True,1,106,106,3339.0,3,10.0,1,31.5,1007.0,0,1,34.9,4.1,0,0,0,0,0,0,8,34,0,105.0,99.0,106.0,106.57142857142856,111.92857142857144,6.972736021035632,1.04,1.05,42,240,3,10.0,3.5,1,825.0,829,1.0,HIGH,20,849,738,Current closing stock (111 units) is at or below reorder threshold (153 units) | Critically low days of inventory (1.0 days remaining based on 7-day trend) | 7-day forecasted demand (825 units) exceeds available stock (111 units) | Supplier replenishment lead time is relatively high (3 days),CRITICAL: Issue emergency purchase order immediately to prevent stockout
2026-08-18,S02,P442,Chennai,Hypermarket,North,Snacks,Biscuits,Crispo,35,22,13,240,SUP06,18000,2850,171,115,106,180,191,3,True,1,106,106,3710.0,3,0.0,0,35.0,1378.0,0,1,32.5,1.9,0,0,0,0,1,0,8,34,0,106.0,109.0,111.0,107.57142857142856,111.92857142857144,6.160550377391709,1.67,1.68,11,240,3,0.0,0.0,0,836.0,833,1.0,HIGH,18,851,556,Current closing stock (180 units) is at or below reorder threshold (191 units) | Critically low days of inventory (1.7 days remaining based on 7-day trend) | 7-day forecasted demand (836 units) exceeds available stock (180 units) | Supplier replenishment lead time is relatively high (3 days),CRITICAL: Issue emergency purchase order immediately to prevent stockout
2026-08-19,S02,P442,Chennai,Hypermarket,North,Snacks,Biscuits,Crispo,35,22,13,240,SUP06,18000,2850,175,0,92,83,179,1,True,1,92,92,3220.0,3,0.0,0,35.0,1196.0,0,1,34.7,9.9,0,0,0,0,2,0,8,34,0,106.0,99.0,131.0,107.14285714285714,111.57142857142856,6.148944934663507,0.77,0.78,96,240,1,0.0,0.0,0,875.0,857,1.0,HIGH,11,868,785,Current closing stock (83 units) is at or below reorder threshold (179 units) | Critically low days of inventory (0.8 days remaining based on 7-day trend) | 7-day forecasted demand (875 units) exceeds available stock (83 units),CRITICAL: Issue emergency purchase order immediately to prevent stockout
2026-08-20,S02,P442,Chennai,Hypermarket,North,Snacks,Biscuits,Crispo,35,22,13,240,SUP06,18000,2850,176,0,116,60,156,4,True,1,116,116,4060.0,3,0.0,0,35.0,1508.0,0,1,33.8,7.9,0,0,0,0,3,0,8,34,0,92.0,105.0,113.0,106.14285714285714,108.78571428571428,7.988086367179816,0.57,0.65,96,240,4,0.0,0.0,0,856.0,833,1.0,HIGH,27,860,800,Current closing stock (60 units) is at or below reorder threshold (156 units) | Critically low days of inventory (0.6 days remaining based on 7-day trend) | 7-day forecasted demand (856 units) exceeds available stock (60 units) | Supplier replenishment lead time is relatively high (4 days),CRITICAL: Issue emergency purchase order immediately to prevent stockout
2026-08-21,S02,P442,Chennai,Hypermarket,North,Snacks,Biscuits,Crispo,35,22,13,240,SUP06,18000,2850,247,0,121,126,170,4,True,1,121,121,4235.0,3,0.0,1,35.0,1573.0,0,1,33.0,0.0,0,0,0,0,4,0,8,34,0,116.0,119.0,112.0,107.71428571428572,109.0,8.769536014223448,1.17,1.08,44,240,4,0.0,0.0,1,833.0,824,1.0,HIGH,29,853,727,Current closing stock (126 units) is at or below reorder threshold (170 units) | Critically low days of inventory (1.2 days remaining based on 7-day trend) | 7-day forecasted demand (833 units) exceeds available stock (126 units) | Supplier replenishment lead time is relatively high (4 days),CRITICAL: Issue emergency purchase order immediately to prevent stockout
2026-08-22,S02,P442,Chennai,Hypermarket,North,Snacks,Biscuits,Crispo,35,22,13,240,SUP06,18000,2850,212,0,151,61,191,1,True,1,151,151,4756.5,3,10.0,1,31.5,1434.5,0,1,32.6,1.2,0,0,1,0,5,1,8,34,0,121.0,110.0,123.0,108.0,109.64285714285714,9.219544457292896,0.56,0.5,130,240,1,10.0,3.5,1,799.0,819,1.0,HIGH,16,835,774,Current closing stock (61 units) is at or below reorder threshold (191 units) | Critically low days of inventory (0.6 days remaining based on 7-day trend) | 7-day forecasted demand (799 units) exceeds available stock (61 units),CRITICAL: Issue emergency purchase order immediately to prevent stockout
2026-08-23,S02,P442,Chennai,Hypermarket,North,Snacks,Biscuits,Crispo,35,22,13,240,SUP06,18000,2850,166,33,127,72,161,1,True,1,127,127,4222.75,3,5.0,1,33.25,1428.75,0,1,32.5,0.8,0,0,1,0,6,1,8,34,0,151.0,105.0,125.0,113.85714285714286,111.64285714285714,18.774349269047654,0.63,0.47,89,240,1,5.0,1.75,1,807.0,814,1.0,HIGH,31,845,740,Current closing stock (72 units) is at or below reorder threshold (161 units) | Critically low days of inventory (0.6 days remaining based on 7-day trend) | 7-day forecasted demand (807 units) exceeds available stock (72 units),CRITICAL: Issue emergency purchase order immediately to prevent stockout
2026-08-24,S02,P442,Chennai,Hypermarket,North,Snacks,Biscuits,Crispo,35,22,13,240,SUP06,18000,2850,165,107,112,160,178,2,True,1,112,112,3920.0,3,0.0,0,35.0,1456.0,0,1,34.0,3.0,0,0,0,0,0,0,8,35,0,127.0,106.0,99.0,117.0,111.78571428571428,18.885620632287058,1.37,1.25,18,240,2,0.0,0.0,0,805.0,802,1.0,HIGH,45,847,580,Current closing stock (160 units) is at or below reorder threshold (178 units) | Critically low days of inventory (1.4 days remaining based on 7-day trend) | 7-day forecasted demand (805 units) exceeds available stock (160 units),CRITICAL: Issue emergency purchase order immediately to prevent stockout
2026-08-25,S02,P442,Chennai,Hypermarket,North,Snacks,Biscuits,Crispo,35,22,13,240,SUP06,18000,2850,199,0,117,82,189,2,True,1,117,117,4095.0,3,0.0,0,35.0,1521.0,0,1,31.1,7.8,0,1,0,0,1,0,8,35,1,112.0,106.0,109.0,117.85714285714286,112.71428571428572,18.43392318009174,0.7,0.73,107,240,2,0.0,0.0,0,798.0,799,1.0,HIGH,44,843,761,Current closing stock (82 units) is at or below reorder threshold (189 units) | Critically low days of inventory (0.7 days remaining based on 7-day trend) | 7-day forecasted demand (798 units) exceeds available stock (82 units),CRITICAL: Issue emergency purchase order immediately to prevent stockout
2026-08-26,S02,P442,Chennai,Hypermarket,North,Snacks,Biscuits,Crispo,35,22,13,240,SUP06,18000,2850,193,0,131,62,214,4,True,1,131,131,4585.0,3,0.0,0,35.0,1703.0,0,1,33.8,4.6,0,1,0,1,2,0,8,35,1,117.0,92.0,99.0,119.42857142857144,113.28571428571428,17.709292691099986,0.52,0.53,152,240,4,0.0,0.0,0,771.0,790,1.0,HIGH,59,849,787,Current closing stock (62 units) is at or below reorder threshold (214 units) | Critically low days of inventory (0.5 days remaining based on 7-day trend) | 7-day forecasted demand (771 units) exceeds available stock (62 units) | Supplier replenishment lead time is relatively high (4 days),CRITICAL: Issue emergency purchase order immediately to prevent stockout
2026-08-27,S02,P442,Chennai,Hypermarket,North,Snacks,Biscuits,Crispo,35,22,13,240,SUP06,18000,2850,231,105,97,239,220,4,True,1,97,97,3395.0,3,0.0,0,35.0,1261.0,0,0,31.1,0.8,0,0,0,0,3,0,8,35,0,131.0,116.0,105.0,125.0,115.57142857142856,13.203534880225565,1.91,1.81,-19,240,4,0.0,0.0,0,776.0,789,0.0,LOW,44,833,489,Critically low days of inventory (1.9 days remaining based on 7-day trend) | 7-day forecasted demand (776 units) exceeds available stock (239 units) | Supplier replenishment lead time is relatively high (4 days),CRITICAL: Issue emergency purchase order immediately to prevent stockout
2026-08-28,S02,P442,Chennai,Hypermarket,North,Snacks,Biscuits,Crispo,35,22,13,240,SUP06,18000,2850,257,0,98,159,190,1,True,1,98,98,3430.0,3,0.0,0,35.0,1274.0,0,1,34.7,0.4,0,0,0,0,4,0,8,35,0,97.0,121.0,119.0,122.28571428571428,115.0,16.81977294450676,1.3,1.62,31,240,1,0.0,0.0,0,779.0,801,1.0,HIGH,28,829,670,Current closing stock (159 units) is at or below reorder threshold (190 units) | Critically low days of inventory (1.3 days remaining based on 7-day trend) | 7-day forecasted demand (779 units) exceeds available stock (159 units),CRITICAL: Issue emergency purchase order immediately to prevent stockout
2026-08-29,S02,P442,Chennai,Hypermarket,North,Snacks,Biscuits,Crispo,35,22,13,240,SUP06,18000,2850,202,0,117,85,153,1,True,1,117,117,4095.0,3,0.0,0,35.0,1521.0,0,1,34.5,0.0,0,0,1,0,5,1,8,35,0,98.0,151.0,110.0,119.0,113.5,19.192012227313036,0.71,0.86,68,240,1,0.0,0.0,0,785.0,795,1.0,HIGH,32,827,742,Current closing stock (85 units) is at or below reorder threshold (153 units) | Critically low days of inventory (0.7 days remaining based on 7-day trend) | 7-day forecasted demand (785 units) exceeds available stock (85 units),CRITICAL: Issue emergency purchase order immediately to prevent stockout
2026-08-30,S02,P442,Chennai,Hypermarket,North,Snacks,Biscuits,Crispo,35,22,13,240,SUP06,18000,2850,157,0,135,22,210,1,True,1,135,135,4725.0,3,0.0,0,35.0,1755.0,0,1,33.0,8.6,0,0,1,0,6,1,8,35,0,117.0,127.0,105.0,114.14285714285714,114.0,13.069411762184387,0.19,0.19,188,240,1,0.0,0.0,0,782.0,805,1.0,HIGH,22,827,805,Current closing stock (22 units) is at or below reorder threshold (210 units) | Critically low days of inventory (0.2 days remaining based on 7-day trend) | 7-day forecasted demand (782 units) exceeds available stock (22 units),CRITICAL: Issue emergency purchase order immediately to prevent stockout
2026-08-31,S02,P442,Chennai,Hypermarket,North,Snacks,Biscuits,Crispo,35,22,13,240,SUP06,18000,2850,250,0,110,140,184,1,True,1,110,110,3850.0,3,0.0,1,35.0,1430.0,0,1,30.9,0.0,0,0,0,0,0,0,8,36,0,135.0,112.0,106.0,115.28571428571428,116.14285714285714,14.636874503735248,1.21,1.03,44,240,1,0.0,0.0,1,780.0,796,1.0,HIGH,25,821,681,Current closing stock (140 units) is at or below reorder threshold (184 units) | Critically low days of inventory (1.2 days remaining based on 7-day trend) | 7-day forecasted demand (780 units) exceeds available stock (140 units),CRITICAL: Issue emergency purchase order immediately to prevent stockout
2026-09-01,S02,P442,Chennai,Hypermarket,North,Snacks,Biscuits,Crispo,35,22,13,240,SUP06,18000,2850,196,0,110,86,215,1,True,1,110,110,3850.0,3,0.0,0,35.0,1430.0,0,1,29.6,3.0,0,0,0,0,1,0,9,36,0,110.0,117.0,106.0,115.0,116.42857142857144,14.730919862656227,0.75,0.77,129,240,1,0.0,0.0,0,797.0,799,1.0,HIGH,25,824,738,Current closing stock (86 units) is at or below reorder threshold (215 units) | Critically low days of inventory (0.8 days remaining based on 7-day trend) | 7-day forecasted demand (797 units) exceeds available stock (86 units),CRITICAL: Issue emergency purchase order immediately to prevent stockout
2026-09-02,S02,P442,Chennai,Hypermarket,North,Snacks,Biscuits,Crispo,35,22,13,240,SUP06,18000,2850,204,0,104,100,208,2,True,1,104,104,3276.0,3,10.0,1,31.5,988.0,0,1,37.0,0.0,0,0,0,0,2,0,9,36,0,110.0,131.0,92.0,114.0,116.71428571428572,14.809906594348702,0.88,0.9,108,240,2,10.0,3.5,1,823.0,816,1.0,HIGH,35,851,751,Current closing stock (100 units) is at or below reorder threshold (208 units) | Critically low days of inventory (0.9 days remaining based on 7-day trend) | 7-day forecasted demand (823 units) exceeds available stock (100 units),CRITICAL: Issue emergency purchase order immediately to prevent stockout
2026-09-03,S02,P442,Chennai,Hypermarket,North,Snacks,Biscuits,Crispo,35,22,13,240,SUP06,18000,2850,233,0,102,131,212,4,True,1,102,102,3570.0,3,0.0,0,35.0,1326.0,0,1,33.1,5.7,0,0,0,0,3,0,9,36,0,104.0,97.0,116.0,110.14285714285714,117.57142857142856,13.056653111582248,1.19,1.25,81,240,4,0.0,0.0,0,827.0,827,1.0,HIGH,44,871,740,Current closing stock (131 units) is at or below reorder threshold (212 units) | Critically low days of inventory (1.2 days remaining based on 7-day trend) | 7-day forecasted demand (827 units) exceeds available stock (131 units) | Supplier replenishment lead time is relatively high (4 days),CRITICAL: Issue emergency purchase order immediately to prevent stockout
2026-09-04,S02,P442,Chennai,Hypermarket,North,Snacks,Biscuits,Crispo,35,22,13,240,SUP06,18000,2850,239,0,101,138,207,1,True,1,101,101,3535.0,3,0.0,0,35.0,1313.0,0,1,33.0,0.0,0,0,0,0,4,0,9,36,0,102.0,98.0,121.0,110.85714285714286,116.57142857142856,12.334620267477108,1.24,1.34,69,240,1,0.0,0.0,0,831.0,824,1.0,HIGH,21,845,707,Current closing stock (138 units) is at or below reorder threshold (207 units) | Critically low days of inventory (1.2 days remaining based on 7-day trend) | 7-day forecasted demand (831 units) exceeds available stock (138 units),CRITICAL: Issue emergency purchase order immediately to prevent stockout
2026-09-05,S02,P442,Chennai,Hypermarket,North,Snacks,Biscuits,Crispo,35,22,13,240,SUP06,18000,2850,250,102,123,229,210,2,True,1,123,123,4305.0,3,0.0,0,35.0,1599.0,0,0,32.7,10.0,0,1,1,0,5,1,9,36,1,101.0,117.0,151.0,111.28571428571428,115.14285714285714,11.85628224071224,2.06,2.25,-19,240,2,0.0,0.0,0,838.0,827,0.0,LOW,28,855,524,Critically low days of inventory (2.1 days remaining based on 7-day trend) | 7-day forecasted demand (838 units) exceeds available stock (229 units),CRITICAL: Issue emergency purchase order immediately to prevent stockout
2026-09-06,S02,P442,Chennai,Hypermarket,North,Snacks,Biscuits,Crispo,35,22,13,240,SUP06,18000,2850,158,33,132,59,200,3,True,1,132,132,4620.0,3,0.0,0,35.0,1716.0,0,1,31.0,9.5,0,0,1,0,6,1,9,36,0,123.0,135.0,127.0,112.14285714285714,113.14285714285714,12.53566341056017,0.53,0.48,141,240,3,0.0,0.0,0,810.0,823,1.0,HIGH,36,859,767,Current closing stock (59 units) is at or below reorder threshold (200 units) | Critically low days of inventory (0.5 days remaining based on 7-day trend) | 7-day forecasted demand (810 units) exceeds available stock (59 units) | Supplier replenishment lead time is relatively high (3 days),CRITICAL: Issue emergency purchase order immediately to prevent stockout
2026-09-07,S02,P442,Chennai,Hypermarket,North,Snacks,Biscuits,Crispo,35,22,13,240,SUP06,18000,2850,244,0,108,136,216,4,True,1,108,108,3780.0,3,0.0,0,35.0,1404.0,0,1,32.6,7.3,0,0,0,0,0,0,9,37,0,132.0,110.0,112.0,111.71428571428572,113.5,11.643514442445136,1.22,1.02,80,240,4,0.0,0.0,0,814.0,808,1.0,HIGH,39,847,711,Current closing stock (136 units) is at or below reorder threshold (216 units) | Critically low days of inventory (1.2 days remaining based on 7-day trend) | 7-day forecasted demand (814 units) exceeds available stock (136 units) | Supplier replenishment lead time is relatively high (4 days),CRITICAL: Issue emergency purchase order immediately to prevent stockout
2026-09-08,S02,P442,Chennai,Hypermarket,North,Snacks,Biscuits,Crispo,35,22,13,240,SUP06,18000,2850,212,80,127,165,172,1,True,1,127,127,4222.75,3,5.0,1,33.25,1428.75,0,1,34.2,10.5,0,0,0,1,1,0,9,37,0,108.0,110.0,117.0,111.42857142857144,113.21428571428572,11.71689866328604,1.48,1.51,7,240,1,5.0,1.75,1,799.0,826,1.0,HIGH,20,846,601,Current closing stock (165 units) is at or below reorder threshold (172 units) | Critically low days of inventory (1.5 days remaining based on 7-day trend) | 7-day forecasted demand (799 units) exceeds available stock (165 units),CRITICAL: Issue emergency purchase order immediately to prevent stockout
2026-08-15,S03,P101,Madurai,Express,South,Dairy,Milk,Aavin,60,52,8,3,SUP01,4200,720,127,0,79,48,111,1,True,1,79,79,4740.0,3,0.0,1,60.0,632.0,0,1,33.7,3.0,1,0,1,0,5,1,8,33,0,56.0,60.0,83.0,67.42857142857143,71.42857142857143,13.488972568449425,0.71,0.84,63,3,1,0.0,0.0,1,505.0,506,1.0,HIGH,23,529,481,Current closing stock (48 units) is at or below reorder threshold (111 units) | Critically low days of inventory (0.7 days remaining based on 7-day trend) | 7-day forecasted demand (505 units) exceeds available stock (48 units),CRITICAL: Issue emergency purchase order immediately to prevent stockout
2026-08-16,S03,P101,Madurai,Express,South,Dairy,Milk,Aavin,60,52,8,3,SUP01,4200,720,123,10,74,59,103,1,True,1,74,74,4440.0,3,0.0,0,60.0,592.0,0,1,33.4,0.0,0,0,1,0,6,1,8,33,0,79.0,73.0,89.0,70.14285714285714,71.14285714285714,13.655628527321271,0.84,0.74,44,3,1,0.0,0.0,0,521.0,515,1.0,HIGH,23,538,469,Current closing stock (59 units) is at or below reorder threshold (103 units) | Critically low days of inventory (0.8 days remaining based on 7-day trend) | 7-day forecasted demand (521 units) exceeds available stock (59 units),CRITICAL: Issue emergency purchase order immediately to prevent stockout
2026-08-17,S03,P101,Madurai,Express,South,Dairy,Milk,Aavin,60,52,8,3,SUP01,4200,720,170,76,70,176,107,2,True,1,70,70,4200.0,3,0.0,0,60.0,560.0,0,0,32.4,9.0,0,0,0,0,0,0,8,34,0,74.0,88.0,86.0,70.28571428571429,70.07142857142857,13.695671891930992,2.5,2.35,-69,3,2,0.0,0.0,0,532.0,524,0.0,LOW,32,556,304,Critically low days of inventory (2.5 days remaining based on 7-day trend) | 7-day forecasted demand (532 units) exceeds available stock (176 units),CRITICAL: Issue emergency purchase order immediately to prevent stockout
2026-08-18,S03,P101,Madurai,Express,South,Dairy,Milk,Aavin,60,52,8,3,SUP01,4200,720,119,0,63,56,118,2,True,1,63,63,3780.0,3,0.0,0,60.0,504.0,0,1,34.0,4.4,0,0,0,0,1,0,8,34,0,70.0,48.0,66.0,67.71428571428571,68.92857142857143,11.294752258081129,0.83,0.79,62,3,2,0.0,0.0,0,522.0,513,1.0,HIGH,27,540,484,Current closing stock (56 units) is at or below reorder threshold (118 units) | Critically low days of inventory (0.8 days remaining based on 7-day trend) | 7-day forecasted demand (522 units) exceeds available stock (56 units),CRITICAL: Issue emergency purchase order immediately to prevent stockout
2026-08-19,S03,P101,Madurai,Express,South,Dairy,Milk,Aavin,60,52,8,3,SUP01,4200,720,174,57,58,173,134,1,True,1,58,58,3480.0,3,0.0,0,60.0,464.0,0,0,30.0,1.4,0,0,0,1,2,0,8,34,0,63.0,73.0,67.0,69.85714285714286,68.71428571428571,7.819389819088008,2.48,2.7,-39,3,1,0.0,0.0,0,535.0,523,0.0,LOW,13,536,306,Critically low days of inventory (2.5 days remaining based on 7-day trend) | 7-day forecasted demand (535 units) exceeds available stock (173 units),CRITICAL: Issue emergency purchase order immediately to prevent stockout
2026-08-20,S03,P101,Madurai,Express,South,Dairy,Milk,Aavin,60,52,8,3,SUP01,4200,720,129,0,75,54,110,2,True,1,75,75,4500.0,3,0.0,0,60.0,600.0,0,1,36.2,0.0,0,0,0,0,3,0,8,34,0,58.0,74.0,73.0,67.71428571428571,68.07142857142857,8.807464366741923,0.8,0.92,56,3,2,0.0,0.0,0,521.0,518,1.0,HIGH,21,539,485,Current closing stock (54 units) is at or below reorder threshold (110 units) | Critically low days of inventory (0.8 days remaining based on 7-day trend) | 7-day forecasted demand (521 units) exceeds available stock (54 units),CRITICAL: Issue emergency purchase order immediately to prevent stockout
2026-08-21,S03,P101,Madurai,Express,South,Dairy,Milk,Aavin,60,52,8,3,SUP01,4200,720,168,42,90,120,118,3,True,1,90,90,4860.0,3,10.0,1,54.0,180.0,0,0,36.9,2.4,0,0,0,0,4,0,8,34,0,75.0,56.0,64.0,67.85714285714286,68.21428571428571,8.933617621631448,1.77,1.58,-2,3,3,10.0,6.0,1,492.0,499,0.0172,LOW,26,525,363,Critically low days of inventory (1.8 days remaining based on 7-day trend) | 7-day forecasted demand (492 units) exceeds available stock (120 units) | Supplier replenishment lead time is relatively high (3 days),CRITICAL: Issue emergency purchase order immediately to prevent stockout
2026-08-22,S03,P101,Madurai,Express,South,Dairy,Milk,Aavin,60,52,8,3,SUP01,4200,720,107,0,75,32,105,2,True,1,75,75,4500.0,3,0.0,0,60.0,600.0,0,1,36.5,0.0,0,0,1,1,5,1,8,34,0,90.0,79.0,60.0,72.71428571428571,70.07142857142857,10.515294982615966,0.44,0.35,73,3,2,0.0,0.0,0,507.0,505,1.0,HIGH,25,530,498,Current closing stock (32 units) is at or below reorder threshold (105 units) | Critically low days of inventory (0.4 days remaining based on 7-day trend) | 7-day forecasted demand (507 units) exceeds available stock (32 units),CRITICAL: Issue emergency purchase order immediately to prevent stockout
2026-08-23,S03,P101,Madurai,Express,South,Dairy,Milk,Aavin,60,52,8,3,SUP01,4200,720,191,24,90,125,147,1,True,1,90,90,4590.0,3,15.0,1,51.0,-90.0,0,1,33.6,4.2,0,0,1,0,6,1,8,34,0,75.0,74.0,73.0,72.14285714285714,71.14285714285714,10.221359521912456,1.73,1.64,22,3,1,15.0,9.0,1,485.0,495,0.4242,MEDIUM,17,512,363,Current closing stock (125 units) is at or below reorder threshold (147 units) | Critically low days of inventory (1.7 days remaining based on 7-day trend) | 7-day forecasted demand (485 units) exceeds available stock (125 units),CRITICAL: Issue emergency purchase order immediately to prevent stockout
2026-08-24,S03,P101,Madurai,Express,South,Dairy,Milk,Aavin,60,52,8,3,SUP01,4200,720,154,0,81,73,126,2,True,1,81,81,4860.0,3,0.0,1,60.0,648.0,0,1,33.9,1.3,0,0,0,1,0,0,8,35,0,90.0,70.0,88.0,74.42857142857143,72.35714285714286,12.286267983093191,0.98,0.8,53,3,2,0.0,0.0,1,476.0,489,1.0,HIGH,29,518,445,Current closing stock (73 units) is at or below reorder threshold (126 units) | Critically low days of inventory (1.0 days remaining based on 7-day trend) | 7-day forecasted demand (476 units) exceeds available stock (73 units),CRITICAL: Issue emergency purchase order immediately to prevent stockout
2026-08-25,S03,P101,Madurai,Express,South,Dairy,Milk,Aavin,60,52,8,3,SUP01,4200,720,123,0,53,70,125,4,True,1,53,53,3180.0,3,0.0,0,60.0,424.0,0,1,34.7,0.0,0,1,0,0,1,0,8,35,1,81.0,63.0,48.0,76.0,71.85714285714286,12.32882800593795,0.92,0.85,55,3,4,0.0,0.0,0,482.0,488,1.0,HIGH,41,529,459,Current closing stock (70 units) is at or below reorder threshold (125 units) | Critically low days of inventory (0.9 days remaining based on 7-day trend) | 7-day forecasted demand (482 units) exceeds available stock (70 units) | Supplier replenishment lead time is relatively high (4 days),CRITICAL: Issue emergency purchase order immediately to prevent stockout
2026-08-26,S03,P101,Madurai,Express,South,Dairy,Milk,Aavin,60,52,8,3,SUP01,4200,720,103,0,71,32,131,3,True,1,71,71,4260.0,3,0.0,0,60.0,568.0,0,1,31.9,1.8,0,1,0,0,2,0,8,35,1,53.0,58.0,73.0,74.57142857142857,72.21428571428571,14.478226673838462,0.43,0.59,99,3,3,0.0,0.0,0,479.0,485,1.0,HIGH,42,527,495,Current closing stock (32 units) is at or below reorder threshold (131 units) | Critically low days of inventory (0.4 days remaining based on 7-day trend) | 7-day forecasted demand (479 units) exceeds available stock (32 units) | Supplier replenishment lead time is relatively high (3 days),CRITICAL: Issue emergency purchase order immediately to prevent stockout
2026-08-27,S03,P101,Madurai,Express,South,Dairy,Milk,Aavin,60,52,8,3,SUP01,4200,720,169,0,61,108,114,2,True,1,61,61,3660.0,3,0.0,0,60.0,488.0,0,1,35.1,2.0,0,0,0,0,3,0,8,35,0,71.0,75.0,74.0,76.42857142857143,72.07142857142857,12.726051271010222,1.41,1.5,6,3,2,0.0,0.0,0,490.0,496,1.0,HIGH,30,526,418,Current closing stock (108 units) is at or below reorder threshold (114 units) | Critically low days of inventory (1.4 days remaining based on 7-day trend) | 7-day forecasted demand (490 units) exceeds available stock (108 units),CRITICAL: Issue emergency purchase order immediately to prevent stockout
2026-08-28,S03,P101,Madurai,Express,South,Dairy,Milk,Aavin,60,52,8,3,SUP01,4200,720,175,0,61,114,142,1,True,1,61,61,3660.0,3,0.0,0,60.0,488.0,0,1,33.0,7.9,0,0,0,1,4,0,8,35,0,61.0,90.0,56.0,74.42857142857143,71.14285714285714,14.022091413874309,1.53,1.84,28,3,1,0.0,0.0,0,496.0,497,0.4242,MEDIUM,24,521,407,Current closing stock (114 units) is at or below reorder threshold (142 units) | Critically low days of inventory (1.5 days remaining based on 7-day trend) | 7-day forecasted demand (496 units) exceeds available stock (114 units),CRITICAL: Issue emergency purchase order immediately to prevent stockout
2026-08-29,S03,P101,Madurai,Express,South,Dairy,Milk,Aavin,60,52,8,3,SUP01,4200,720,148,0,90,58,139,4,True,1,90,90,5130.0,3,5.0,1,57.0,450.0,0,1,34.2,13.8,0,0,1,0,5,1,8,35,0,61.0,75.0,79.0,70.28571428571429,71.5,12.893335303097304,0.83,0.94,81,3,4,5.0,3.0,1,487.0,491,1.0,HIGH,43,534,476,Current closing stock (58 units) is at or below reorder threshold (139 units) | Critically low days of inventory (0.8 days remaining based on 7-day trend) | 7-day forecasted demand (487 units) exceeds available stock (58 units) | Supplier replenishment lead time is relatively high (4 days),CRITICAL: Issue emergency purchase order immediately to prevent stockout
2026-08-30,S03,P101,Madurai,Express,South,Dairy,Milk,Aavin,60,52,8,3,SUP01,4200,720,113,0,68,45,144,4,True,1,68,68,4080.0,3,0.0,0,60.0,544.0,0,1,36.3,10.0,0,0,1,0,6,1,8,35,0,90.0,90.0,74.0,72.42857142857143,72.28571428571429,14.898066349442164,0.62,0.49,99,3,4,0.0,0.0,0,486.0,489,1.0,HIGH,50,539,494,Current closing stock (45 units) is at or below reorder threshold (144 units) | Critically low days of inventory (0.6 days remaining based on 7-day trend) | 7-day forecasted demand (486 units) exceeds available stock (45 units) | Supplier replenishment lead time is relatively high (4 days),CRITICAL: Issue emergency purchase order immediately to prevent stockout
2026-08-31,S03,P101,Madurai,Express,South,Dairy,Milk,Aavin,60,52,8,3,SUP01,4200,720,123,0,72,51,141,2,True,1,72,72,4320.0,3,0.0,0,60.0,576.0,0,1,32.8,1.7,0,0,0,0,0,0,8,36,0,68.0,81.0,70.0,69.28571428571429,71.85714285714286,12.737271891503898,0.74,0.74,90,3,2,0.0,0.0,0,490.0,493,1.0,HIGH,30,523,472,Current closing stock (51 units) is at or below reorder threshold (141 units) | Critically low days of inventory (0.7 days remaining based on 7-day trend) | 7-day forecasted demand (490 units) exceeds available stock (51 units),CRITICAL: Issue emergency purchase order immediately to prevent stockout
2026-09-01,S03,P101,Madurai,Express,South,Dairy,Milk,Aavin,60,52,8,3,SUP01,4200,720,162,0,59,103,115,1,True,1,59,59,3540.0,3,0.0,0,60.0,472.0,0,1,36.1,8.1,0,0,0,0,1,0,9,36,0,72.0,53.0,63.0,68.0,72.0,11.775681155103795,1.51,1.41,12,3,1,0.0,0.0,0,505.0,504,1.0,HIGH,20,524,421,Current closing stock (103 units) is at or below reorder threshold (115 units) | Critically low days of inventory (1.5 days remaining based on 7-day trend) | 7-day forecasted demand (505 units) exceeds available stock (103 units),CRITICAL: Issue emergency purchase order immediately to prevent stockout
2026-09-02,S03,P101,Madurai,Express,South,Dairy,Milk,Aavin,60,52,8,3,SUP01,4200,720,174,0,68,106,133,2,True,1,68,68,4080.0,3,0.0,0,60.0,544.0,0,1,33.5,2.1,0,0,0,0,2,0,9,36,0,59.0,71.0,58.0,68.85714285714286,71.71428571428571,10.668154658117956,1.54,1.77,27,3,2,0.0,0.0,0,505.0,503,0.0172,LOW,25,528,422,Current closing stock (106 units) is at or below reorder threshold (133 units) | Critically low days of inventory (1.5 days remaining based on 7-day trend) | 7-day forecasted demand (505 units) exceeds available stock (106 units),CRITICAL: Issue emergency purchase order immediately to prevent stockout
2026-09-03,S03,P101,Madurai,Express,South,Dairy,Milk,Aavin,60,52,8,3,SUP01,4200,720,175,0,72,103,109,1,True,1,72,72,4320.0,3,0.0,1,60.0,576.0,0,1,34.5,0.0,0,0,0,0,3,0,9,36,0,68.0,61.0,75.0,68.42857142857143,72.42857142857143,10.62790576512518,1.51,1.49,6,3,1,0.0,0.0,1,500.0,504,1.0,HIGH,18,522,419,Current closing stock (103 units) is at or below reorder threshold (109 units) | Critically low days of inventory (1.5 days remaining based on 7-day trend) | 7-day forecasted demand (500 units) exceeds available stock (103 units),CRITICAL: Issue emergency purchase order immediately to prevent stockout
2026-09-04,S03,P101,Madurai,Express,South,Dairy,Milk,Aavin,60,52,8,3,SUP01,4200,720,117,0,67,50,140,1,True,1,67,67,4020.0,3,0.0,0,60.0,536.0,0,1,32.1,0.0,0,0,0,0,4,0,9,36,0,72.0,61.0,90.0,70.0,72.21428571428571,10.148891565092216,0.71,0.68,90,3,1,0.0,0.0,0,503.0,502,1.0,HIGH,17,519,469,Current closing stock (50 units) is at or below reorder threshold (140 units) | Critically low days of inventory (0.7 days remaining based on 7-day trend) | 7-day forecasted demand (503 units) exceeds available stock (50 units),CRITICAL: Issue emergency purchase order immediately to prevent stockout
2026-09-05,S03,P101,Madurai,Express,South,Dairy,Milk,Aavin,60,52,8,3,SUP01,4200,720,108,23,81,50,128,3,True,1,81,81,4860.0,3,0.0,0,60.0,648.0,0,1,35.8,4.9,0,1,1,0,5,1,9,36,1,67.0,90.0,75.0,70.85714285714286,70.57142857142857,9.49435922760757,0.71,0.74,78,3,3,0.0,0.0,0,505.0,503,1.0,HIGH,28,531,458,Current closing stock (50 units) is at or below reorder threshold (128 units) | Critically low days of inventory (0.7 days remaining based on 7-day trend) | 7-day forecasted demand (505 units) exceeds available stock (50 units) | Supplier replenishment lead time is relatively high (3 days),CRITICAL: Issue emergency purchase order immediately to prevent stockout
2026-09-06,S03,P101,Madurai,Express,South,Dairy,Milk,Aavin,60,52,8,3,SUP01,4200,720,110,0,67,43,132,2,True,1,67,67,4020.0,3,0.0,0,60.0,536.0,0,1,34.6,0.0,0,0,1,1,6,1,9,36,0,81.0,68.0,90.0,69.57142857142857,71.0,6.654751256486919,0.62,0.52,89,3,2,0.0,0.0,0,514.0,510,1.0,HIGH,16,526,483,Current closing stock (43 units) is at or below reorder threshold (132 units) | Critically low days of inventory (0.6 days remaining based on 7-day trend) | 7-day forecasted demand (514 units) exceeds available stock (43 units),CRITICAL: Issue emergency purchase order immediately to prevent stockout
2026-09-07,S03,P101,Madurai,Express,South,Dairy,Milk,Aavin,60,52,8,3,SUP01,4200,720,125,0,76,49,123,2,True,1,76,76,3876.0,3,15.0,1,51.0,-76.0,0,1,36.7,0.0,0,0,0,0,0,0,9,37,0,67.0,72.0,81.0,69.42857142857143,69.35714285714286,6.704653678780201,0.71,0.72,74,3,2,15.0,9.0,1,508.0,512,1.0,HIGH,16,528,479,Current closing stock (49 units) is at or below reorder threshold (123 units) | Critically low days of inventory (0.7 days remaining based on 7-day trend) | 7-day forecasted demand (508 units) exceeds available stock (49 units),CRITICAL: Issue emergency purchase order immediately to prevent stockout
2026-09-08,S03,P101,Madurai,Express,South,Dairy,Milk,Aavin,60,52,8,3,SUP01,4200,720,181,87,74,194,148,3,True,1,74,74,4218.0,3,5.0,1,57.0,370.0,0,0,34.3,4.0,0,0,0,0,1,0,9,37,0,76.0,59.0,53.0,70.0,69.0,7.11805216802087,2.77,2.52,-46,3,3,5.0,3.0,1,509.0,514,0.0,LOW,21,535,254,Critically low days of inventory (2.8 days remaining based on 7-day trend) | 7-day forecasted demand (509 units) exceeds available stock (194 units) | Supplier replenishment lead time is relatively high (3 days),CRITICAL: Issue emergency purchase order immediately to prevent stockout
2026-08-15,S03,P205,Madurai,Express,South,Personal Care,Shampoo,GlowCare,120,79,41,730,SUP08,4200,720,36,0,15,21,22,3,True,1,15,15,1800.0,3,0.0,0,120.0,615.0,0,1,33.7,3.0,1,0,1,0,5,1,8,33,0,14.0,16.0,14.0,13.571428571428571,13.642857142857142,2.070196678027062,1.55,1.4,1,730,3,0.0,0.0,0,102.0,102,1.0,HIGH,6,108,87,Current closing stock (21 units) is at or below reorder threshold (22 units) | Critically low days of inventory (1.6 days remaining based on 7-day trend) | 7-day forecasted demand (102 units) exceeds available stock (21 units) | Supplier replenishment lead time is relatively high (3 days),URGENT: Place purchase order within 24 hours to replenish stock
2026-08-16,S03,P205,Madurai,Express,South,Personal Care,Shampoo,GlowCare,120,79,41,730,SUP08,4200,720,33,0,15,18,22,4,True,1,15,15,1800.0,3,0.0,0,120.0,615.0,0,1,33.4,0.0,0,0,1,0,6,1,8,33,0,15.0,14.0,12.0,13.428571428571429,13.714285714285714,1.902379462422684,1.34,1.12,4,730,4,0.0,0.0,0,102.0,102,1.0,HIGH,7,109,91,Current closing stock (18 units) is at or below reorder threshold (22 units) | Critically low days of inventory (1.3 days remaining based on 7-day trend) | 7-day forecasted demand (102 units) exceeds available stock (18 units) | Supplier replenishment lead time is relatively high (4 days),URGENT: Place purchase order within 24 hours to replenish stock
2026-08-17,S03,P205,Madurai,Express,South,Personal Care,Shampoo,GlowCare,120,79,41,730,SUP08,4200,720,32,0,15,17,22,4,True,1,15,15,1800.0,3,0.0,0,120.0,615.0,0,1,32.4,9.0,0,0,0,0,0,0,8,34,0,15.0,13.0,14.0,13.571428571428571,13.928571428571429,1.98805959477601,1.25,1.06,5,730,4,0.0,0.0,0,100.0,101,1.0,HIGH,7,108,91,Current closing stock (17 units) is at or below reorder threshold (22 units) | Critically low days of inventory (1.2 days remaining based on 7-day trend) | 7-day forecasted demand (100 units) exceeds available stock (17 units) | Supplier replenishment lead time is relatively high (4 days),URGENT: Place purchase order within 24 hours to replenish stock
2026-08-18,S03,P205,Madurai,Express,South,Personal Care,Shampoo,GlowCare,120,79,41,730,SUP08,4200,720,29,0,13,16,25,1,True,1,13,13,1560.0,2,0.0,0,120.0,533.0,0,1,34.0,4.4,0,0,0,0,1,0,8,34,0,15.0,16.0,13.0,13.857142857142858,14.0,2.0354009783964297,1.15,1.0,9,730,1,0.0,0.0,0,101.0,102,1.0,HIGH,4,106,90,Current closing stock (16 units) is at or below reorder threshold (25 units) | Critically low days of inventory (1.1 days remaining based on 7-day trend) | 7-day forecasted demand (101 units) exceeds available stock (16 units),URGENT: Place purchase order within 24 hours to replenish stock
2026-08-19,S03,P205,Madurai,Express,South,Personal Care,Shampoo,GlowCare,120,79,41,730,SUP08,4200,720,30,0,15,15,28,2,True,1,15,15,1800.0,3,0.0,0,120.0,615.0,0,1,30.0,1.4,0,0,0,1,2,0,8,34,0,13.0,11.0,14.0,13.428571428571429,14.0,1.8126539343499313,1.12,1.07,13,730,2,0.0,0.0,0,103.0,103,1.0,HIGH,5,108,93,Current closing stock (15 units) is at or below reorder threshold (28 units) | Critically low days of inventory (1.1 days remaining based on 7-day trend) | 7-day forecasted demand (103 units) exceeds available stock (15 units),URGENT: Place purchase order within 24 hours to replenish stock
2026-08-20,S03,P205,Madurai,Express,South,Personal Care,Shampoo,GlowCare,120,79,41,730,SUP08,4200,720,28,16,13,31,21,1,True,1,13,13,1560.0,3,0.0,0,120.0,533.0,0,0,36.2,0.0,0,0,0,0,3,0,8,34,0,15.0,11.0,17.0,14.0,14.071428571428571,1.527525231651947,2.21,1.94,-10,730,1,0.0,0.0,0,104.0,103,0.0,LOW,3,106,59,Critically low days of inventory (2.2 days remaining based on 7-day trend) | 7-day forecasted demand (104 units) exceeds available stock (31 units),URGENT: Place purchase order within 24 hours to replenish stock
2026-08-21,S03,P205,Madurai,Express,South,Personal Care,Shampoo,GlowCare,120,79,41,730,SUP08,4200,720,23,0,15,8,23,4,True,1,15,15,1800.0,3,0.0,1,120.0,615.0,0,1,36.9,2.4,0,0,0,0,4,0,8,34,0,13.0,14.0,12.0,14.285714285714286,13.785714285714286,0.9511897312113432,0.56,0.57,15,730,4,0.0,0.0,1,103.0,103,1.0,HIGH,4,107,99,Current closing stock (8 units) is at or below reorder threshold (23 units) | Critically low days of inventory (0.6 days remaining based on 7-day trend) | 7-day forecasted demand (103 units) exceeds available stock (8 units) | Supplier replenishment lead time is relatively high (4 days),URGENT: Place purchase order within 24 hours to replenish stock
2026-08-22,S03,P205,Madurai,Express,South,Personal Care,Shampoo,GlowCare,120,79,41,730,SUP08,4200,720,36,9,16,29,20,3,True,1,16,16,1920.0,3,0.0,0,120.0,656.0,0,0,36.5,0.0,0,0,1,1,5,1,8,34,0,15.0,15.0,16.0,14.428571428571429,14.0,0.9759000729485344,2.01,1.81,-9,730,3,0.0,0.0,0,103.0,103,0.0,LOW,3,106,68,Critically low days of inventory (2.0 days remaining based on 7-day trend) | 7-day forecasted demand (103 units) exceeds available stock (29 units) | Supplier replenishment lead time is relatively high (3 days),URGENT: Place purchase order within 24 hours to replenish stock
2026-08-23,S03,P205,Madurai,Express,South,Personal Care,Shampoo,GlowCare,120,79,41,730,SUP08,4200,720,30,0,15,15,24,3,True,1,15,15,1800.0,3,0.0,0,120.0,615.0,0,1,33.6,4.2,0,0,1,0,6,1,8,34,0,16.0,15.0,14.0,14.571428571428571,14.0,1.1338934190276828,1.03,0.88,9,730,3,0.0,0.0,0,102.0,102,1.0,HIGH,4,106,91,Current closing stock (15 units) is at or below reorder threshold (24 units) | Critically low days of inventory (1.0 days remaining based on 7-day trend) | 7-day forecasted demand (102 units) exceeds available stock (15 units) | Supplier replenishment lead time is relatively high (3 days),URGENT: Place purchase order within 24 hours to replenish stock
2026-08-24,S03,P205,Madurai,Express,South,Personal Care,Shampoo,GlowCare,120,79,41,730,SUP08,4200,720,21,0,13,8,22,3,True,1,13,13,1560.0,3,0.0,0,120.0,533.0,0,1,33.9,1.3,0,0,0,1,0,0,8,35,0,15.0,15.0,13.0,14.571428571428571,14.071428571428571,1.1338934190276828,0.55,0.5,14,730,3,0.0,0.0,0,103.0,102,1.0,HIGH,4,106,98,Current closing stock (8 units) is at or below reorder threshold (22 units) | Critically low days of inventory (0.6 days remaining based on 7-day trend) | 7-day forecasted demand (103 units) exceeds available stock (8 units) | Supplier replenishment lead time is relatively high (3 days),URGENT: Place purchase order within 24 hours to replenish stock
2026-08-25,S03,P205,Madurai,Express,South,Personal Care,Shampoo,GlowCare,120,79,41,730,SUP08,4200,720,22,0,14,8,27,4,True,1,14,14,1680.0,3,0.0,0,120.0,574.0,0,1,34.7,0.0,0,1,0,0,1,0,8,35,1,13.0,13.0,16.0,14.285714285714286,14.071428571428571,1.2535663410560187,0.56,0.57,19,730,4,0.0,0.0,0,103.0,103,1.0,HIGH,5,108,100,Current closing stock (8 units) is at or below reorder threshold (27 units) | Critically low days of inventory (0.6 days remaining based on 7-day trend) | 7-day forecasted demand (103 units) exceeds available stock (8 units) | Supplier replenishment lead time is relatively high (4 days),URGENT: Place purchase order within 24 hours to replenish stock
2026-08-26,S03,P205,Madurai,Express,South,Personal Care,Shampoo,GlowCare,120,79,41,730,SUP08,4200,720,24,11,17,18,25,1,True,1,17,17,2040.0,3,0.0,0,120.0,697.0,0,1,31.9,1.8,0,1,0,0,2,0,8,35,1,14.0,15.0,11.0,14.428571428571429,13.928571428571429,1.1338934190276828,1.25,1.2,7,730,1,0.0,0.0,0,100.0,101,1.0,HIGH,2,103,74,Current closing stock (18 units) is at or below reorder threshold (25 units) | Critically low days of inventory (1.2 days remaining based on 7-day trend) | 7-day forecasted demand (100 units) exceeds available stock (18 units),URGENT: Place purchase order within 24 hours to replenish stock
2026-08-27,S03,P205,Madurai,Express,South,Personal Care,Shampoo,GlowCare,120,79,41,730,SUP08,4200,720,26,0,14,12,19,2,True,1,14,14,1680.0,3,0.0,0,120.0,574.0,0,1,35.1,2.0,0,0,0,0,3,0,8,35,0,17.0,13.0,11.0,14.714285714285714,14.357142857142858,1.496026483086192,0.82,0.67,7,730,2,0.0,0.0,0,98.0,98,1.0,HIGH,4,102,90,Current closing stock (12 units) is at or below reorder threshold (19 units) | Critically low days of inventory (0.8 days remaining based on 7-day trend) | 7-day forecasted demand (98 units) exceeds available stock (12 units),URGENT: Place purchase order within 24 hours to replenish stock
2026-08-28,S03,P205,Madurai,Express,South,Personal Care,Shampoo,GlowCare,120,79,41,730,SUP08,4200,720,35,0,14,21,26,4,True,1,14,14,1680.0,3,0.0,0,120.0,574.0,0,1,33.0,7.9,0,0,0,1,4,0,8,35,0,14.0,15.0,14.0,14.857142857142858,14.571428571428571,1.3451854182690992,1.41,1.4,5,730,4,0.0,0.0,0,98.0,98,1.0,HIGH,5,103,82,Current closing stock (21 units) is at or below reorder threshold (26 units) | Critically low days of inventory (1.4 days remaining based on 7-day trend) | 7-day forecasted demand (98 units) exceeds available stock (21 units) | Supplier replenishment lead time is relatively high (4 days),URGENT: Place purchase order within 24 hours to replenish stock
2026-08-29,S03,P205,Madurai,Express,South,Personal Care,Shampoo,GlowCare,120,79,41,730,SUP08,4200,720,29,8,16,21,21,4,True,1,16,16,1920.0,3,0.0,0,120.0,656.0,0,1,34.2,13.8,0,0,1,0,5,1,8,35,0,14.0,16.0,15.0,14.714285714285714,14.571428571428571,1.3801311186847094,1.43,1.4,0,730,4,0.0,0.0,0,97.0,97,1.0,HIGH,5,102,73,Current closing stock (21 units) is at or below reorder threshold (21 units) | Critically low days of inventory (1.4 days remaining based on 7-day trend) | 7-day forecasted demand (97 units) exceeds available stock (21 units) | Supplier replenishment lead time is relatively high (4 days),URGENT: Place purchase order within 24 hours to replenish stock
2026-08-30,S03,P205,Madurai,Express,South,Personal Care,Shampoo,GlowCare,120,79,41,730,SUP08,4200,720,22,0,14,8,21,1,True,1,14,14,1680.0,3,0.0,0,120.0,574.0,0,1,36.3,10.0,0,0,1,0,6,1,8,35,0,16.0,15.0,15.0,14.714285714285714,14.642857142857142,1.3801311186847094,0.54,0.47,13,730,1,0.0,0.0,0,98.0,98,1.0,HIGH,3,101,93,Current closing stock (8 units) is at or below reorder threshold (21 units) | Critically low days of inventory (0.5 days remaining based on 7-day trend) | 7-day forecasted demand (98 units) exceeds available stock (8 units),URGENT: Place purchase order within 24 hours to replenish stock
2026-08-31,S03,P205,Madurai,Express,South,Personal Care,Shampoo,GlowCare,120,79,41,730,SUP08,4200,720,21,0,14,7,25,1,True,1,14,14,1680.0,3,0.0,0,120.0,574.0,0,1,32.8,1.7,0,0,0,0,0,0,8,36,0,14.0,13.0,15.0,14.571428571428571,14.571428571428571,1.397276262011545,0.48,0.47,18,730,1,0.0,0.0,0,96.0,97,1.0,HIGH,3,100,93,Current closing stock (7 units) is at or below reorder threshold (25 units) | Critically low days of inventory (0.5 days remaining based on 7-day trend) | 7-day forecasted demand (96 units) exceeds available stock (7 units),URGENT: Place purchase order within 24 hours to replenish stock
2026-09-01,S03,P205,Madurai,Express,South,Personal Care,Shampoo,GlowCare,120,79,41,730,SUP08,4200,720,23,0,14,9,20,1,True,1,14,14,1680.0,2,0.0,0,120.0,574.0,0,1,36.1,8.1,0,0,0,0,1,0,9,36,0,14.0,14.0,13.0,14.714285714285714,14.5,1.2535663410560185,0.61,0.6,11,730,1,0.0,0.0,0,95.0,95,1.0,HIGH,3,98,89,Current closing stock (9 units) is at or below reorder threshold (20 units) | Critically low days of inventory (0.6 days remaining based on 7-day trend) | 7-day forecasted demand (95 units) exceeds available stock (9 units),URGENT: Place purchase order within 24 hours to replenish stock
2026-09-02,S03,P205,Madurai,Express,South,Personal Care,Shampoo,GlowCare,120,79,41,730,SUP08,4200,720,35,0,14,21,25,4,True,1,14,14,1680.0,3,0.0,0,120.0,574.0,0,1,33.5,2.1,0,0,0,0,2,0,9,36,0,14.0,17.0,15.0,14.714285714285714,14.571428571428571,1.2535663410560185,1.43,1.4,4,730,4,0.0,0.0,0,93.0,94,1.0,HIGH,5,99,78,Current closing stock (21 units) is at or below reorder threshold (25 units) | Critically low days of inventory (1.4 days remaining based on 7-day trend) | 7-day forecasted demand (93 units) exceeds available stock (21 units) | Supplier replenishment lead time is relatively high (4 days),URGENT: Place purchase order within 24 hours to replenish stock
2026-09-03,S03,P205,Madurai,Express,South,Personal Care,Shampoo,GlowCare,120,79,41,730,SUP08,4200,720,34,0,12,22,24,3,True,1,12,12,1440.0,3,0.0,0,120.0,492.0,0,1,34.5,0.0,0,0,0,0,3,0,9,36,0,14.0,14.0,13.0,14.285714285714286,14.5,0.7559289460184574,1.54,1.47,2,730,3,0.0,0.0,0,97.0,97,1.0,HIGH,3,100,78,Current closing stock (22 units) is at or below reorder threshold (24 units) | Critically low days of inventory (1.5 days remaining based on 7-day trend) | 7-day forecasted demand (97 units) exceeds available stock (22 units) | Supplier replenishment lead time is relatively high (3 days),URGENT: Place purchase order within 24 hours to replenish stock
2026-09-04,S03,P205,Madurai,Express,South,Personal Care,Shampoo,GlowCare,120,79,41,730,SUP08,4200,720,26,0,14,12,24,2,True,1,14,14,1680.0,3,0.0,0,120.0,574.0,0,1,32.1,0.0,0,0,0,0,4,0,9,36,0,12.0,14.0,15.0,14.0,14.428571428571429,1.154700538379254,0.86,0.92,12,730,2,0.0,0.0,0,97.0,98,1.0,HIGH,3,101,89,Current closing stock (12 units) is at or below reorder threshold (24 units) | Critically low days of inventory (0.9 days remaining based on 7-day trend) | 7-day forecasted demand (97 units) exceeds available stock (12 units),URGENT: Place purchase order within 24 hours to replenish stock
2026-09-05,S03,P205,Madurai,Express,South,Personal Care,Shampoo,GlowCare,120,79,41,730,SUP08,4200,720,24,0,15,9,22,2,True,1,15,15,1800.0,3,0.0,0,120.0,615.0,0,1,35.8,4.9,0,1,1,0,5,1,9,36,1,14.0,16.0,16.0,14.0,14.357142857142858,1.154700538379254,0.64,0.6,13,730,2,0.0,0.0,0,97.0,97,1.0,HIGH,3,100,91,Current closing stock (9 units) is at or below reorder threshold (22 units) | Critically low days of inventory (0.6 days remaining based on 7-day trend) | 7-day forecasted demand (97 units) exceeds available stock (9 units),URGENT: Place purchase order within 24 hours to replenish stock
2026-09-06,S03,P205,Madurai,Express,South,Personal Care,Shampoo,GlowCare,120,79,41,730,SUP08,4200,720,28,16,15,29,23,2,True,1,15,15,1800.0,3,0.0,1,120.0,615.0,0,0,34.6,0.0,0,0,1,1,6,1,9,36,0,15.0,14.0,15.0,13.857142857142858,14.285714285714286,0.8997354108424409,2.09,1.81,-6,730,2,0.0,0.0,1,95.0,99,0.0,LOW,3,102,57,Critically low days of inventory (2.1 days remaining based on 7-day trend) | 7-day forecasted demand (95 units) exceeds available stock (29 units),URGENT: Place purchase order within 24 hours to replenish stock
2026-09-07,S03,P205,Madurai,Express,South,Personal Care,Shampoo,GlowCare,120,79,41,730,SUP08,4200,720,24,0,12,12,25,3,True,1,12,12,1440.0,3,0.0,0,120.0,492.0,0,1,36.7,0.0,0,0,0,0,0,0,9,37,0,15.0,14.0,13.0,14.0,14.285714285714286,1.000000000000003,0.86,0.75,13,730,3,0.0,0.0,0,95.0,98,1.0,HIGH,3,101,89,Current closing stock (12 units) is at or below reorder threshold (25 units) | Critically low days of inventory (0.9 days remaining based on 7-day trend) | 7-day forecasted demand (95 units) exceeds available stock (12 units) | Supplier replenishment lead time is relatively high (3 days),URGENT: Place purchase order within 24 hours to replenish stock
2026-09-08,S03,P205,Madurai,Express,South,Personal Care,Shampoo,GlowCare,120,79,41,730,SUP08,4200,720,29,1,13,17,21,3,True,1,13,13,1560.0,3,0.0,0,120.0,533.0,0,1,34.3,4.0,0,0,0,0,1,0,9,37,0,12.0,14.0,14.0,13.714285714285714,14.214285714285714,1.2535663410560198,1.24,1.31,4,730,3,0.0,0.0,0,93.0,98,1.0,HIGH,4,102,84,Current closing stock (17 units) is at or below reorder threshold (21 units) | Critically low days of inventory (1.2 days remaining based on 7-day trend) | 7-day forecasted demand (93 units) exceeds available stock (17 units) | Supplier replenishment lead time is relatively high (3 days),URGENT: Place purchase order within 24 hours to replenish stock
2026-08-15,S03,P330,Madurai,Express,South,Beverages,Soft Drink,FizzUp,50,31,19,180,SUP04,4200,720,229,0,117,112,160,1,True,1,117,117,5850.0,3,0.0,0,50.0,2223.0,0,1,33.7,3.0,1,0,1,0,5,1,8,33,0,87.0,92.0,87.0,91.57142857142856,94.21428571428572,8.618916073713335,1.22,1.27,48,180,1,0.0,0.0,0,700.0,693,1.0,HIGH,15,708,596,Current closing stock (112 units) is at or below reorder threshold (160 units) | Critically low days of inventory (1.2 days remaining based on 7-day trend) | 7-day forecasted demand (700 units) exceeds available stock (112 units),CRITICAL: Issue emergency purchase order immediately to prevent stockout
2026-08-16,S03,P330,Madurai,Express,South,Beverages,Soft Drink,FizzUp,50,31,19,180,SUP04,4200,720,181,0,100,81,186,2,True,1,100,100,5000.0,3,0.0,1,50.0,1900.0,0,1,33.4,0.0,0,0,1,0,6,1,8,33,0,117.0,97.0,103.0,95.14285714285714,96.35714285714286,12.928374110570015,0.85,0.69,105,180,2,0.0,0.0,1,692.0,673,1.0,HIGH,31,704,623,Current closing stock (81 units) is at or below reorder threshold (186 units) | Critically low days of inventory (0.8 days remaining based on 7-day trend) | 7-day forecasted demand (692 units) exceeds available stock (81 units),CRITICAL: Issue emergency purchase order immediately to prevent stockout
2026-08-17,S03,P330,Madurai,Express,South,Beverages,Soft Drink,FizzUp,50,31,19,180,SUP04,4200,720,212,0,93,119,158,2,True,1,93,93,4650.0,3,0.0,0,50.0,1767.0,0,1,32.4,9.0,0,0,0,0,0,0,8,34,0,100.0,100.0,101.0,95.57142857142856,96.14285714285714,13.049356853336269,1.25,1.18,39,180,2,0.0,0.0,0,683.0,667,1.0,HIGH,31,698,579,Current closing stock (119 units) is at or below reorder threshold (158 units) | Critically low days of inventory (1.2 days remaining based on 7-day trend) | 7-day forecasted demand (683 units) exceeds available stock (119 units),CRITICAL: Issue emergency purchase order immediately to prevent stockout
2026-08-18,S03,P330,Madurai,Express,South,Beverages,Soft Drink,FizzUp,50,31,19,180,SUP04,4200,720,153,0,96,57,132,2,True,1,96,96,4320.0,3,10.0,1,45.0,1344.0,0,1,34.0,4.4,0,0,0,0,1,0,8,34,0,93.0,84.0,93.0,94.57142857142856,95.57142857142856,12.921005415693504,0.6,0.61,75,180,2,10.0,5.0,1,679.0,676,1.0,HIGH,31,707,650,Current closing stock (57 units) is at or below reorder threshold (132 units) | Critically low days of inventory (0.6 days remaining based on 7-day trend) | 7-day forecasted demand (679 units) exceeds available stock (57 units),CRITICAL: Issue emergency purchase order immediately to prevent stockout
2026-08-19,S03,P330,Madurai,Express,South,Beverages,Soft Drink,FizzUp,50,31,19,180,SUP04,4200,720,214,0,105,109,154,3,True,1,105,105,5250.0,3,0.0,1,50.0,1995.0,0,1,30.0,1.4,0,0,0,1,2,0,8,34,0,96.0,102.0,91.0,96.28571428571428,95.78571428571428,12.051476890327391,1.13,1.12,45,180,3,0.0,0.0,1,667.0,662,1.0,HIGH,35,697,588,Current closing stock (109 units) is at or below reorder threshold (154 units) | Critically low days of inventory (1.1 days remaining based on 7-day trend) | 7-day forecasted demand (667 units) exceeds available stock (109 units) | Supplier replenishment lead time is relatively high (3 days),CRITICAL: Issue emergency purchase order immediately to prevent stockout
2026-08-20,S03,P330,Madurai,Express,South,Beverages,Soft Drink,FizzUp,50,31,19,180,SUP04,4200,720,208,50,118,140,179,2,True,1,118,118,5605.0,3,5.0,1,47.5,1947.0,0,1,36.2,0.0,0,0,0,0,3,0,8,34,0,105.0,79.0,96.0,96.71428571428572,96.78571428571428,12.338480264525904,1.45,1.32,39,180,2,5.0,2.5,1,653.0,655,1.0,HIGH,29,684,494,Current closing stock (140 units) is at or below reorder threshold (179 units) | Critically low days of inventory (1.4 days remaining based on 7-day trend) | 7-day forecasted demand (653 units) exceeds available stock (140 units),CRITICAL: Issue emergency purchase order immediately to prevent stockout
2026-08-21,S03,P330,Madurai,Express,South,Beverages,Soft Drink,FizzUp,50,31,19,180,SUP04,4200,720,174,0,97,77,152,3,True,1,97,97,4850.0,3,0.0,0,50.0,1843.0,0,1,36.9,2.4,0,0,0,0,4,0,8,34,0,118.0,87.0,107.0,102.28571428571428,98.35714285714286,11.799919289473785,0.75,0.65,75,180,3,0.0,0.0,0,648.0,653,1.0,HIGH,34,687,610,Current closing stock (77 units) is at or below reorder threshold (152 units) | Critically low days of inventory (0.8 days remaining based on 7-day trend) | 7-day forecasted demand (648 units) exceeds available stock (77 units) | Supplier replenishment lead time is relatively high (3 days),CRITICAL: Issue emergency purchase order immediately to prevent stockout
2026-08-22,S03,P330,Madurai,Express,South,Beverages,Soft Drink,FizzUp,50,31,19,180,SUP04,4200,720,168,0,91,77,167,3,True,1,91,91,4550.0,3,0.0,0,50.0,1729.0,0,1,36.5,0.0,0,0,1,1,5,1,8,34,0,97.0,117.0,92.0,103.71428571428572,97.64285714285714,10.127755357009216,0.74,0.79,90,180,3,0.0,0.0,0,656.0,653,1.0,HIGH,29,682,605,Current closing stock (77 units) is at or below reorder threshold (167 units) | Critically low days of inventory (0.7 days remaining based on 7-day trend) | 7-day forecasted demand (656 units) exceeds available stock (77 units) | Supplier replenishment lead time is relatively high (3 days),CRITICAL: Issue emergency purchase order immediately to prevent stockout
2026-08-23,S03,P330,Madurai,Express,South,Beverages,Soft Drink,FizzUp,50,31,19,180,SUP04,4200,720,164,0,92,72,133,2,True,1,92,92,4600.0,3,0.0,0,50.0,1748.0,0,1,33.6,4.2,0,0,1,0,6,1,8,34,0,91.0,100.0,97.0,100.0,97.57142857142856,9.165151389911689,0.72,0.78,61,180,2,0.0,0.0,0,652.0,655,1.0,HIGH,22,677,605,Current closing stock (72 units) is at or below reorder threshold (133 units) | Critically low days of inventory (0.7 days remaining based on 7-day trend) | 7-day forecasted demand (652 units) exceeds available stock (72 units),CRITICAL: Issue emergency purchase order immediately to prevent stockout
2026-08-24,S03,P330,Madurai,Express,South,Beverages,Soft Drink,FizzUp,50,31,19,180,SUP04,4200,720,160,0,84,76,150,1,True,1,84,84,4200.0,3,0.0,0,50.0,1596.0,0,1,33.9,1.3,0,0,0,1,0,0,8,35,0,92.0,93.0,100.0,98.85714285714286,97.21428571428572,9.651054716602594,0.77,0.82,74,180,1,0.0,0.0,0,669.0,663,1.0,HIGH,16,679,603,Current closing stock (76 units) is at or below reorder threshold (150 units) | Critically low days of inventory (0.8 days remaining based on 7-day trend) | 7-day forecasted demand (669 units) exceeds available stock (76 units),CRITICAL: Issue emergency purchase order immediately to prevent stockout
2026-08-25,S03,P330,Madurai,Express,South,Beverages,Soft Drink,FizzUp,50,31,19,180,SUP04,4200,720,131,0,92,39,176,1,True,1,92,92,4600.0,3,0.0,0,50.0,1748.0,0,1,34.7,0.0,0,1,0,0,1,0,8,35,1,84.0,96.0,84.0,97.57142857142856,96.07142857142856,11.058287131636355,0.4,0.46,137,180,1,0.0,0.0,0,655.0,657,1.0,HIGH,19,676,637,Current closing stock (39 units) is at or below reorder threshold (176 units) | Critically low days of inventory (0.4 days remaining based on 7-day trend) | 7-day forecasted demand (655 units) exceeds available stock (39 units),CRITICAL: Issue emergency purchase order immediately to prevent stockout
2026-08-26,S03,P330,Madurai,Express,South,Beverages,Soft Drink,FizzUp,50,31,19,180,SUP04,4200,720,159,0,93,66,135,4,True,1,93,93,4650.0,3,0.0,0,50.0,1767.0,0,1,31.9,1.8,0,1,0,0,2,0,8,35,1,92.0,105.0,102.0,97.0,96.64285714285714,11.254628677422753,0.68,0.71,69,180,4,0.0,0.0,0,643.0,654,1.0,HIGH,38,692,626,Current closing stock (66 units) is at or below reorder threshold (135 units) | Critically low days of inventory (0.7 days remaining based on 7-day trend) | 7-day forecasted demand (643 units) exceeds available stock (66 units) | Supplier replenishment lead time is relatively high (4 days),CRITICAL: Issue emergency purchase order immediately to prevent stockout
2026-08-27,S03,P330,Madurai,Express,South,Beverages,Soft Drink,FizzUp,50,31,19,180,SUP04,4200,720,139,0,104,35,154,3,True,1,104,104,5200.0,3,0.0,1,50.0,1976.0,0,1,35.1,2.0,0,0,0,0,3,0,8,35,0,93.0,118.0,79.0,95.28571428571428,96.0,10.734900802433856,0.37,0.37,119,180,3,0.0,0.0,1,646.0,656,1.0,HIGH,31,687,652,Current closing stock (35 units) is at or below reorder threshold (154 units) | Critically low days of inventory (0.4 days remaining based on 7-day trend) | 7-day forecasted demand (646 units) exceeds available stock (35 units) | Supplier replenishment lead time is relatively high (3 days),CRITICAL: Issue emergency purchase order immediately to prevent stockout
2026-08-28,S03,P330,Madurai,Express,South,Beverages,Soft Drink,FizzUp,50,31,19,180,SUP04,4200,720,231,41,92,180,167,1,True,1,92,92,4600.0,3,0.0,0,50.0,1748.0,0,0,33.0,7.9,0,0,0,1,4,0,8,35,0,104.0,97.0,87.0,93.28571428571428,97.78571428571428,6.102302453836163,1.93,1.71,-13,180,1,0.0,0.0,0,649.0,662,0.0,LOW,11,673,452,Critically low days of inventory (1.9 days remaining based on 7-day trend) | 7-day forecasted demand (649 units) exceeds available stock (180 units),CRITICAL: Issue emergency purchase order immediately to prevent stockout
2026-08-29,S03,P330,Madurai,Express,South,Beverages,Soft Drink,FizzUp,50,31,19,180,SUP04,4200,720,199,0,99,100,134,4,True,1,99,99,4950.0,3,0.0,0,50.0,1881.0,0,1,34.2,13.8,0,0,1,0,5,1,8,35,0,92.0,91.0,117.0,92.57142857142856,98.14285714285714,5.883795341363191,1.08,1.08,34,180,4,0.0,0.0,0,671.0,669,1.0,HIGH,20,689,589,Current closing stock (100 units) is at or below reorder threshold (134 units) | Critically low days of inventory (1.1 days remaining based on 7-day trend) | 7-day forecasted demand (671 units) exceeds available stock (100 units) | Supplier replenishment lead time is relatively high (4 days),CRITICAL: Issue emergency purchase order immediately to prevent stockout
2026-08-30,S03,P330,Madurai,Express,South,Beverages,Soft Drink,FizzUp,50,31,19,180,SUP04,4200,720,184,0,88,96,145,1,True,1,88,88,4180.0,3,5.0,1,47.5,1452.0,0,1,36.3,10.0,0,0,1,0,6,1,8,35,0,99.0,92.0,100.0,93.71428571428572,96.85714285714286,6.290582530372543,1.02,0.96,49,180,1,5.0,2.5,1,683.0,673,1.0,HIGH,11,684,588,Current closing stock (96 units) is at or below reorder threshold (145 units) | Critically low days of inventory (1.0 days remaining based on 7-day trend) | 7-day forecasted demand (683 units) exceeds available stock (96 units),CRITICAL: Issue emergency purchase order immediately to prevent stockout
2026-08-31,S03,P330,Madurai,Express,South,Beverages,Soft Drink,FizzUp,50,31,19,180,SUP04,4200,720,197,0,101,96,186,1,True,1,101,101,5050.0,3,0.0,0,50.0,1919.0,0,1,32.8,1.7,0,0,0,0,0,0,8,36,0,88.0,84.0,93.0,93.14285714285714,96.0,6.644009116704819,1.03,1.08,90,180,1,0.0,0.0,0,684.0,675,1.0,HIGH,11,686,590,Current closing stock (96 units) is at or below reorder threshold (186 units) | Critically low days of inventory (1.0 days remaining based on 7-day trend) | 7-day forecasted demand (684 units) exceeds available stock (96 units),CRITICAL: Issue emergency purchase order immediately to prevent stockout
2026-09-01,S03,P330,Madurai,Express,South,Beverages,Soft Drink,FizzUp,50,31,19,180,SUP04,4200,720,155,0,78,77,144,1,True,1,78,78,3900.0,3,0.0,0,50.0,1482.0,0,1,36.1,8.1,0,0,0,0,1,0,9,36,0,101.0,92.0,96.0,95.57142857142856,96.57142857142856,5.798193478924915,0.81,0.75,67,180,1,0.0,0.0,0,675.0,670,1.0,HIGH,10,680,603,Current closing stock (77 units) is at or below reorder threshold (144 units) | Critically low days of inventory (0.8 days remaining based on 7-day trend) | 7-day forecasted demand (675 units) exceeds available stock (77 units),CRITICAL: Issue emergency purchase order immediately to prevent stockout
2026-09-02,S03,P330,Madurai,Express,South,Beverages,Soft Drink,FizzUp,50,31,19,180,SUP04,4200,720,150,0,81,69,149,3,True,1,81,81,4050.0,3,0.0,0,50.0,1539.0,0,1,33.5,2.1,0,0,0,0,2,0,9,36,0,78.0,93.0,105.0,93.57142857142856,95.28571428571428,8.847921466972563,0.74,0.87,80,180,3,0.0,0.0,0,667.0,670,1.0,HIGH,26,696,627,Current closing stock (69 units) is at or below reorder threshold (149 units) | Critically low days of inventory (0.7 days remaining based on 7-day trend) | 7-day forecasted demand (667 units) exceeds available stock (69 units) | Supplier replenishment lead time is relatively high (3 days),CRITICAL: Issue emergency purchase order immediately to prevent stockout
2026-09-03,S03,P330,Madurai,Express,South,Beverages,Soft Drink,FizzUp,50,31,19,180,SUP04,4200,720,132,0,107,25,177,1,True,1,107,107,4547.5,3,15.0,1,42.5,1230.5,0,1,34.5,0.0,0,0,0,0,3,0,9,36,0,81.0,104.0,118.0,91.85714285714286,93.57142857142856,10.056980518170285,0.27,0.3,152,180,1,15.0,7.5,1,667.0,679,1.0,HIGH,17,696,671,Current closing stock (25 units) is at or below reorder threshold (177 units) | Critically low days of inventory (0.3 days remaining based on 7-day trend) | 7-day forecasted demand (667 units) exceeds available stock (25 units),CRITICAL: Issue emergency purchase order immediately to prevent stockout
2026-09-04,S03,P330,Madurai,Express,South,Beverages,Soft Drink,FizzUp,50,31,19,180,SUP04,4200,720,148,0,95,53,163,2,True,1,95,95,4750.0,3,0.0,0,50.0,1805.0,0,1,32.1,0.0,0,0,0,0,4,0,9,36,0,107.0,92.0,97.0,92.28571428571428,92.78571428571428,10.703804397102374,0.57,0.49,110,180,2,0.0,0.0,0,664.0,683,1.0,HIGH,25,708,655,Current closing stock (53 units) is at or below reorder threshold (163 units) | Critically low days of inventory (0.6 days remaining based on 7-day trend) | 7-day forecasted demand (664 units) exceeds available stock (53 units),CRITICAL: Issue emergency purchase order immediately to prevent stockout
2026-09-05,S03,P330,Madurai,Express,South,Beverages,Soft Drink,FizzUp,50,31,19,180,SUP04,4200,720,186,0,121,65,151,4,True,1,121,121,6050.0,3,0.0,0,50.0,2299.0,0,1,35.8,4.9,0,1,1,0,5,1,9,36,1,95.0,99.0,91.0,92.71428571428572,92.64285714285714,10.750415274370946,0.7,0.68,86,180,4,0.0,0.0,0,641.0,681,1.0,HIGH,36,717,652,Current closing stock (65 units) is at or below reorder threshold (151 units) | Critically low days of inventory (0.7 days remaining based on 7-day trend) | 7-day forecasted demand (641 units) exceeds available stock (65 units) | Supplier replenishment lead time is relatively high (4 days),CRITICAL: Issue emergency purchase order immediately to prevent stockout
2026-09-06,S03,P330,Madurai,Express,South,Beverages,Soft Drink,FizzUp,50,31,19,180,SUP04,4200,720,178,0,100,78,185,4,True,1,100,100,5000.0,3,0.0,0,50.0,1900.0,0,1,34.6,0.0,0,0,1,1,6,1,9,36,0,121.0,88.0,92.0,95.85714285714286,94.78571428571428,15.192416654684129,0.81,0.64,107,180,4,0.0,0.0,0,629.0,652,1.0,HIGH,51,703,625,Current closing stock (78 units) is at or below reorder threshold (185 units) | Critically low days of inventory (0.8 days remaining based on 7-day trend) | 7-day forecasted demand (629 units) exceeds available stock (78 units) | Supplier replenishment lead time is relatively high (4 days),CRITICAL: Issue emergency purchase order immediately to prevent stockout
2026-09-07,S03,P330,Madurai,Express,South,Beverages,Soft Drink,FizzUp,50,31,19,180,SUP04,4200,720,159,0,102,57,180,4,True,1,102,102,5100.0,3,0.0,1,50.0,1938.0,0,1,36.7,0.0,0,0,0,0,0,0,9,37,0,100.0,101.0,84.0,97.57142857142856,95.35714285714286,14.830791649550635,0.58,0.56,123,180,4,0.0,0.0,1,611.0,637,1.0,HIGH,49,686,629,Current closing stock (57 units) is at or below reorder threshold (180 units) | Critically low days of inventory (0.6 days remaining based on 7-day trend) | 7-day forecasted demand (611 units) exceeds available stock (57 units) | Supplier replenishment lead time is relatively high (4 days),CRITICAL: Issue emergency purchase order immediately to prevent stockout
2026-09-08,S03,P330,Madurai,Express,South,Beverages,Soft Drink,FizzUp,50,31,19,180,SUP04,4200,720,164,0,69,95,144,1,True,1,69,69,3450.0,3,0.0,0,50.0,1311.0,0,1,34.3,4.0,0,0,0,0,1,0,9,37,0,102.0,78.0,92.0,97.71428571428572,96.64285714285714,14.87407460106662,0.97,0.92,49,180,1,0.0,0.0,0,643.0,637,1.0,HIGH,25,662,567,Current closing stock (95 units) is at or below reorder threshold (144 units) | Critically low days of inventory (1.0 days remaining based on 7-day trend) | 7-day forecasted demand (643 units) exceeds available stock (95 units),CRITICAL: Issue emergency purchase order immediately to prevent stockout
2026-08-15,S03,P442,Madurai,Express,South,Snacks,Biscuits,Crispo,35,22,13,240,SUP06,4200,720,121,19,58,82,89,1,True,1,58,58,2030.0,3,0.0,0,35.0,754.0,0,1,33.7,3.0,1,0,1,0,5,1,8,33,0,62.0,62.0,57.0,58.42857142857143,58.07142857142857,7.138093649734568,1.4,1.3,7,240,1,0.0,0.0,0,393.0,394,1.0,HIGH,12,406,305,Current closing stock (82 units) is at or below reorder threshold (89 units) | Critically low days of inventory (1.4 days remaining based on 7-day trend) | 7-day forecasted demand (393 units) exceeds available stock (82 units),CRITICAL: Issue emergency purchase order immediately to prevent stockout
2026-08-16,S03,P442,Madurai,Express,South,Snacks,Biscuits,Crispo,35,22,13,240,SUP06,4200,720,127,0,57,70,102,2,True,1,57,57,1995.0,3,0.0,0,35.0,741.0,0,1,33.4,0.0,0,0,1,0,6,1,8,33,0,58.0,69.0,59.0,57.857142857142854,58.142857142857146,6.962484504556581,1.21,1.19,32,240,2,0.0,0.0,0,396.0,397,1.0,HIGH,17,414,344,Current closing stock (70 units) is at or below reorder threshold (102 units) | Critically low days of inventory (1.2 days remaining based on 7-day trend) | 7-day forecasted demand (396 units) exceeds available stock (70 units),CRITICAL: Issue emergency purchase order immediately to prevent stockout
2026-08-17,S03,P442,Madurai,Express,South,Snacks,Biscuits,Crispo,35,22,13,240,SUP06,4200,720,110,0,48,62,87,3,True,1,48,48,1680.0,3,0.0,0,35.0,624.0,0,1,32.4,9.0,0,0,0,0,0,0,8,34,0,57.0,46.0,59.0,56.142857142857146,58.0,4.947341758580111,1.1,1.07,25,240,3,0.0,0.0,0,409.0,408,1.0,HIGH,15,423,361,Current closing stock (62 units) is at or below reorder threshold (87 units) | Critically low days of inventory (1.1 days remaining based on 7-day trend) | 7-day forecasted demand (409 units) exceeds available stock (62 units) | Supplier replenishment lead time is relatively high (3 days),CRITICAL: Issue emergency purchase order immediately to prevent stockout
2026-08-18,S03,P442,Madurai,Express,South,Snacks,Biscuits,Crispo,35,22,13,240,SUP06,4200,720,136,0,59,77,96,4,True,1,59,59,2065.0,3,0.0,0,35.0,767.0,0,1,34.0,4.4,0,0,0,0,1,0,8,34,0,48.0,55.0,56.0,56.42857142857143,57.214285714285715,4.276179870598798,1.36,1.57,19,240,4,0.0,0.0,0,399.0,400,1.0,HIGH,15,415,338,Current closing stock (77 units) is at or below reorder threshold (96 units) | Critically low days of inventory (1.4 days remaining based on 7-day trend) | 7-day forecasted demand (399 units) exceeds available stock (77 units) | Supplier replenishment lead time is relatively high (4 days),CRITICAL: Issue emergency purchase order immediately to prevent stockout
2026-08-19,S03,P442,Madurai,Express,South,Snacks,Biscuits,Crispo,35,22,13,240,SUP06,4200,720,104,12,53,63,117,2,True,1,53,53,1855.0,3,0.0,0,35.0,689.0,0,1,30.0,1.4,0,0,0,1,2,0,8,34,0,59.0,57.0,65.0,57.0,57.42857142857143,4.32049379893858,1.11,1.05,54,240,2,0.0,0.0,0,416.0,413,1.0,HIGH,11,424,349,Current closing stock (63 units) is at or below reorder threshold (117 units) | Critically low days of inventory (1.1 days remaining based on 7-day trend) | 7-day forecasted demand (416 units) exceeds available stock (63 units),CRITICAL: Issue emergency purchase order immediately to prevent stockout
2026-08-20,S03,P442,Madurai,Express,South,Snacks,Biscuits,Crispo,35,22,13,240,SUP06,4200,720,100,0,54,46,117,2,True,1,54,54,1890.0,3,0.0,0,35.0,702.0,0,1,36.2,0.0,0,0,0,0,3,0,8,34,0,53.0,58.0,59.0,56.42857142857143,56.57142857142857,4.577377082170641,0.82,0.85,71,240,2,0.0,0.0,0,414.0,412,1.0,HIGH,11,423,377,Current closing stock (46 units) is at or below reorder threshold (117 units) | Critically low days of inventory (0.8 days remaining based on 7-day trend) | 7-day forecasted demand (414 units) exceeds available stock (46 units),CRITICAL: Issue emergency purchase order immediately to prevent stockout
2026-08-21,S03,P442,Madurai,Express,South,Snacks,Biscuits,Crispo,35,22,13,240,SUP06,4200,720,104,0,63,41,85,4,True,1,63,63,2205.0,3,0.0,1,35.0,819.0,0,1,36.9,2.4,0,0,0,0,4,0,8,34,0,54.0,62.0,49.0,55.857142857142854,56.214285714285715,4.598136268408889,0.73,0.75,44,240,4,0.0,0.0,1,402.0,404,1.0,HIGH,16,420,379,Current closing stock (41 units) is at or below reorder threshold (85 units) | Critically low days of inventory (0.7 days remaining based on 7-day trend) | 7-day forecasted demand (402 units) exceeds available stock (41 units) | Supplier replenishment lead time is relatively high (4 days),CRITICAL: Issue emergency purchase order immediately to prevent stockout
2026-08-22,S03,P442,Madurai,Express,South,Snacks,Biscuits,Crispo,35,22,13,240,SUP06,4200,720,129,0,59,70,89,2,True,1,59,59,2065.0,3,0.0,0,35.0,767.0,0,1,36.5,0.0,0,0,1,1,5,1,8,34,0,63.0,58.0,62.0,56.0,57.214285714285715,4.830458915396488,1.25,1.09,19,240,2,0.0,0.0,0,410.0,407,1.0,HIGH,12,419,349,Current closing stock (70 units) is at or below reorder threshold (89 units) | Critically low days of inventory (1.2 days remaining based on 7-day trend) | 7-day forecasted demand (410 units) exceeds available stock (70 units),CRITICAL: Issue emergency purchase order immediately to prevent stockout
2026-08-23,S03,P442,Madurai,Express,South,Snacks,Biscuits,Crispo,35,22,13,240,SUP06,4200,720,89,0,60,29,82,1,True,1,60,60,2100.0,3,0.0,0,35.0,780.0,0,1,33.6,4.2,0,0,1,0,6,1,8,34,0,59.0,57.0,69.0,56.142857142857146,57.0,4.913538149119963,0.52,0.48,53,240,1,0.0,0.0,0,412.0,409,1.0,HIGH,9,418,389,Current closing stock (29 units) is at or below reorder threshold (82 units) | Critically low days of inventory (0.5 days remaining based on 7-day trend) | 7-day forecasted demand (412 units) exceeds available stock (29 units),CRITICAL: Issue emergency purchase order immediately to prevent stockout
2026-08-24,S03,P442,Madurai,Express,South,Snacks,Biscuits,Crispo,35,22,13,240,SUP06,4200,720,81,41,61,61,98,4,True,1,61,61,2135.0,3,0.0,0,35.0,793.0,0,1,33.9,1.3,0,0,0,1,0,0,8,35,0,60.0,48.0,46.0,56.57142857142857,56.357142857142854,5.1269595556932535,1.08,1.0,37,240,4,0.0,0.0,0,408.0,405,1.0,HIGH,17,422,320,Current closing stock (61 units) is at or below reorder threshold (98 units) | Critically low days of inventory (1.1 days remaining based on 7-day trend) | 7-day forecasted demand (408 units) exceeds available stock (61 units) | Supplier replenishment lead time is relatively high (4 days),CRITICAL: Issue emergency purchase order immediately to prevent stockout
2026-08-25,S03,P442,Madurai,Express,South,Snacks,Biscuits,Crispo,35,22,13,240,SUP06,4200,720,93,0,49,44,97,3,True,1,49,49,1715.0,3,0.0,0,35.0,637.0,0,1,34.7,0.0,0,1,0,0,1,0,8,35,1,61.0,59.0,55.0,58.42857142857143,57.42857142857143,3.6449573777637463,0.75,0.71,53,240,3,0.0,0.0,0,405.0,405,1.0,HIGH,11,416,372,Current closing stock (44 units) is at or below reorder threshold (97 units) | Critically low days of inventory (0.8 days remaining based on 7-day trend) | 7-day forecasted demand (405 units) exceeds available stock (44 units) | Supplier replenishment lead time is relatively high (3 days),CRITICAL: Issue emergency purchase order immediately to prevent stockout
2026-08-26,S03,P442,Madurai,Express,South,Snacks,Biscuits,Crispo,35,22,13,240,SUP06,4200,720,149,0,70,79,107,3,True,1,70,70,2205.0,3,10.0,1,31.5,665.0,0,1,31.9,1.8,0,1,0,0,2,0,8,35,1,49.0,53.0,57.0,57.0,57.0,5.06622805119023,1.39,1.58,28,240,3,10.0,3.5,1,393.0,396,1.0,HIGH,15,411,332,Current closing stock (79 units) is at or below reorder threshold (107 units) | Critically low days of inventory (1.4 days remaining based on 7-day trend) | 7-day forecasted demand (393 units) exceeds available stock (79 units) | Supplier replenishment lead time is relatively high (3 days),CRITICAL: Issue emergency purchase order immediately to prevent stockout
2026-08-27,S03,P442,Madurai,Express,South,Snacks,Biscuits,Crispo,35,22,13,240,SUP06,4200,720,133,8,52,89,90,1,True,1,52,52,1820.0,3,0.0,0,35.0,676.0,0,1,35.1,2.0,0,0,0,0,3,0,8,35,0,70.0,54.0,58.0,59.42857142857143,57.92857142857143,6.654751256486931,1.5,1.25,1,240,1,0.0,0.0,0,395.0,394,1.0,HIGH,11,405,308,Current closing stock (89 units) is at or below reorder threshold (90 units) | Critically low days of inventory (1.5 days remaining based on 7-day trend) | 7-day forecasted demand (395 units) exceeds available stock (89 units),CRITICAL: Issue emergency purchase order immediately to prevent stockout
2026-08-28,S03,P442,Madurai,Express,South,Snacks,Biscuits,Crispo,35,22,13,240,SUP06,4200,720,110,0,51,59,103,2,True,1,51,51,1785.0,3,0.0,0,35.0,663.0,0,1,33.0,7.9,0,0,0,1,4,0,8,35,0,52.0,63.0,62.0,59.142857142857146,57.5,6.962484504556587,1.0,1.11,44,240,2,0.0,0.0,0,398.0,399,1.0,HIGH,17,416,357,Current closing stock (59 units) is at or below reorder threshold (103 units) | Critically low days of inventory (1.0 days remaining based on 7-day trend) | 7-day forecasted demand (398 units) exceeds available stock (59 units),CRITICAL: Issue emergency purchase order immediately to prevent stockout
2026-08-29,S03,P442,Madurai,Express,South,Snacks,Biscuits,Crispo,35,22,13,240,SUP06,4200,720,143,14,67,90,117,2,True,1,67,67,2345.0,3,0.0,0,35.0,871.0,0,1,34.2,13.8,0,0,1,0,5,1,8,35,0,51.0,59.0,58.0,57.42857142857143,56.714285714285715,7.322502824789328,1.57,1.73,27,240,2,0.0,0.0,0,391.0,393,1.0,HIGH,18,411,307,Current closing stock (90 units) is at or below reorder threshold (117 units) | Critically low days of inventory (1.6 days remaining based on 7-day trend) | 7-day forecasted demand (391 units) exceeds available stock (90 units),CRITICAL: Issue emergency purchase order immediately to prevent stockout
2026-08-30,S03,P442,Madurai,Express,South,Snacks,Biscuits,Crispo,35,22,13,240,SUP06,4200,720,94,0,62,32,107,1,True,1,62,62,2170.0,3,0.0,0,35.0,806.0,0,1,36.3,10.0,0,0,1,0,6,1,8,35,0,67.0,60.0,57.0,58.57142857142857,57.357142857142854,8.182443458550818,0.55,0.47,75,240,1,0.0,0.0,0,380.0,391,1.0,HIGH,14,405,373,Current closing stock (32 units) is at or below reorder threshold (107 units) | Critically low days of inventory (0.6 days remaining based on 7-day trend) | 7-day forecasted demand (380 units) exceeds available stock (32 units),CRITICAL: Issue emergency purchase order immediately to prevent stockout
2026-08-31,S03,P442,Madurai,Express,South,Snacks,Biscuits,Crispo,35,22,13,240,SUP06,4200,720,127,40,57,110,115,2,True,1,57,57,1995.0,3,0.0,0,35.0,741.0,0,1,32.8,1.7,0,0,0,0,0,0,8,36,0,62.0,61.0,48.0,58.857142857142854,57.714285714285715,8.275034167675114,1.87,1.75,5,240,2,0.0,0.0,0,387.0,391,1.0,HIGH,20,411,261,Current closing stock (110 units) is at or below reorder threshold (115 units) | Critically low days of inventory (1.9 days remaining based on 7-day trend) | 7-day forecasted demand (387 units) exceeds available stock (110 units),CRITICAL: Issue emergency purchase order immediately to prevent stockout
2026-09-01,S03,P442,Madurai,Express,South,Snacks,Biscuits,Crispo,35,22,13,240,SUP06,4200,720,141,0,46,95,87,4,True,1,46,46,1610.0,3,0.0,0,35.0,598.0,0,0,36.1,8.1,0,0,0,0,1,0,9,36,0,57.0,49.0,59.0,58.285714285714285,58.357142857142854,8.240434570140218,1.63,1.64,-8,240,4,0.0,0.0,0,402.0,399,0.0172,LOW,28,427,332,Critically low days of inventory (1.6 days remaining based on 7-day trend) | 7-day forecasted demand (402 units) exceeds available stock (95 units) | Supplier replenishment lead time is relatively high (4 days),CRITICAL: Issue emergency purchase order immediately to prevent stockout
2026-09-02,S03,P442,Madurai,Express,South,Snacks,Biscuits,Crispo,35,22,13,240,SUP06,4200,720,95,9,58,46,108,2,True,1,58,58,2030.0,3,0.0,0,35.0,754.0,0,1,33.5,2.1,0,0,0,0,2,0,9,36,0,46.0,70.0,53.0,57.857142857142854,57.42857142857143,8.858678822273136,0.8,0.98,62,240,2,0.0,0.0,0,405.0,403,1.0,HIGH,21,424,369,Current closing stock (46 units) is at or below reorder threshold (108 units) | Critically low days of inventory (0.8 days remaining based on 7-day trend) | 7-day forecasted demand (405 units) exceeds available stock (46 units),CRITICAL: Issue emergency purchase order immediately to prevent stockout
2026-09-03,S03,P442,Madurai,Express,South,Snacks,Biscuits,Crispo,35,22,13,240,SUP06,4200,720,136,0,54,82,118,2,True,1,54,54,1890.0,3,0.0,0,35.0,702.0,0,1,34.5,0.0,0,0,0,0,3,0,9,36,0,58.0,52.0,54.0,56.142857142857146,57.785714285714285,7.104659772022196,1.46,1.39,36,240,2,0.0,0.0,0,396.0,397,1.0,HIGH,17,414,332,Current closing stock (82 units) is at or below reorder threshold (118 units) | Critically low days of inventory (1.5 days remaining based on 7-day trend) | 7-day forecasted demand (396 units) exceeds available stock (82 units),CRITICAL: Issue emergency purchase order immediately to prevent stockout
2026-09-04,S03,P442,Madurai,Express,South,Snacks,Biscuits,Crispo,35,22,13,240,SUP06,4200,720,101,34,54,81,92,3,True,1,54,54,1890.0,3,0.0,0,35.0,702.0,0,1,32.1,0.0,0,0,0,0,4,0,9,36,0,54.0,51.0,63.0,56.42857142857143,57.785714285714285,6.948792289723036,1.44,1.47,11,240,3,0.0,0.0,0,395.0,398,1.0,HIGH,20,418,303,Current closing stock (81 units) is at or below reorder threshold (92 units) | Critically low days of inventory (1.4 days remaining based on 7-day trend) | 7-day forecasted demand (395 units) exceeds available stock (81 units) | Supplier replenishment lead time is relatively high (3 days),CRITICAL: Issue emergency purchase order immediately to prevent stockout
2026-09-05,S03,P442,Madurai,Express,South,Snacks,Biscuits,Crispo,35,22,13,240,SUP06,4200,720,150,0,60,90,112,2,True,1,60,60,2100.0,3,0.0,0,35.0,780.0,0,1,35.8,4.9,0,1,1,0,5,1,9,36,1,54.0,67.0,59.0,56.857142857142854,57.142857142857146,6.6440091167048525,1.58,1.64,22,240,2,0.0,0.0,0,392.0,396,1.0,HIGH,16,412,322,Current closing stock (90 units) is at or below reorder threshold (112 units) | Critically low days of inventory (1.6 days remaining based on 7-day trend) | 7-day forecasted demand (392 units) exceeds available stock (90 units),CRITICAL: Issue emergency purchase order immediately to prevent stockout
2026-09-06,S03,P442,Madurai,Express,South,Snacks,Biscuits,Crispo,35,22,13,240,SUP06,4200,720,101,0,51,50,116,4,True,1,51,51,1785.0,3,0.0,0,35.0,663.0,0,1,34.6,0.0,0,0,1,1,6,1,9,36,0,60.0,62.0,60.0,55.857142857142854,57.214285714285715,5.241773600241666,0.9,0.82,66,240,4,0.0,0.0,0,407.0,407,1.0,HIGH,18,425,375,Current closing stock (50 units) is at or below reorder threshold (116 units) | Critically low days of inventory (0.9 days remaining based on 7-day trend) | 7-day forecasted demand (407 units) exceeds available stock (50 units) | Supplier replenishment lead time is relatively high (4 days),CRITICAL: Issue emergency purchase order immediately to prevent stockout
2026-09-07,S03,P442,Madurai,Express,South,Snacks,Biscuits,Crispo,35,22,13,240,SUP06,4200,720,106,0,64,42,108,2,True,1,64,64,2240.0,3,0.0,1,35.0,832.0,0,1,36.7,0.0,0,0,0,0,0,0,9,37,0,51.0,57.0,61.0,54.285714285714285,56.57142857142857,4.715728494951251,0.77,0.81,66,240,2,0.0,0.0,1,402.0,410,1.0,HIGH,12,422,380,Current closing stock (42 units) is at or below reorder threshold (108 units) | Critically low days of inventory (0.8 days remaining based on 7-day trend) | 7-day forecasted demand (402 units) exceeds available stock (42 units),CRITICAL: Issue emergency purchase order immediately to prevent stockout
2026-09-08,S03,P442,Madurai,Express,South,Snacks,Biscuits,Crispo,35,22,13,240,SUP06,4200,720,138,0,61,77,84,2,True,1,61,61,2135.0,3,0.0,1,35.0,793.0,0,1,34.3,4.0,0,0,0,0,1,0,9,37,0,64.0,46.0,49.0,55.285714285714285,56.785714285714285,5.964178784328029,1.39,1.18,7,240,2,0.0,0.0,1,403.0,397,1.0,HIGH,14,411,334,Current closing stock (77 units) is at or below reorder threshold (84 units) | Critically low days of inventory (1.4 days remaining based on 7-day trend) | 7-day forecasted demand (403 units) exceeds available stock (77 units),CRITICAL: Issue emergency purchase order immediately to prevent stockout
2026-08-15,S04,P101,Salem,Supermarket,Central,Dairy,Milk,Aavin,60,52,8,3,SUP01,7600,1080,209,0,98,111,148,4,True,1,98,98,5880.0,3,0.0,0,60.0,784.0,0,1,27.4,0.0,1,0,1,0,5,1,8,33,0,99.0,100.0,126.0,97.0,99.42857142857144,9.21954445729287,1.14,1.11,37,3,4,0.0,0.0,0,634.0,648,1.0,HIGH,31,679,568,Current closing stock (111 units) is at or below reorder threshold (148 units) | Critically low days of inventory (1.1 days remaining based on 7-day trend) | 7-day forecasted demand (634 units) exceeds available stock (111 units) | Supplier replenishment lead time is relatively high (4 days),CRITICAL: Issue emergency purchase order immediately to prevent stockout
2026-08-16,S04,P101,Salem,Supermarket,Central,Dairy,Milk,Aavin,60,52,8,3,SUP01,7600,1080,176,0,89,87,185,3,True,1,89,89,5340.0,3,0.0,0,60.0,712.0,0,1,30.3,5.4,0,0,1,0,6,1,8,33,0,98.0,85.0,112.0,96.71428571428572,97.42857142857144,9.14174100330064,0.9,0.88,98,3,3,0.0,0.0,0,636.0,645,1.0,HIGH,27,672,585,Current closing stock (87 units) is at or below reorder threshold (185 units) | Critically low days of inventory (0.9 days remaining based on 7-day trend) | 7-day forecasted demand (636 units) exceeds available stock (87 units) | Supplier replenishment lead time is relatively high (3 days),CRITICAL: Issue emergency purchase order immediately to prevent stockout
2026-08-17,S04,P101,Salem,Supermarket,Central,Dairy,Milk,Aavin,60,52,8,3,SUP01,7600,1080,217,0,82,135,137,2,True,1,82,82,4920.0,3,0.0,0,60.0,656.0,0,1,30.7,1.2,0,0,0,0,0,0,8,34,0,89.0,99.0,101.0,97.28571428571428,95.78571428571428,8.380817098475239,1.39,1.5,2,3,2,0.0,0.0,0,672.0,659,1.0,HIGH,20,679,544,Current closing stock (135 units) is at or below reorder threshold (137 units) | Critically low days of inventory (1.4 days remaining based on 7-day trend) | 7-day forecasted demand (672 units) exceeds available stock (135 units),CRITICAL: Issue emergency purchase order immediately to prevent stockout
2026-08-18,S04,P101,Salem,Supermarket,Central,Dairy,Milk,Aavin,60,52,8,3,SUP01,7600,1080,153,0,83,70,133,1,True,1,83,83,4980.0,3,0.0,0,60.0,664.0,0,1,31.9,4.7,0,0,0,0,1,0,8,34,0,82.0,111.0,94.0,94.85714285714286,94.42857142857144,10.090070555230197,0.74,0.84,63,3,1,0.0,0.0,0,686.0,678,1.0,HIGH,17,695,625,Current closing stock (70 units) is at or below reorder threshold (133 units) | Critically low days of inventory (0.7 days remaining based on 7-day trend) | 7-day forecasted demand (686 units) exceeds available stock (70 units),CRITICAL: Issue emergency purchase order immediately to prevent stockout
2026-08-19,S04,P101,Salem,Supermarket,Central,Dairy,Milk,Aavin,60,52,8,3,SUP01,7600,1080,169,0,86,83,181,3,True,1,86,86,5160.0,3,0.0,0,60.0,688.0,0,1,28.5,0.4,0,0,0,0,2,0,8,34,0,83.0,100.0,101.0,90.85714285714286,93.64285714285714,7.946247991527615,0.91,0.99,98,3,3,0.0,0.0,0,723.0,711,1.0,HIGH,23,734,651,Current closing stock (83 units) is at or below reorder threshold (181 units) | Critically low days of inventory (0.9 days remaining based on 7-day trend) | 7-day forecasted demand (723 units) exceeds available stock (83 units) | Supplier replenishment lead time is relatively high (3 days),CRITICAL: Issue emergency purchase order immediately to prevent stockout
2026-08-20,S04,P101,Salem,Supermarket,Central,Dairy,Milk,Aavin,60,52,8,3,SUP01,7600,1080,212,0,92,120,139,3,True,1,92,92,5520.0,3,0.0,0,60.0,736.0,0,1,32.2,2.4,0,0,0,0,3,0,8,34,0,86.0,85.0,100.0,88.85714285714286,92.57142857142856,6.962484504556541,1.35,1.38,19,3,3,0.0,0.0,0,733.0,719,1.0,HIGH,20,739,619,Current closing stock (120 units) is at or below reorder threshold (139 units) | Critically low days of inventory (1.4 days remaining based on 7-day trend) | 7-day forecasted demand (733 units) exceeds available stock (120 units) | Supplier replenishment lead time is relatively high (3 days),CRITICAL: Issue emergency purchase order immediately to prevent stockout
2026-08-21,S04,P101,Salem,Supermarket,Central,Dairy,Milk,Aavin,60,52,8,3,SUP01,7600,1080,159,0,87,72,183,1,True,1,87,87,5220.0,3,0.0,0,60.0,696.0,0,1,31.7,5.1,0,0,0,0,4,0,8,34,0,92.0,99.0,79.0,89.85714285714286,92.0,6.817344825970736,0.8,0.77,111,3,1,0.0,0.0,0,715.0,713,1.0,HIGH,12,725,653,Current closing stock (72 units) is at or below reorder threshold (183 units) | Critically low days of inventory (0.8 days remaining based on 7-day trend) | 7-day forecasted demand (715 units) exceeds available stock (72 units),CRITICAL: Issue emergency purchase order immediately to prevent stockout
2026-08-22,S04,P101,Salem,Supermarket,Central,Dairy,Milk,Aavin,60,52,8,3,SUP01,7600,1080,161,74,115,120,136,2,True,1,115,115,6900.0,3,0.0,0,60.0,920.0,0,1,29.9,0.5,0,0,1,0,5,1,8,34,0,87.0,98.0,100.0,88.14285714285714,92.57142857142856,5.5205244747387825,1.36,1.36,16,3,2,0.0,0.0,0,715.0,713,1.0,HIGH,13,726,532,Current closing stock (120 units) is at or below reorder threshold (136 units) | Critically low days of inventory (1.4 days remaining based on 7-day trend) | 7-day forecasted demand (715 units) exceeds available stock (120 units),CRITICAL: Issue emergency purchase order immediately to prevent stockout
2026-08-23,S04,P101,Salem,Supermarket,Central,Dairy,Milk,Aavin,60,52,8,3,SUP01,7600,1080,139,0,91,48,177,4,True,1,91,91,4641.0,3,15.0,1,51.0,-91.0,0,1,30.1,11.0,0,0,1,0,6,1,8,34,0,115.0,89.0,85.0,90.57142857142856,93.64285714285714,11.296860077873289,0.53,0.41,129,3,4,15.0,9.0,1,708.0,700,1.0,HIGH,38,738,690,Current closing stock (48 units) is at or below reorder threshold (177 units) | Critically low days of inventory (0.5 days remaining based on 7-day trend) | 7-day forecasted demand (708 units) exceeds available stock (48 units) | Supplier replenishment lead time is relatively high (4 days),CRITICAL: Issue emergency purchase order immediately to prevent stockout
2026-08-24,S04,P101,Salem,Supermarket,Central,Dairy,Milk,Aavin,60,52,8,3,SUP01,7600,1080,194,0,118,76,129,3,True,1,118,118,6018.0,3,15.0,1,51.0,-118.0,0,1,31.0,6.5,0,0,0,0,0,0,8,35,0,91.0,82.0,99.0,90.85714285714286,94.07142857142856,11.275764148954906,0.84,0.83,53,3,3,15.0,9.0,1,679.0,686,1.0,HIGH,33,719,643,Current closing stock (76 units) is at or below reorder threshold (129 units) | Critically low days of inventory (0.8 days remaining based on 7-day trend) | 7-day forecasted demand (679 units) exceeds available stock (76 units) | Supplier replenishment lead time is relatively high (3 days),CRITICAL: Issue emergency purchase order immediately to prevent stockout
2026-08-25,S04,P101,Salem,Supermarket,Central,Dairy,Milk,Aavin,60,52,8,3,SUP01,7600,1080,142,0,97,45,157,3,True,1,97,97,5820.0,3,0.0,0,60.0,776.0,0,1,31.4,6.7,0,1,0,0,1,0,8,35,1,118.0,83.0,111.0,96.0,95.42857142857144,14.352700094407323,0.47,0.38,112,3,3,0.0,0.0,0,656.0,643,1.0,HIGH,42,685,640,Current closing stock (45 units) is at or below reorder threshold (157 units) | Critically low days of inventory (0.5 days remaining based on 7-day trend) | 7-day forecasted demand (656 units) exceeds available stock (45 units) | Supplier replenishment lead time is relatively high (3 days),CRITICAL: Issue emergency purchase order immediately to prevent stockout
2026-08-26,S04,P101,Salem,Supermarket,Central,Dairy,Milk,Aavin,60,52,8,3,SUP01,7600,1080,188,0,123,65,143,4,True,1,123,123,7011.0,3,5.0,1,57.0,615.0,0,1,28.0,8.1,0,1,0,0,2,0,8,35,1,97.0,86.0,100.0,98.0,94.42857142857144,13.165611772087669,0.66,0.66,78,3,4,5.0,3.0,1,614.0,638,1.0,HIGH,44,682,617,Current closing stock (65 units) is at or below reorder threshold (143 units) | Critically low days of inventory (0.7 days remaining based on 7-day trend) | 7-day forecasted demand (614 units) exceeds available stock (65 units) | Supplier replenishment lead time is relatively high (4 days),CRITICAL: Issue emergency purchase order immediately to prevent stockout
2026-08-27,S04,P101,Salem,Supermarket,Central,Dairy,Milk,Aavin,60,52,8,3,SUP01,7600,1080,149,67,102,114,131,1,True,1,102,102,6120.0,3,0.0,0,60.0,816.0,0,1,30.5,3.0,0,0,0,0,3,0,8,35,0,123.0,92.0,85.0,103.28571428571428,96.07142857142856,14.862865198364757,1.1,0.92,17,3,1,0.0,0.0,0,606.0,618,1.0,HIGH,25,643,462,Current closing stock (114 units) is at or below reorder threshold (131 units) | Critically low days of inventory (1.1 days remaining based on 7-day trend) | 7-day forecasted demand (606 units) exceeds available stock (114 units),CRITICAL: Issue emergency purchase order immediately to prevent stockout
2026-08-28,S04,P101,Salem,Supermarket,Central,Dairy,Milk,Aavin,60,52,8,3,SUP01,7600,1080,171,64,69,166,185,3,True,1,69,69,4140.0,3,0.0,0,60.0,552.0,0,1,29.8,6.3,0,0,0,0,4,0,8,35,0,102.0,87.0,99.0,104.71428571428572,97.28571428571428,14.056010407346356,1.59,1.61,19,3,3,0.0,0.0,0,609.0,620,0.4242,MEDIUM,41,661,431,Current closing stock (166 units) is at or below reorder threshold (185 units) | Critically low days of inventory (1.6 days remaining based on 7-day trend) | 7-day forecasted demand (609 units) exceeds available stock (166 units) | Supplier replenishment lead time is relatively high (3 days),CRITICAL: Issue emergency purchase order immediately to prevent stockout
2026-08-29,S04,P101,Salem,Supermarket,Central,Dairy,Milk,Aavin,60,52,8,3,SUP01,7600,1080,135,0,115,20,162,3,True,1,115,115,6900.0,3,0.0,1,60.0,920.0,0,1,29.9,0.0,0,0,1,1,5,1,8,35,0,69.0,115.0,98.0,102.14285714285714,95.14285714285714,18.712104562097164,0.2,0.29,142,3,3,0.0,0.0,1,613.0,620,1.0,HIGH,54,674,654,Current closing stock (20 units) is at or below reorder threshold (162 units) | Critically low days of inventory (0.2 days remaining based on 7-day trend) | 7-day forecasted demand (613 units) exceeds available stock (20 units) | Supplier replenishment lead time is relatively high (3 days),CRITICAL: Issue emergency purchase order immediately to prevent stockout
2026-08-30,S04,P101,Salem,Supermarket,Central,Dairy,Milk,Aavin,60,52,8,3,SUP01,7600,1080,175,0,84,91,143,4,True,1,84,84,5040.0,3,0.0,0,60.0,672.0,0,1,28.8,7.7,0,0,1,0,6,1,8,35,0,115.0,91.0,89.0,102.14285714285714,96.35714285714286,18.712104562097164,0.89,0.78,52,3,4,0.0,0.0,0,626.0,621,1.0,HIGH,62,683,592,Current closing stock (91 units) is at or below reorder threshold (143 units) | Critically low days of inventory (0.9 days remaining based on 7-day trend) | 7-day forecasted demand (626 units) exceeds available stock (91 units) | Supplier replenishment lead time is relatively high (4 days),CRITICAL: Issue emergency purchase order immediately to prevent stockout
2026-08-31,S04,P101,Salem,Supermarket,Central,Dairy,Milk,Aavin,60,52,8,3,SUP01,7600,1080,231,0,89,142,139,4,True,1,89,89,5340.0,3,0.0,0,60.0,712.0,0,0,31.9,9.1,0,0,0,0,0,0,8,36,0,84.0,118.0,82.0,101.14285714285714,96.0,19.574035280004416,1.4,1.67,-3,3,4,0.0,0.0,0,625.0,626,0.0172,LOW,65,691,549,Critically low days of inventory (1.4 days remaining based on 7-day trend) | 7-day forecasted demand (625 units) exceeds available stock (142 units) | Supplier replenishment lead time is relatively high (4 days),CRITICAL: Issue emergency purchase order immediately to prevent stockout
2026-09-01,S04,P101,Salem,Supermarket,Central,Dairy,Milk,Aavin,60,52,8,3,SUP01,7600,1080,154,0,74,80,136,4,True,1,74,74,4440.0,3,0.0,0,60.0,592.0,0,1,31.8,0.0,0,0,0,0,1,0,9,36,0,89.0,97.0,83.0,97.0,96.5,18.448125469362285,0.82,0.89,56,3,4,0.0,0.0,0,636.0,636,1.0,HIGH,61,697,617,Current closing stock (80 units) is at or below reorder threshold (136 units) | Critically low days of inventory (0.8 days remaining based on 7-day trend) | 7-day forecasted demand (636 units) exceeds available stock (80 units) | Supplier replenishment lead time is relatively high (4 days),CRITICAL: Issue emergency purchase order immediately to prevent stockout
2026-09-02,S04,P101,Salem,Supermarket,Central,Dairy,Milk,Aavin,60,52,8,3,SUP01,7600,1080,233,0,81,152,131,4,True,1,81,81,4860.0,3,0.0,0,60.0,648.0,0,0,31.4,2.8,0,0,0,0,2,0,9,36,0,74.0,123.0,86.0,93.71428571428572,95.85714285714286,20.393743204835204,1.62,2.03,-21,3,4,0.0,0.0,0,639.0,641,0.0172,LOW,68,709,557,Critically low days of inventory (1.6 days remaining based on 7-day trend) | 7-day forecasted demand (639 units) exceeds available stock (152 units) | Supplier replenishment lead time is relatively high (4 days),CRITICAL: Issue emergency purchase order immediately to prevent stockout
2026-09-03,S04,P101,Salem,Supermarket,Central,Dairy,Milk,Aavin,60,52,8,3,SUP01,7600,1080,219,100,94,225,179,3,True,1,94,94,5640.0,3,0.0,1,60.0,752.0,0,0,30.7,2.3,0,0,0,1,3,0,9,36,0,81.0,102.0,92.0,87.71428571428571,95.5,16.05941349815621,2.57,2.74,-46,3,3,0.0,0.0,1,640.0,659,0.0,LOW,46,705,380,Critically low days of inventory (2.6 days remaining based on 7-day trend) | 7-day forecasted demand (640 units) exceeds available stock (225 units) | Supplier replenishment lead time is relatively high (3 days),CRITICAL: Issue emergency purchase order immediately to prevent stockout
2026-09-04,S04,P101,Salem,Supermarket,Central,Dairy,Milk,Aavin,60,52,8,3,SUP01,7600,1080,145,0,72,73,134,3,True,1,72,72,4320.0,3,0.0,0,60.0,576.0,0,1,32.8,6.4,0,0,0,0,4,0,9,36,0,94.0,69.0,87.0,86.57142857142857,95.64285714285714,15.131172490999532,0.84,0.77,61,3,3,0.0,0.0,0,672.0,656,1.0,HIGH,44,700,627,Current closing stock (73 units) is at or below reorder threshold (134 units) | Critically low days of inventory (0.8 days remaining based on 7-day trend) | 7-day forecasted demand (672 units) exceeds available stock (73 units) | Supplier replenishment lead time is relatively high (3 days),CRITICAL: Issue emergency purchase order immediately to prevent stockout
2026-09-05,S04,P101,Salem,Supermarket,Central,Dairy,Milk,Aavin,60,52,8,3,SUP01,7600,1080,197,0,119,78,186,3,True,1,119,119,7140.0,3,0.0,1,60.0,952.0,0,1,28.6,0.0,0,1,1,0,5,1,9,36,1,72.0,115.0,115.0,87.0,94.57142857142856,14.583095236151571,0.9,1.07,108,3,3,0.0,0.0,1,643.0,671,1.0,HIGH,42,713,635,Current closing stock (78 units) is at or below reorder threshold (186 units) | Critically low days of inventory (0.9 days remaining based on 7-day trend) | 7-day forecasted demand (643 units) exceeds available stock (78 units) | Supplier replenishment lead time is relatively high (3 days),CRITICAL: Issue emergency purchase order immediately to prevent stockout
2026-09-06,S04,P101,Salem,Supermarket,Central,Dairy,Milk,Aavin,60,52,8,3,SUP01,7600,1080,175,0,97,78,150,3,True,1,97,97,5820.0,3,0.0,0,60.0,776.0,0,1,29.6,0.0,0,0,1,0,6,1,9,36,0,119.0,84.0,91.0,87.57142857142857,94.85714285714286,15.883504471171165,0.89,0.65,72,3,3,0.0,0.0,0,644.0,663,1.0,HIGH,46,709,631,Current closing stock (78 units) is at or below reorder threshold (150 units) | Critically low days of inventory (0.9 days remaining based on 7-day trend) | 7-day forecasted demand (644 units) exceeds available stock (78 units) | Supplier replenishment lead time is relatively high (3 days),CRITICAL: Issue emergency purchase order immediately to prevent stockout
2026-09-07,S04,P101,Salem,Supermarket,Central,Dairy,Milk,Aavin,60,52,8,3,SUP01,7600,1080,213,0,88,125,171,1,True,1,88,88,5280.0,3,0.0,0,60.0,704.0,0,1,30.2,11.4,0,0,0,0,0,0,9,37,0,97.0,89.0,118.0,89.42857142857143,95.28571428571428,16.154020581650286,1.4,1.28,46,3,1,0.0,0.0,0,629.0,666,1.0,HIGH,27,693,568,Current closing stock (125 units) is at or below reorder threshold (171 units) | Critically low days of inventory (1.4 days remaining based on 7-day trend) | 7-day forecasted demand (629 units) exceeds available stock (125 units),CRITICAL: Issue emergency purchase order immediately to prevent stockout
2026-09-08,S04,P101,Salem,Supermarket,Central,Dairy,Milk,Aavin,60,52,8,3,SUP01,7600,1080,145,0,85,60,132,3,True,1,85,85,4590.0,3,10.0,1,54.0,170.0,0,1,29.2,2.0,0,0,0,0,1,0,9,37,0,88.0,74.0,97.0,89.28571428571429,93.14285714285714,16.16286160424865,0.67,0.67,72,3,3,10.0,6.0,1,635.0,679,1.0,HIGH,47,726,666,Current closing stock (60 units) is at or below reorder threshold (132 units) | Critically low days of inventory (0.7 days remaining based on 7-day trend) | 7-day forecasted demand (635 units) exceeds available stock (60 units) | Supplier replenishment lead time is relatively high (3 days),CRITICAL: Issue emergency purchase order immediately to prevent stockout
2026-08-15,S04,P205,Salem,Supermarket,Central,Personal Care,Shampoo,GlowCare,120,79,41,730,SUP08,7600,1080,36,7,20,23,26,4,True,1,20,20,2400.0,3,0.0,0,120.0,820.0,0,1,27.4,0.0,1,0,1,0,5,1,8,33,0,14.0,20.0,17.0,16.571428571428573,16.214285714285715,2.070196678027062,1.39,1.53,3,730,4,0.0,0.0,0,128.0,125,1.0,HIGH,7,132,102,Current closing stock (23 units) is at or below reorder threshold (26 units) | Critically low days of inventory (1.4 days remaining based on 7-day trend) | 7-day forecasted demand (128 units) exceeds available stock (23 units) | Supplier replenishment lead time is relatively high (4 days),CRITICAL: Issue emergency purchase order immediately to prevent stockout
2026-08-16,S04,P205,Salem,Supermarket,Central,Personal Care,Shampoo,GlowCare,120,79,41,730,SUP08,7600,1080,24,0,17,7,26,2,True,1,17,17,2040.0,3,0.0,0,120.0,697.0,0,1,30.3,5.4,0,0,1,0,6,1,8,33,0,20.0,17.0,18.0,16.571428571428573,16.428571428571427,2.070196678027062,0.42,0.33,19,730,2,0.0,0.0,0,125.0,124,1.0,HIGH,5,129,122,Current closing stock (7 units) is at or below reorder threshold (26 units) | Critically low days of inventory (0.4 days remaining based on 7-day trend) | 7-day forecasted demand (125 units) exceeds available stock (7 units),CRITICAL: Issue emergency purchase order immediately to prevent stockout
2026-08-17,S04,P205,Salem,Supermarket,Central,Personal Care,Shampoo,GlowCare,120,79,41,730,SUP08,7600,1080,36,15,18,33,25,1,True,1,18,18,2160.0,3,0.0,0,120.0,738.0,0,0,30.7,1.2,0,0,0,0,0,0,8,34,0,17.0,17.0,15.0,16.571428571428573,16.357142857142858,2.070196678027062,1.99,1.83,-8,730,1,0.0,0.0,0,122.0,123,0.0,LOW,4,127,79,Critically low days of inventory (2.0 days remaining based on 7-day trend) | 7-day forecasted demand (122 units) exceeds available stock (33 units),URGENT: Place purchase order within 24 hours to replenish stock
2026-08-18,S04,P205,Salem,Supermarket,Central,Personal Care,Shampoo,GlowCare,120,79,41,730,SUP08,7600,1080,42,4,17,29,29,3,True,1,17,17,1938.0,3,5.0,1,114.0,595.0,0,1,31.9,4.7,0,0,0,0,1,0,8,34,0,18.0,18.0,16.0,16.714285714285715,16.571428571428573,2.138089935299395,1.74,1.53,0,730,3,5.0,6.0,1,123.0,124,1.0,HIGH,7,131,98,Current closing stock (29 units) is at or below reorder threshold (29 units) | Critically low days of inventory (1.7 days remaining based on 7-day trend) | 7-day forecasted demand (123 units) exceeds available stock (29 units) | Supplier replenishment lead time is relatively high (3 days),URGENT: Place purchase order within 24 hours to replenish stock
2026-08-19,S04,P205,Salem,Supermarket,Central,Personal Care,Shampoo,GlowCare,120,79,41,730,SUP08,7600,1080,30,0,16,14,34,3,True,1,16,16,1824.0,3,5.0,1,114.0,560.0,0,1,28.5,0.4,0,0,0,0,2,0,8,34,0,17.0,15.0,16.0,16.571428571428573,16.642857142857142,2.070196678027062,0.84,0.78,20,730,3,5.0,6.0,1,126.0,124,1.0,HIGH,6,130,116,Current closing stock (14 units) is at or below reorder threshold (34 units) | Critically low days of inventory (0.8 days remaining based on 7-day trend) | 7-day forecasted demand (126 units) exceeds available stock (14 units) | Supplier replenishment lead time is relatively high (3 days),CRITICAL: Issue emergency purchase order immediately to prevent stockout
2026-08-20,S04,P205,Salem,Supermarket,Central,Personal Care,Shampoo,GlowCare,120,79,41,730,SUP08,7600,1080,36,0,17,19,32,4,True,1,17,17,2040.0,3,0.0,0,120.0,697.0,0,1,32.2,2.4,0,0,0,0,3,0,8,34,0,16.0,15.0,15.0,16.714285714285715,16.642857142857142,1.9760470401187071,1.14,1.12,13,730,4,0.0,0.0,0,124.0,124,1.0,HIGH,7,131,112,Current closing stock (19 units) is at or below reorder threshold (32 units) | Critically low days of inventory (1.1 days remaining based on 7-day trend) | 7-day forecasted demand (124 units) exceeds available stock (19 units) | Supplier replenishment lead time is relatively high (4 days),CRITICAL: Issue emergency purchase order immediately to prevent stockout
2026-08-21,S04,P205,Salem,Supermarket,Central,Personal Care,Shampoo,GlowCare,120,79,41,730,SUP08,7600,1080,26,0,21,5,34,4,True,1,21,21,2520.0,3,0.0,1,120.0,861.0,0,1,31.7,5.1,0,0,0,0,4,0,8,34,0,17.0,14.0,14.0,17.0,16.785714285714285,1.8257418583505536,0.29,0.28,29,730,4,0.0,0.0,1,117.0,119,1.0,HIGH,7,126,121,Current closing stock (5 units) is at or below reorder threshold (34 units) | Critically low days of inventory (0.3 days remaining based on 7-day trend) | 7-day forecasted demand (117 units) exceeds available stock (5 units) | Supplier replenishment lead time is relatively high (4 days),CRITICAL: Issue emergency purchase order immediately to prevent stockout
2026-08-22,S04,P205,Salem,Supermarket,Central,Personal Care,Shampoo,GlowCare,120,79,41,730,SUP08,7600,1080,41,0,22,19,32,1,True,1,22,22,2640.0,3,0.0,0,120.0,902.0,0,1,29.9,0.5,0,0,1,0,5,1,8,34,0,21.0,20.0,20.0,18.0,17.285714285714285,1.8257418583505536,1.06,0.86,13,730,1,0.0,0.0,0,117.0,119,1.0,HIGH,4,123,104,Current closing stock (19 units) is at or below reorder threshold (32 units) | Critically low days of inventory (1.1 days remaining based on 7-day trend) | 7-day forecasted demand (117 units) exceeds available stock (19 units),CRITICAL: Issue emergency purchase order immediately to prevent stockout
2026-08-23,S04,P205,Salem,Supermarket,Central,Personal Care,Shampoo,GlowCare,120,79,41,730,SUP08,7600,1080,36,3,14,25,26,2,True,1,14,14,1680.0,3,0.0,0,120.0,574.0,0,1,30.1,11.0,0,0,1,0,6,1,8,34,0,22.0,17.0,17.0,18.285714285714285,17.428571428571427,2.2886885410853166,1.37,1.09,1,730,2,0.0,0.0,0,120.0,123,1.0,HIGH,6,129,101,Current closing stock (25 units) is at or below reorder threshold (26 units) | Critically low days of inventory (1.4 days remaining based on 7-day trend) | 7-day forecasted demand (120 units) exceeds available stock (25 units),CRITICAL: Issue emergency purchase order immediately to prevent stockout
2026-08-24,S04,P205,Salem,Supermarket,Central,Personal Care,Shampoo,GlowCare,120,79,41,730,SUP08,7600,1080,27,0,15,12,34,2,True,1,15,15,1800.0,3,0.0,0,120.0,615.0,0,1,31.0,6.5,0,0,0,0,0,0,8,35,0,14.0,18.0,17.0,17.857142857142858,17.214285714285715,2.7945525240230875,0.67,0.8,22,730,2,0.0,0.0,0,122.0,121,1.0,HIGH,7,128,116,Current closing stock (12 units) is at or below reorder threshold (34 units) | Critically low days of inventory (0.7 days remaining based on 7-day trend) | 7-day forecasted demand (122 units) exceeds available stock (12 units),CRITICAL: Issue emergency purchase order immediately to prevent stockout
2026-08-25,S04,P205,Salem,Supermarket,Central,Personal Care,Shampoo,GlowCare,120,79,41,730,SUP08,7600,1080,42,0,18,24,32,3,True,1,18,18,2160.0,3,0.0,0,120.0,738.0,0,1,31.4,6.7,0,1,0,0,1,0,8,35,1,15.0,17.0,18.0,17.428571428571427,17.071428571428573,2.9920529661723836,1.38,1.5,8,730,3,0.0,0.0,0,120.0,120,1.0,HIGH,9,129,105,Current closing stock (24 units) is at or below reorder threshold (32 units) | Critically low days of inventory (1.4 days remaining based on 7-day trend) | 7-day forecasted demand (120 units) exceeds available stock (24 units) | Supplier replenishment lead time is relatively high (3 days),CRITICAL: Issue emergency purchase order immediately to prevent stockout
2026-08-26,S04,P205,Salem,Supermarket,Central,Personal Care,Shampoo,GlowCare,120,79,41,730,SUP08,7600,1080,28,15,19,24,33,4,True,1,19,19,2280.0,3,0.0,0,120.0,779.0,0,1,28.0,8.1,0,1,0,0,2,0,8,35,1,18.0,16.0,15.0,17.571428571428573,17.071428571428573,2.9920529661723827,1.37,1.26,9,730,4,0.0,0.0,0,118.0,119,1.0,HIGH,10,129,90,Current closing stock (24 units) is at or below reorder threshold (33 units) | Critically low days of inventory (1.4 days remaining based on 7-day trend) | 7-day forecasted demand (118 units) exceeds available stock (24 units) | Supplier replenishment lead time is relatively high (4 days),URGENT: Place purchase order within 24 hours to replenish stock
2026-08-27,S04,P205,Salem,Supermarket,Central,Personal Care,Shampoo,GlowCare,120,79,41,730,SUP08,7600,1080,35,0,15,20,26,4,True,1,15,15,1800.0,3,0.0,1,120.0,615.0,0,1,30.5,3.0,0,0,0,0,3,0,8,35,0,19.0,17.0,15.0,18.0,17.357142857142858,2.9439202887759484,1.11,1.0,6,730,4,0.0,0.0,1,122.0,120,1.0,HIGH,10,130,110,Current closing stock (20 units) is at or below reorder threshold (26 units) | Critically low days of inventory (1.1 days remaining based on 7-day trend) | 7-day forecasted demand (122 units) exceeds available stock (20 units) | Supplier replenishment lead time is relatively high (4 days),CRITICAL: Issue emergency purchase order immediately to prevent stockout
2026-08-28,S04,P205,Salem,Supermarket,Central,Personal Care,Shampoo,GlowCare,120,79,41,730,SUP08,7600,1080,40,16,14,42,26,3,True,1,14,14,1680.0,3,0.0,0,120.0,574.0,0,0,29.8,6.3,0,0,0,0,4,0,8,35,0,15.0,21.0,14.0,17.714285714285715,17.357142857142858,3.147183169877773,2.37,2.62,-16,730,3,0.0,0.0,0,122.0,121,0.0,LOW,9,130,72,Critically low days of inventory (2.4 days remaining based on 7-day trend) | 7-day forecasted demand (122 units) exceeds available stock (42 units) | Supplier replenishment lead time is relatively high (3 days),URGENT: Place purchase order within 24 hours to replenish stock
2026-08-29,S04,P205,Salem,Supermarket,Central,Personal Care,Shampoo,GlowCare,120,79,41,730,SUP08,7600,1080,27,0,22,5,34,4,True,1,22,22,2640.0,3,0.0,0,120.0,902.0,0,1,29.9,0.0,0,0,1,1,5,1,8,35,0,14.0,22.0,20.0,16.714285714285715,17.357142857142858,3.039423504234849,0.3,0.33,29,730,4,0.0,0.0,0,118.0,118,1.0,HIGH,11,129,124,Current closing stock (5 units) is at or below reorder threshold (34 units) | Critically low days of inventory (0.3 days remaining based on 7-day trend) | 7-day forecasted demand (118 units) exceeds available stock (5 units) | Supplier replenishment lead time is relatively high (4 days),CRITICAL: Issue emergency purchase order immediately to prevent stockout
2026-08-30,S04,P205,Salem,Supermarket,Central,Personal Care,Shampoo,GlowCare,120,79,41,730,SUP08,7600,1080,38,0,17,21,25,4,True,1,17,17,2040.0,3,0.0,0,120.0,697.0,0,1,28.8,7.7,0,0,1,0,6,1,8,35,0,22.0,14.0,17.0,16.714285714285715,17.5,3.039423504234849,1.26,0.91,4,730,4,0.0,0.0,0,115.0,117,1.0,HIGH,11,128,107,Current closing stock (21 units) is at or below reorder threshold (25 units) | Critically low days of inventory (1.3 days remaining based on 7-day trend) | 7-day forecasted demand (115 units) exceeds available stock (21 units) | Supplier replenishment lead time is relatively high (4 days),CRITICAL: Issue emergency purchase order immediately to prevent stockout
2026-08-31,S04,P205,Salem,Supermarket,Central,Personal Care,Shampoo,GlowCare,120,79,41,730,SUP08,7600,1080,36,11,17,30,34,1,True,1,17,17,2040.0,3,0.0,0,120.0,697.0,0,1,31.9,9.1,0,0,0,0,0,0,8,36,0,17.0,15.0,18.0,17.142857142857142,17.5,2.794552524023089,1.75,1.67,4,730,1,0.0,0.0,0,114.0,115,1.0,HIGH,5,120,79,Current closing stock (30 units) is at or below reorder threshold (34 units) | Critically low days of inventory (1.8 days remaining based on 7-day trend) | 7-day forecasted demand (114 units) exceeds available stock (30 units),URGENT: Place purchase order within 24 hours to replenish stock
2026-09-01,S04,P205,Salem,Supermarket,Central,Personal Care,Shampoo,GlowCare,120,79,41,730,SUP08,7600,1080,29,0,16,13,30,1,True,1,16,16,1920.0,3,0.0,0,120.0,656.0,0,1,31.8,0.0,0,0,0,0,1,0,9,36,0,17.0,18.0,17.0,17.428571428571427,17.428571428571427,2.6367367999823106,0.75,0.72,17,730,1,0.0,0.0,0,112.0,112,1.0,HIGH,5,117,104,Current closing stock (13 units) is at or below reorder threshold (30 units) | Critically low days of inventory (0.8 days remaining based on 7-day trend) | 7-day forecasted demand (112 units) exceeds available stock (13 units),CRITICAL: Issue emergency purchase order immediately to prevent stockout
2026-09-02,S04,P205,Salem,Supermarket,Central,Personal Care,Shampoo,GlowCare,120,79,41,730,SUP08,7600,1080,28,0,17,11,30,3,True,1,17,17,2040.0,3,0.0,0,120.0,697.0,0,1,31.4,2.8,0,0,0,0,2,0,9,36,0,16.0,19.0,16.0,17.142857142857142,17.357142857142858,2.672612419124245,0.64,0.65,19,730,3,0.0,0.0,0,111.0,113,1.0,HIGH,8,121,110,Current closing stock (11 units) is at or below reorder threshold (30 units) | Critically low days of inventory (0.6 days remaining based on 7-day trend) | 7-day forecasted demand (111 units) exceeds available stock (11 units) | Supplier replenishment lead time is relatively high (3 days),CRITICAL: Issue emergency purchase order immediately to prevent stockout
2026-09-03,S04,P205,Salem,Supermarket,Central,Personal Care,Shampoo,GlowCare,120,79,41,730,SUP08,7600,1080,36,2,19,19,24,2,True,1,19,19,1938.0,3,15.0,1,102.0,437.0,0,1,30.7,2.3,0,0,0,1,3,0,9,36,0,17.0,15.0,17.0,16.857142857142858,17.428571428571427,2.5448360411214086,1.13,1.06,5,730,2,15.0,18.0,1,110.0,112,1.0,HIGH,6,118,97,Current closing stock (19 units) is at or below reorder threshold (24 units) | Critically low days of inventory (1.1 days remaining based on 7-day trend) | 7-day forecasted demand (110 units) exceeds available stock (19 units),URGENT: Place purchase order within 24 hours to replenish stock
2026-09-04,S04,P205,Salem,Supermarket,Central,Personal Care,Shampoo,GlowCare,120,79,41,730,SUP08,7600,1080,39,0,14,25,31,1,True,1,14,14,1680.0,3,0.0,0,120.0,574.0,0,1,32.8,6.4,0,0,0,0,4,0,9,36,0,19.0,14.0,21.0,17.428571428571427,17.571428571428573,2.507132682112036,1.43,1.25,6,730,1,0.0,0.0,0,112.0,113,1.0,HIGH,5,118,93,Current closing stock (25 units) is at or below reorder threshold (31 units) | Critically low days of inventory (1.4 days remaining based on 7-day trend) | 7-day forecasted demand (112 units) exceeds available stock (25 units),URGENT: Place purchase order within 24 hours to replenish stock
2026-09-05,S04,P205,Salem,Supermarket,Central,Personal Care,Shampoo,GlowCare,120,79,41,730,SUP08,7600,1080,24,0,18,6,31,4,True,1,18,18,2160.0,3,0.0,0,120.0,738.0,0,1,28.6,0.0,0,1,1,0,5,1,9,36,1,14.0,22.0,22.0,17.428571428571427,17.071428571428573,2.507132682112036,0.34,0.4,25,730,4,0.0,0.0,0,114.0,114,1.0,HIGH,9,123,117,Current closing stock (6 units) is at or below reorder threshold (31 units) | Critically low days of inventory (0.3 days remaining based on 7-day trend) | 7-day forecasted demand (114 units) exceeds available stock (6 units) | Supplier replenishment lead time is relatively high (4 days),CRITICAL: Issue emergency purchase order immediately to prevent stockout
2026-09-06,S04,P205,Salem,Supermarket,Central,Personal Care,Shampoo,GlowCare,120,79,41,730,SUP08,7600,1080,40,0,14,26,25,1,True,1,14,14,1680.0,3,0.0,0,120.0,574.0,0,0,29.6,0.0,0,0,1,0,6,1,9,36,0,18.0,17.0,14.0,16.857142857142858,16.785714285714285,1.573591584938889,1.54,1.37,-1,730,1,0.0,0.0,0,120.0,115,1.0,HIGH,3,118,92,Critically low days of inventory (1.5 days remaining based on 7-day trend) | 7-day forecasted demand (120 units) exceeds available stock (26 units),URGENT: Place purchase order within 24 hours to replenish stock
2026-09-07,S04,P205,Salem,Supermarket,Central,Personal Care,Shampoo,GlowCare,120,79,41,730,SUP08,7600,1080,34,0,16,18,27,3,True,1,16,16,1920.0,3,0.0,0,120.0,656.0,0,1,30.2,11.4,0,0,0,0,0,0,9,37,0,14.0,17.0,15.0,16.428571428571427,16.785714285714285,1.9023794624226864,1.1,1.2,9,730,3,0.0,0.0,0,121.0,116,1.0,HIGH,6,122,104,Current closing stock (18 units) is at or below reorder threshold (27 units) | Critically low days of inventory (1.1 days remaining based on 7-day trend) | 7-day forecasted demand (121 units) exceeds available stock (18 units) | Supplier replenishment lead time is relatively high (3 days),CRITICAL: Issue emergency purchase order immediately to prevent stockout
2026-09-08,S04,P205,Salem,Supermarket,Central,Personal Care,Shampoo,GlowCare,120,79,41,730,SUP08,7600,1080,29,0,14,15,29,2,True,1,14,14,1680.0,3,0.0,0,120.0,574.0,0,1,29.2,2.0,0,0,0,0,1,0,9,37,0,16.0,16.0,18.0,16.285714285714285,16.857142857142858,1.889822365046139,0.92,0.88,14,730,2,0.0,0.0,0,126.0,115,1.0,HIGH,5,120,105,Current closing stock (15 units) is at or below reorder threshold (29 units) | Critically low days of inventory (0.9 days remaining based on 7-day trend) | 7-day forecasted demand (126 units) exceeds available stock (15 units),CRITICAL: Issue emergency purchase order immediately to prevent stockout
2026-08-15,S04,P330,Salem,Supermarket,Central,Beverages,Soft Drink,FizzUp,50,31,19,180,SUP04,7600,1080,260,0,112,148,219,3,True,1,112,112,5600.0,3,0.0,0,50.0,2128.0,0,1,27.4,0.0,1,0,1,0,5,1,8,33,0,109.0,135.0,110.0,128.71428571428572,123.28571428571428,17.867235243262893,1.15,1.35,71,180,3,0.0,0.0,0,829.0,829,1.0,HIGH,52,881,733,Current closing stock (148 units) is at or below reorder threshold (219 units) | Critically low days of inventory (1.1 days remaining based on 7-day trend) | 7-day forecasted demand (829 units) exceeds available stock (148 units) | Supplier replenishment lead time is relatively high (3 days),CRITICAL: Issue emergency purchase order immediately to prevent stockout
2026-08-16,S04,P330,Salem,Supermarket,Central,Beverages,Soft Drink,FizzUp,50,31,19,180,SUP04,7600,1080,202,44,133,113,165,1,True,1,133,133,5652.5,3,15.0,1,42.5,1529.5,0,1,30.3,5.4,0,0,1,0,6,1,8,33,0,112.0,149.0,163.0,125.42857142857144,123.42857142857144,18.617707904547434,0.9,1.0,52,180,1,15.0,7.5,1,805.0,826,1.0,HIGH,31,857,700,Current closing stock (113 units) is at or below reorder threshold (165 units) | Critically low days of inventory (0.9 days remaining based on 7-day trend) | 7-day forecasted demand (805 units) exceeds available stock (113 units),CRITICAL: Issue emergency purchase order immediately to prevent stockout
2026-08-17,S04,P330,Salem,Supermarket,Central,Beverages,Soft Drink,FizzUp,50,31,19,180,SUP04,7600,1080,287,0,121,166,183,2,True,1,121,121,6050.0,3,0.0,0,50.0,2299.0,0,1,30.7,1.2,0,0,0,0,0,0,8,34,0,133.0,117.0,107.0,123.14285714285714,121.28571428571428,16.046064641406343,1.35,1.24,17,180,2,0.0,0.0,0,799.0,822,1.0,HIGH,38,860,694,Current closing stock (166 units) is at or below reorder threshold (183 units) | Critically low days of inventory (1.4 days remaining based on 7-day trend) | 7-day forecasted demand (799 units) exceeds available stock (166 units),CRITICAL: Issue emergency purchase order immediately to prevent stockout
2026-08-18,S04,P330,Salem,Supermarket,Central,Beverages,Soft Drink,FizzUp,50,31,19,180,SUP04,7600,1080,288,0,141,147,196,2,True,1,141,141,5992.5,3,15.0,1,42.5,1621.5,0,1,31.9,4.7,0,0,0,0,1,0,8,34,0,121.0,115.0,116.0,123.71428571428572,122.28571428571428,15.861003391066689,1.19,1.2,49,180,2,15.0,7.5,1,821.0,823,1.0,HIGH,38,861,714,Current closing stock (147 units) is at or below reorder threshold (196 units) | Critically low days of inventory (1.2 days remaining based on 7-day trend) | 7-day forecasted demand (821 units) exceeds available stock (147 units),CRITICAL: Issue emergency purchase order immediately to prevent stockout
2026-08-19,S04,P330,Salem,Supermarket,Central,Beverages,Soft Drink,FizzUp,50,31,19,180,SUP04,7600,1080,186,62,111,137,168,2,True,1,111,111,5550.0,3,0.0,0,50.0,2109.0,0,1,28.5,0.4,0,0,0,0,2,0,8,34,0,141.0,121.0,112.0,127.42857142857144,124.07142857142856,16.51117947389126,1.08,0.96,31,180,2,0.0,0.0,0,861.0,845,1.0,HIGH,39,884,685,Current closing stock (137 units) is at or below reorder threshold (168 units) | Critically low days of inventory (1.1 days remaining based on 7-day trend) | 7-day forecasted demand (861 units) exceeds available stock (137 units),CRITICAL: Issue emergency purchase order immediately to prevent stockout
2026-08-20,S04,P330,Salem,Supermarket,Central,Beverages,Soft Drink,FizzUp,50,31,19,180,SUP04,7600,1080,177,0,100,77,205,2,True,1,100,100,5000.0,3,0.0,0,50.0,1900.0,0,1,32.2,2.4,0,0,0,0,3,0,8,34,0,111.0,155.0,114.0,126.0,124.0,17.559422921421245,0.61,0.69,128,180,2,0.0,0.0,0,911.0,884,1.0,HIGH,41,925,848,Current closing stock (77 units) is at or below reorder threshold (205 units) | Critically low days of inventory (0.6 days remaining based on 7-day trend) | 7-day forecasted demand (911 units) exceeds available stock (77 units),CRITICAL: Issue emergency purchase order immediately to prevent stockout
2026-08-21,S04,P330,Salem,Supermarket,Central,Beverages,Soft Drink,FizzUp,50,31,19,180,SUP04,7600,1080,188,0,123,65,182,2,True,1,123,123,6150.0,3,0.0,0,50.0,2337.0,0,1,31.7,5.1,0,0,0,0,4,0,8,34,0,100.0,109.0,103.0,118.14285714285714,123.0,14.450243036348018,0.55,0.64,117,180,2,0.0,0.0,0,895.0,880,1.0,HIGH,34,914,849,Current closing stock (65 units) is at or below reorder threshold (182 units) | Critically low days of inventory (0.6 days remaining based on 7-day trend) | 7-day forecasted demand (895 units) exceeds available stock (65 units),CRITICAL: Issue emergency purchase order immediately to prevent stockout
2026-08-22,S04,P330,Salem,Supermarket,Central,Beverages,Soft Drink,FizzUp,50,31,19,180,SUP04,7600,1080,291,0,100,191,191,4,True,1,100,100,5000.0,3,0.0,0,50.0,1900.0,0,1,29.9,0.5,0,0,1,0,5,1,8,34,0,123.0,112.0,135.0,120.14285714285714,124.42857142857144,13.933515606007612,1.59,1.54,0,180,4,0.0,0.0,0,915.0,878,1.0,HIGH,46,924,733,Current closing stock (191 units) is at or below reorder threshold (191 units) | Critically low days of inventory (1.6 days remaining based on 7-day trend) | 7-day forecasted demand (915 units) exceeds available stock (191 units) | Supplier replenishment lead time is relatively high (4 days),CRITICAL: Issue emergency purchase order immediately to prevent stockout
2026-08-23,S04,P330,Salem,Supermarket,Central,Beverages,Soft Drink,FizzUp,50,31,19,180,SUP04,7600,1080,165,0,109,56,209,4,True,1,109,109,5450.0,3,0.0,0,50.0,2071.0,0,1,30.1,11.0,0,0,1,0,6,1,8,34,0,100.0,133.0,149.0,118.42857142857144,121.92857142857144,15.725320800725015,0.47,0.55,153,180,4,0.0,0.0,0,951.0,924,1.0,HIGH,52,976,920,Current closing stock (56 units) is at or below reorder threshold (209 units) | Critically low days of inventory (0.5 days remaining based on 7-day trend) | 7-day forecasted demand (951 units) exceeds available stock (56 units) | Supplier replenishment lead time is relatively high (4 days),CRITICAL: Issue emergency purchase order immediately to prevent stockout
2026-08-24,S04,P330,Salem,Supermarket,Central,Beverages,Soft Drink,FizzUp,50,31,19,180,SUP04,7600,1080,236,0,115,121,203,3,True,1,115,115,5750.0,3,0.0,0,50.0,2185.0,0,1,31.0,6.5,0,0,0,0,0,0,8,35,0,109.0,121.0,117.0,115.0,119.07142857142856,14.594519519326449,1.05,1.1,82,180,3,0.0,0.0,0,943.0,892,1.0,HIGH,42,934,813,Current closing stock (121 units) is at or below reorder threshold (203 units) | Critically low days of inventory (1.1 days remaining based on 7-day trend) | 7-day forecasted demand (943 units) exceeds available stock (121 units) | Supplier replenishment lead time is relatively high (3 days),CRITICAL: Issue emergency purchase order immediately to prevent stockout
2026-08-25,S04,P330,Salem,Supermarket,Central,Beverages,Soft Drink,FizzUp,50,31,19,180,SUP04,7600,1080,227,0,163,64,170,1,True,1,163,163,7742.5,3,5.0,1,47.5,2689.5,0,1,31.4,6.7,0,1,0,0,1,0,8,35,1,115.0,141.0,115.0,114.14285714285714,118.92857142857144,14.357675896288292,0.56,0.55,106,180,1,5.0,2.5,1,873.0,866,1.0,HIGH,24,890,826,Current closing stock (64 units) is at or below reorder threshold (170 units) | Critically low days of inventory (0.6 days remaining based on 7-day trend) | 7-day forecasted demand (873 units) exceeds available stock (64 units),CRITICAL: Issue emergency purchase order immediately to prevent stockout
2026-08-26,S04,P330,Salem,Supermarket,Central,Beverages,Soft Drink,FizzUp,50,31,19,180,SUP04,7600,1080,250,62,151,161,204,3,True,1,151,151,6417.5,3,15.0,1,42.5,1736.5,0,1,28.0,8.1,0,1,0,0,2,0,8,35,1,163.0,111.0,121.0,117.28571428571428,122.35714285714286,21.731039902363065,1.37,0.98,43,180,3,15.0,7.5,1,824.0,818,1.0,HIGH,63,881,658,Current closing stock (161 units) is at or below reorder threshold (204 units) | Critically low days of inventory (1.4 days remaining based on 7-day trend) | 7-day forecasted demand (824 units) exceeds available stock (161 units) | Supplier replenishment lead time is relatively high (3 days),CRITICAL: Issue emergency purchase order immediately to prevent stockout
2026-08-27,S04,P330,Salem,Supermarket,Central,Beverages,Soft Drink,FizzUp,50,31,19,180,SUP04,7600,1080,273,0,150,123,229,3,True,1,150,150,6750.0,3,10.0,1,45.0,2100.0,0,1,30.5,3.0,0,0,0,0,3,0,8,35,0,151.0,100.0,155.0,123.0,124.5,24.83948469674845,1.0,0.81,106,180,3,10.0,5.0,1,790.0,793,1.0,HIGH,71,864,741,Current closing stock (123 units) is at or below reorder threshold (229 units) | Critically low days of inventory (1.0 days remaining based on 7-day trend) | 7-day forecasted demand (790 units) exceeds available stock (123 units) | Supplier replenishment lead time is relatively high (3 days),CRITICAL: Issue emergency purchase order immediately to prevent stockout
2026-08-28,S04,P330,Salem,Supermarket,Central,Beverages,Soft Drink,FizzUp,50,31,19,180,SUP04,7600,1080,282,0,107,175,219,4,True,1,107,107,5350.0,3,0.0,0,50.0,2033.0,0,1,29.8,6.3,0,0,0,0,4,0,8,35,0,150.0,123.0,109.0,130.14285714285714,124.14285714285714,24.30657367482147,1.34,1.16,44,180,4,0.0,0.0,0,768.0,784,1.0,HIGH,81,865,690,Current closing stock (175 units) is at or below reorder threshold (219 units) | Critically low days of inventory (1.3 days remaining based on 7-day trend) | 7-day forecasted demand (768 units) exceeds available stock (175 units) | Supplier replenishment lead time is relatively high (4 days),CRITICAL: Issue emergency purchase order immediately to prevent stockout
2026-08-29,S04,P330,Salem,Supermarket,Central,Beverages,Soft Drink,FizzUp,50,31,19,180,SUP04,7600,1080,199,0,120,79,216,4,True,1,120,120,6000.0,3,0.0,0,50.0,2280.0,0,1,29.9,0.0,0,0,1,1,5,1,8,35,0,107.0,100.0,112.0,127.85714285714286,124.0,25.79682520148924,0.62,0.73,137,180,4,0.0,0.0,0,796.0,799,1.0,HIGH,86,885,806,Current closing stock (79 units) is at or below reorder threshold (216 units) | Critically low days of inventory (0.6 days remaining based on 7-day trend) | 7-day forecasted demand (796 units) exceeds available stock (79 units) | Supplier replenishment lead time is relatively high (4 days),CRITICAL: Issue emergency purchase order immediately to prevent stockout
2026-08-30,S04,P330,Salem,Supermarket,Central,Beverages,Soft Drink,FizzUp,50,31,19,180,SUP04,7600,1080,227,0,145,82,206,3,True,1,145,145,6162.5,3,15.0,1,42.5,1667.5,0,1,28.8,7.7,0,0,1,0,6,1,8,35,0,120.0,109.0,133.0,130.71428571428572,124.57142857142856,23.17120544781307,0.63,0.68,124,180,3,15.0,7.5,1,767.0,782,1.0,HIGH,67,849,767,Current closing stock (82 units) is at or below reorder threshold (206 units) | Critically low days of inventory (0.6 days remaining based on 7-day trend) | 7-day forecasted demand (767 units) exceeds available stock (82 units) | Supplier replenishment lead time is relatively high (3 days),CRITICAL: Issue emergency purchase order immediately to prevent stockout
2026-08-31,S04,P330,Salem,Supermarket,Central,Beverages,Soft Drink,FizzUp,50,31,19,180,SUP04,7600,1080,185,0,107,78,200,4,True,1,107,107,5350.0,3,0.0,0,50.0,2033.0,0,1,31.9,9.1,0,0,0,0,0,0,8,36,0,145.0,115.0,121.0,135.85714285714286,125.42857142857144,21.481996892193017,0.57,0.53,122,180,4,0.0,0.0,0,772.0,823,1.0,HIGH,71,894,816,Current closing stock (78 units) is at or below reorder threshold (200 units) | Critically low days of inventory (0.6 days remaining based on 7-day trend) | 7-day forecasted demand (772 units) exceeds available stock (78 units) | Supplier replenishment lead time is relatively high (4 days),CRITICAL: Issue emergency purchase order immediately to prevent stockout
2026-09-01,S04,P330,Salem,Supermarket,Central,Beverages,Soft Drink,FizzUp,50,31,19,180,SUP04,7600,1080,300,0,93,207,207,4,True,1,93,93,4650.0,3,0.0,0,50.0,1767.0,0,1,31.8,0.0,0,0,0,0,1,0,9,36,0,107.0,163.0,141.0,134.71428571428572,124.42857142857144,22.93988001795335,1.54,1.92,0,180,4,0.0,0.0,0,803.0,814,0.4242,MEDIUM,76,890,683,Current closing stock (207 units) is at or below reorder threshold (207 units) | Critically low days of inventory (1.5 days remaining based on 7-day trend) | 7-day forecasted demand (803 units) exceeds available stock (207 units) | Supplier replenishment lead time is relatively high (4 days),CRITICAL: Issue emergency purchase order immediately to prevent stockout
2026-09-02,S04,P330,Salem,Supermarket,Central,Beverages,Soft Drink,FizzUp,50,31,19,180,SUP04,7600,1080,255,0,102,153,183,3,True,1,102,102,5100.0,3,0.0,0,50.0,1938.0,0,1,31.4,2.8,0,0,0,0,2,0,9,36,0,93.0,151.0,111.0,124.71428571428572,121.0,23.79575792527095,1.23,1.63,30,180,3,0.0,0.0,0,839.0,821,1.0,HIGH,69,890,737,Current closing stock (153 units) is at or below reorder threshold (183 units) | Critically low days of inventory (1.2 days remaining based on 7-day trend) | 7-day forecasted demand (839 units) exceeds available stock (153 units) | Supplier replenishment lead time is relatively high (3 days),CRITICAL: Issue emergency purchase order immediately to prevent stockout
2026-09-03,S04,P330,Salem,Supermarket,Central,Beverages,Soft Drink,FizzUp,50,31,19,180,SUP04,7600,1080,210,0,116,94,197,3,True,1,116,116,5800.0,3,0.0,0,50.0,2204.0,0,1,30.7,2.3,0,0,0,1,3,0,9,36,0,102.0,150.0,100.0,117.71428571428572,120.35714285714286,21.906728690171015,0.8,0.91,103,180,3,0.0,0.0,0,819.0,816,1.0,HIGH,63,879,785,Current closing stock (94 units) is at or below reorder threshold (197 units) | Critically low days of inventory (0.8 days remaining based on 7-day trend) | 7-day forecasted demand (819 units) exceeds available stock (94 units) | Supplier replenishment lead time is relatively high (3 days),CRITICAL: Issue emergency purchase order immediately to prevent stockout
2026-09-04,S04,P330,Salem,Supermarket,Central,Beverages,Soft Drink,FizzUp,50,31,19,180,SUP04,7600,1080,220,0,85,135,237,2,True,1,85,85,4250.0,3,0.0,0,50.0,1615.0,0,1,32.8,6.4,0,0,0,0,4,0,9,36,0,116.0,107.0,123.0,112.85714285714286,121.5,16.707568857941514,1.2,1.15,102,180,2,0.0,0.0,0,834.0,835,1.0,HIGH,39,874,739,Current closing stock (135 units) is at or below reorder threshold (237 units) | Critically low days of inventory (1.2 days remaining based on 7-day trend) | 7-day forecasted demand (834 units) exceeds available stock (135 units),CRITICAL: Issue emergency purchase order immediately to prevent stockout
2026-09-05,S04,P330,Salem,Supermarket,Central,Beverages,Soft Drink,FizzUp,50,31,19,180,SUP04,7600,1080,170,0,148,22,199,1,True,1,148,148,7400.0,3,0.0,0,50.0,2812.0,0,1,28.6,0.0,0,1,1,0,5,1,9,36,1,85.0,120.0,100.0,109.71428571428572,118.78571428571428,19.77973951390905,0.2,0.26,177,180,1,0.0,0.0,0,792.0,847,1.0,HIGH,33,880,858,Current closing stock (22 units) is at or below reorder threshold (199 units) | Critically low days of inventory (0.2 days remaining based on 7-day trend) | 7-day forecasted demand (792 units) exceeds available stock (22 units),CRITICAL: Issue emergency purchase order immediately to prevent stockout
2026-09-06,S04,P330,Salem,Supermarket,Central,Beverages,Soft Drink,FizzUp,50,31,19,180,SUP04,7600,1080,273,0,116,157,216,2,True,1,116,116,5800.0,3,0.0,0,50.0,2204.0,0,1,29.6,0.0,0,0,1,0,6,1,9,36,0,148.0,145.0,109.0,113.71428571428572,122.21428571428572,24.47934017162422,1.38,1.05,59,180,2,0.0,0.0,0,818.0,808,1.0,HIGH,58,866,709,Current closing stock (157 units) is at or below reorder threshold (216 units) | Critically low days of inventory (1.4 days remaining based on 7-day trend) | 7-day forecasted demand (818 units) exceeds available stock (157 units),CRITICAL: Issue emergency purchase order immediately to prevent stockout
2026-09-07,S04,P330,Salem,Supermarket,Central,Beverages,Soft Drink,FizzUp,50,31,19,180,SUP04,7600,1080,279,119,112,286,213,3,True,1,112,112,5600.0,3,0.0,0,50.0,2128.0,0,0,30.2,11.4,0,0,0,0,0,0,9,37,0,116.0,107.0,115.0,109.57142857142856,122.71428571428572,20.41941186597647,2.61,2.44,-73,180,3,0.0,0.0,0,818.0,834,0.0,LOW,59,893,488,Critically low days of inventory (2.6 days remaining based on 7-day trend) | 7-day forecasted demand (818 units) exceeds available stock (286 units) | Supplier replenishment lead time is relatively high (3 days),CRITICAL: Issue emergency purchase order immediately to prevent stockout
2026-09-08,S04,P330,Salem,Supermarket,Central,Beverages,Soft Drink,FizzUp,50,31,19,180,SUP04,7600,1080,183,0,124,59,197,1,True,1,124,124,5890.0,3,5.0,1,47.5,2046.0,0,1,29.2,2.0,0,0,0,0,1,0,9,37,0,112.0,93.0,163.0,110.28571428571428,122.5,20.401914009182946,0.53,0.52,138,180,1,5.0,2.5,1,807.0,835,1.0,HIGH,34,869,810,Current closing stock (59 units) is at or below reorder threshold (197 units) | Critically low days of inventory (0.5 days remaining based on 7-day trend) | 7-day forecasted demand (807 units) exceeds available stock (59 units),CRITICAL: Issue emergency purchase order immediately to prevent stockout
2026-08-15,S04,P442,Salem,Supermarket,Central,Snacks,Biscuits,Crispo,35,22,13,240,SUP06,7600,1080,181,0,74,107,124,3,True,1,74,74,2590.0,3,0.0,0,35.0,962.0,0,1,27.4,0.0,1,0,1,0,5,1,8,33,0,66.0,77.0,69.0,69.57142857142857,68.21428571428571,6.876460883747853,1.54,1.6,17,240,3,0.0,0.0,0,525.0,525,1.0,HIGH,20,545,438,Current closing stock (107 units) is at or below reorder threshold (124 units) | Critically low days of inventory (1.5 days remaining based on 7-day trend) | 7-day forecasted demand (525 units) exceeds available stock (107 units) | Supplier replenishment lead time is relatively high (3 days),CRITICAL: Issue emergency purchase order immediately to prevent stockout
2026-08-16,S04,P442,Salem,Supermarket,Central,Snacks,Biscuits,Crispo,35,22,13,240,SUP06,7600,1080,175,0,78,97,125,1,True,1,78,78,2730.0,3,0.0,0,35.0,1014.0,0,1,30.3,5.4,0,0,1,0,6,1,8,33,0,74.0,72.0,79.0,69.14285714285714,68.57142857142857,6.414269805898187,1.4,1.29,28,240,1,0.0,0.0,0,521.0,522,1.0,HIGH,11,533,436,Current closing stock (97 units) is at or below reorder threshold (125 units) | Critically low days of inventory (1.4 days remaining based on 7-day trend) | 7-day forecasted demand (521 units) exceeds available stock (97 units),CRITICAL: Issue emergency purchase order immediately to prevent stockout
2026-08-17,S04,P442,Salem,Supermarket,Central,Snacks,Biscuits,Crispo,35,22,13,240,SUP06,7600,1080,180,0,93,87,139,3,True,1,93,93,3255.0,3,0.0,1,35.0,1209.0,0,1,30.7,1.2,0,0,0,0,0,0,8,34,0,78.0,76.0,59.0,70.0,68.5,7.211102550927983,1.24,1.1,52,240,3,0.0,0.0,1,506.0,510,1.0,HIGH,21,531,444,Current closing stock (87 units) is at or below reorder threshold (139 units) | Critically low days of inventory (1.2 days remaining based on 7-day trend) | 7-day forecasted demand (506 units) exceeds available stock (87 units) | Supplier replenishment lead time is relatively high (3 days),CRITICAL: Issue emergency purchase order immediately to prevent stockout
2026-08-18,S04,P442,Salem,Supermarket,Central,Snacks,Biscuits,Crispo,35,22,13,240,SUP06,7600,1080,106,0,86,20,135,1,True,1,86,86,3010.0,3,0.0,0,35.0,1118.0,0,1,31.9,4.7,0,0,0,0,1,0,8,34,0,93.0,60.0,61.0,72.42857142857143,70.92857142857143,11.282097069504164,0.28,0.21,115,240,1,0.0,0.0,0,504.0,507,1.0,HIGH,19,526,506,Current closing stock (20 units) is at or below reorder threshold (135 units) | Critically low days of inventory (0.3 days remaining based on 7-day trend) | 7-day forecasted demand (504 units) exceeds available stock (20 units),CRITICAL: Issue emergency purchase order immediately to prevent stockout
2026-08-19,S04,P442,Salem,Supermarket,Central,Snacks,Biscuits,Crispo,35,22,13,240,SUP06,7600,1080,177,4,70,111,135,3,True,1,70,70,2450.0,3,0.0,0,35.0,910.0,0,1,28.5,0.4,0,0,0,0,2,0,8,34,0,86.0,74.0,64.0,76.14285714285714,72.71428571428571,10.77695955002418,1.46,1.28,24,240,3,0.0,0.0,0,505.0,508,1.0,HIGH,31,539,424,Current closing stock (111 units) is at or below reorder threshold (135 units) | Critically low days of inventory (1.5 days remaining based on 7-day trend) | 7-day forecasted demand (505 units) exceeds available stock (111 units) | Supplier replenishment lead time is relatively high (3 days),CRITICAL: Issue emergency purchase order immediately to prevent stockout
2026-08-20,S04,P442,Salem,Supermarket,Central,Snacks,Biscuits,Crispo,35,22,13,240,SUP06,7600,1080,167,0,66,101,146,4,True,1,66,66,2310.0,3,0.0,0,35.0,858.0,0,1,32.2,2.4,0,0,0,0,3,0,8,34,0,70.0,62.0,61.0,75.57142857142857,73.14285714285714,11.012979355547458,1.34,1.42,45,240,4,0.0,0.0,0,510.0,512,1.0,HIGH,37,549,448,Current closing stock (101 units) is at or below reorder threshold (146 units) | Critically low days of inventory (1.3 days remaining based on 7-day trend) | 7-day forecasted demand (510 units) exceeds available stock (101 units) | Supplier replenishment lead time is relatively high (4 days),CRITICAL: Issue emergency purchase order immediately to prevent stockout
2026-08-21,S04,P442,Salem,Supermarket,Central,Snacks,Biscuits,Crispo,35,22,13,240,SUP06,7600,1080,133,61,56,138,145,3,True,1,56,56,1960.0,3,0.0,0,35.0,728.0,0,1,31.7,5.1,0,0,0,0,4,0,8,34,0,66.0,66.0,75.0,76.14285714285714,73.5,10.270160197201928,1.81,2.06,7,240,3,0.0,0.0,0,543.0,534,0.4242,MEDIUM,30,564,365,Current closing stock (138 units) is at or below reorder threshold (145 units) | Critically low days of inventory (1.8 days remaining based on 7-day trend) | 7-day forecasted demand (543 units) exceeds available stock (138 units) | Supplier replenishment lead time is relatively high (3 days),CRITICAL: Issue emergency purchase order immediately to prevent stockout
2026-08-22,S04,P442,Salem,Supermarket,Central,Snacks,Biscuits,Crispo,35,22,13,240,SUP06,7600,1080,179,0,76,103,122,4,True,1,76,76,2660.0,3,0.0,0,35.0,988.0,0,1,29.9,0.5,0,0,1,0,5,1,8,34,0,56.0,74.0,77.0,74.71428571428571,72.14285714285714,12.392393980641057,1.38,1.81,19,240,4,0.0,0.0,0,533.0,525,1.0,HIGH,41,566,463,Current closing stock (103 units) is at or below reorder threshold (122 units) | Critically low days of inventory (1.4 days remaining based on 7-day trend) | 7-day forecasted demand (533 units) exceeds available stock (103 units) | Supplier replenishment lead time is relatively high (4 days),CRITICAL: Issue emergency purchase order immediately to prevent stockout
2026-08-23,S04,P442,Salem,Supermarket,Central,Snacks,Biscuits,Crispo,35,22,13,240,SUP06,7600,1080,117,71,74,114,128,2,True,1,74,74,2590.0,3,0.0,0,35.0,962.0,0,1,30.1,11.0,0,0,1,0,6,1,8,34,0,76.0,78.0,72.0,75.0,72.07142857142857,12.39623598785804,1.52,1.48,14,240,2,0.0,0.0,0,525.0,522,1.0,HIGH,29,551,366,Current closing stock (114 units) is at or below reorder threshold (128 units) | Critically low days of inventory (1.5 days remaining based on 7-day trend) | 7-day forecasted demand (525 units) exceeds available stock (114 units),CRITICAL: Issue emergency purchase order immediately to prevent stockout
2026-08-24,S04,P442,Salem,Supermarket,Central,Snacks,Biscuits,Crispo,35,22,13,240,SUP06,7600,1080,176,0,78,98,145,3,True,1,78,78,2730.0,3,0.0,0,35.0,1014.0,0,1,31.0,6.5,0,0,0,0,0,0,8,35,0,74.0,93.0,76.0,74.42857142857143,72.21428571428571,12.326896647266132,1.32,1.31,47,240,3,0.0,0.0,0,513.0,510,1.0,HIGH,36,546,448,Current closing stock (98 units) is at or below reorder threshold (145 units) | Critically low days of inventory (1.3 days remaining based on 7-day trend) | 7-day forecasted demand (513 units) exceeds available stock (98 units) | Supplier replenishment lead time is relatively high (3 days),CRITICAL: Issue emergency purchase order immediately to prevent stockout
2026-08-25,S04,P442,Salem,Supermarket,Central,Snacks,Biscuits,Crispo,35,22,13,240,SUP06,7600,1080,106,2,84,24,136,3,True,1,84,84,2940.0,3,0.0,1,35.0,1092.0,0,1,31.4,6.7,0,1,0,0,1,0,8,35,1,78.0,86.0,60.0,72.28571428571429,72.35714285714286,9.551863443229024,0.33,0.3,112,240,3,0.0,0.0,1,505.0,506,1.0,HIGH,28,534,508,Current closing stock (24 units) is at or below reorder threshold (136 units) | Critically low days of inventory (0.3 days remaining based on 7-day trend) | 7-day forecasted demand (505 units) exceeds available stock (24 units) | Supplier replenishment lead time is relatively high (3 days),CRITICAL: Issue emergency purchase order immediately to prevent stockout
2026-08-26,S04,P442,Salem,Supermarket,Central,Snacks,Biscuits,Crispo,35,22,13,240,SUP06,7600,1080,147,36,71,112,115,4,True,1,71,71,2485.0,3,0.0,0,35.0,923.0,0,1,28.0,8.1,0,1,0,0,2,0,8,35,1,84.0,70.0,74.0,72.0,74.07142857142857,9.092121131323893,1.56,1.32,3,240,4,0.0,0.0,0,511.0,518,1.0,HIGH,31,549,401,Current closing stock (112 units) is at or below reorder threshold (115 units) | Critically low days of inventory (1.6 days remaining based on 7-day trend) | 7-day forecasted demand (511 units) exceeds available stock (112 units) | Supplier replenishment lead time is relatively high (4 days),CRITICAL: Issue emergency purchase order immediately to prevent stockout
2026-08-27,S04,P442,Salem,Supermarket,Central,Snacks,Biscuits,Crispo,35,22,13,240,SUP06,7600,1080,122,0,71,51,113,2,True,1,71,71,2485.0,3,0.0,0,35.0,923.0,0,1,30.5,3.0,0,0,0,0,3,0,8,35,0,71.0,66.0,62.0,72.14285714285714,73.85714285714286,9.063269671749644,0.71,0.71,62,240,2,0.0,0.0,0,524.0,519,1.0,HIGH,22,541,490,Current closing stock (51 units) is at or below reorder threshold (113 units) | Critically low days of inventory (0.7 days remaining based on 7-day trend) | 7-day forecasted demand (524 units) exceeds available stock (51 units),CRITICAL: Issue emergency purchase order immediately to prevent stockout
2026-08-28,S04,P442,Salem,Supermarket,Central,Snacks,Biscuits,Crispo,35,22,13,240,SUP06,7600,1080,137,0,89,48,103,1,True,1,89,89,3115.0,3,0.0,1,35.0,1157.0,0,1,29.8,6.3,0,0,0,0,4,0,8,35,0,71.0,56.0,66.0,72.85714285714286,74.5,8.687703406320356,0.66,0.67,55,240,1,0.0,0.0,1,505.0,516,1.0,HIGH,15,531,483,Current closing stock (48 units) is at or below reorder threshold (103 units) | Critically low days of inventory (0.7 days remaining based on 7-day trend) | 7-day forecasted demand (505 units) exceeds available stock (48 units),CRITICAL: Issue emergency purchase order immediately to prevent stockout
2026-08-29,S04,P442,Salem,Supermarket,Central,Snacks,Biscuits,Crispo,35,22,13,240,SUP06,7600,1080,173,0,66,107,123,4,True,1,66,66,2310.0,3,0.0,0,35.0,858.0,0,1,29.9,0.0,0,0,1,1,5,1,8,35,0,89.0,76.0,74.0,77.57142857142857,76.14285714285714,6.754187413675151,1.38,1.19,16,240,4,0.0,0.0,0,526.0,528,1.0,HIGH,23,551,444,Current closing stock (107 units) is at or below reorder threshold (123 units) | Critically low days of inventory (1.4 days remaining based on 7-day trend) | 7-day forecasted demand (526 units) exceeds available stock (107 units) | Supplier replenishment lead time is relatively high (4 days),CRITICAL: Issue emergency purchase order immediately to prevent stockout
2026-08-30,S04,P442,Salem,Supermarket,Central,Snacks,Biscuits,Crispo,35,22,13,240,SUP06,7600,1080,177,0,66,111,110,4,True,1,66,66,2310.0,3,0.0,0,35.0,858.0,0,0,28.8,7.7,0,0,1,0,6,1,8,35,0,66.0,74.0,78.0,76.14285714285714,75.57142857142857,8.071112509614597,1.46,1.66,-1,240,4,0.0,0.0,0,535.0,537,0.0172,LOW,27,564,453,Critically low days of inventory (1.5 days remaining based on 7-day trend) | 7-day forecasted demand (535 units) exceeds available stock (111 units) | Supplier replenishment lead time is relatively high (4 days),CRITICAL: Issue emergency purchase order immediately to prevent stockout
2026-08-31,S04,P442,Salem,Supermarket,Central,Snacks,Biscuits,Crispo,35,22,13,240,SUP06,7600,1080,117,63,66,114,108,2,True,1,66,66,2310.0,3,0.0,0,35.0,858.0,0,0,31.9,9.1,0,0,0,0,0,0,8,36,0,66.0,78.0,93.0,75.0,74.71428571428571,8.944271909999157,1.52,1.7,-6,240,2,0.0,0.0,0,556.0,546,0.0172,LOW,21,567,390,Critically low days of inventory (1.5 days remaining based on 7-day trend) | 7-day forecasted demand (556 units) exceeds available stock (114 units),CRITICAL: Issue emergency purchase order immediately to prevent stockout
2026-09-01,S04,P442,Salem,Supermarket,Central,Snacks,Biscuits,Crispo,35,22,13,240,SUP06,7600,1080,149,0,76,73,106,2,True,1,76,76,2660.0,3,0.0,1,35.0,988.0,0,1,31.8,0.0,0,0,0,0,1,0,9,36,0,66.0,84.0,86.0,73.28571428571429,72.78571428571429,9.411239481143191,1.0,1.09,33,240,2,0.0,0.0,1,547.0,535,1.0,HIGH,22,557,484,Current closing stock (73 units) is at or below reorder threshold (106 units) | Critically low days of inventory (1.0 days remaining based on 7-day trend) | 7-day forecasted demand (547 units) exceeds available stock (73 units),CRITICAL: Issue emergency purchase order immediately to prevent stockout
2026-09-02,S04,P442,Salem,Supermarket,Central,Snacks,Biscuits,Crispo,35,22,13,240,SUP06,7600,1080,151,0,77,74,123,4,True,1,77,77,2695.0,3,0.0,0,35.0,1001.0,0,1,31.4,2.8,0,0,0,0,2,0,9,36,0,76.0,71.0,70.0,72.14285714285714,72.07142857142857,8.315218406202979,1.03,0.96,49,240,4,0.0,0.0,0,542.0,532,1.0,HIGH,28,560,486,Current closing stock (74 units) is at or below reorder threshold (123 units) | Critically low days of inventory (1.0 days remaining based on 7-day trend) | 7-day forecasted demand (542 units) exceeds available stock (74 units) | Supplier replenishment lead time is relatively high (4 days),CRITICAL: Issue emergency purchase order immediately to prevent stockout
2026-09-03,S04,P442,Salem,Supermarket,Central,Snacks,Biscuits,Crispo,35,22,13,240,SUP06,7600,1080,111,38,84,65,120,3,True,1,84,84,2940.0,3,0.0,1,35.0,1092.0,0,1,30.7,2.3,0,0,0,1,3,0,9,36,0,77.0,71.0,66.0,73.0,72.57142857142857,8.485281374238555,0.89,0.83,55,240,3,0.0,0.0,1,517.0,519,1.0,HIGH,25,544,441,Current closing stock (65 units) is at or below reorder threshold (120 units) | Critically low days of inventory (0.9 days remaining based on 7-day trend) | 7-day forecasted demand (517 units) exceeds available stock (65 units) | Supplier replenishment lead time is relatively high (3 days),CRITICAL: Issue emergency purchase order immediately to prevent stockout
2026-09-04,S04,P442,Salem,Supermarket,Central,Snacks,Biscuits,Crispo,35,22,13,240,SUP06,7600,1080,131,37,70,98,123,2,True,1,70,70,2450.0,3,0.0,0,35.0,910.0,0,1,32.8,6.4,0,0,0,0,4,0,9,36,0,84.0,89.0,56.0,74.85714285714286,73.85714285714286,9.352870707766169,1.31,1.15,25,240,2,0.0,0.0,0,504.0,518,1.0,HIGH,22,540,405,Current closing stock (98 units) is at or below reorder threshold (123 units) | Critically low days of inventory (1.3 days remaining based on 7-day trend) | 7-day forecasted demand (504 units) exceeds available stock (98 units),CRITICAL: Issue emergency purchase order immediately to prevent stockout
2026-09-05,S04,P442,Salem,Supermarket,Central,Snacks,Biscuits,Crispo,35,22,13,240,SUP06,7600,1080,174,0,87,87,140,3,True,1,87,87,3045.0,3,0.0,0,35.0,1131.0,0,1,28.6,0.0,0,1,1,0,5,1,9,36,1,70.0,66.0,76.0,72.14285714285714,74.85714285714286,7.033931367037224,1.21,1.23,53,240,3,0.0,0.0,0,504.0,529,1.0,HIGH,21,550,463,Current closing stock (87 units) is at or below reorder threshold (140 units) | Critically low days of inventory (1.2 days remaining based on 7-day trend) | 7-day forecasted demand (504 units) exceeds available stock (87 units) | Supplier replenishment lead time is relatively high (3 days),CRITICAL: Issue emergency purchase order immediately to prevent stockout
2026-09-06,S04,P442,Salem,Supermarket,Central,Snacks,Biscuits,Crispo,35,22,13,240,SUP06,7600,1080,136,0,75,61,127,3,True,1,75,75,2625.0,3,0.0,0,35.0,975.0,0,1,29.6,0.0,0,0,1,0,6,1,9,36,0,87.0,66.0,74.0,75.14285714285714,75.64285714285714,8.335237877600758,0.81,0.69,66,240,3,0.0,0.0,0,521.0,528,1.0,HIGH,24,552,491,Current closing stock (61 units) is at or below reorder threshold (127 units) | Critically low days of inventory (0.8 days remaining based on 7-day trend) | 7-day forecasted demand (521 units) exceeds available stock (61 units) | Supplier replenishment lead time is relatively high (3 days),CRITICAL: Issue emergency purchase order immediately to prevent stockout
2026-09-07,S04,P442,Salem,Supermarket,Central,Snacks,Biscuits,Crispo,35,22,13,240,SUP06,7600,1080,118,76,87,107,104,2,True,1,87,87,3045.0,3,0.0,1,35.0,1131.0,0,0,30.2,11.4,0,0,0,0,0,0,9,37,0,75.0,66.0,78.0,76.42857142857143,75.71428571428571,7.322502824789323,1.4,1.41,-3,240,2,0.0,0.0,1,500.0,534,1.0,HIGH,18,552,369,Critically low days of inventory (1.4 days remaining based on 7-day trend) | 7-day forecasted demand (500 units) exceeds available stock (107 units),CRITICAL: Issue emergency purchase order immediately to prevent stockout
2026-09-08,S04,P442,Salem,Supermarket,Central,Snacks,Biscuits,Crispo,35,22,13,240,SUP06,7600,1080,138,87,67,158,146,4,True,1,67,67,2345.0,3,0.0,0,35.0,871.0,0,0,29.2,2.0,0,0,0,0,1,0,9,37,0,87.0,76.0,84.0,79.42857142857143,76.35714285714286,6.604471789556515,1.99,1.8,-12,240,4,0.0,0.0,0,499.0,544,0.0,LOW,22,566,321,Critically low days of inventory (2.0 days remaining based on 7-day trend) | 7-day forecasted demand (499 units) exceeds available stock (158 units) | Supplier replenishment lead time is relatively high (4 days),CRITICAL: Issue emergency purchase order immediately to prevent stockout
