date,store_id,product_id,category,brand,closing,reorder_lvl,lead_time,days_of_inventory,next_7_day_demand,explanation_reasons
2026-08-15,S01,P101,Dairy,Aavin,81,175,2,0.78,709.0,Current closing stock (81 units) is at or below reorder threshold (175 units) | Critically low days of inventory (0.8 days remaining based on 7-day trend) | 7-day forecasted demand (709 units) exceeds available stock (81 units)
2026-08-16,S01,P101,Dairy,Aavin,118,148,1,1.12,711.0,Current closing stock (118 units) is at or below reorder threshold (148 units) | Critically low days of inventory (1.1 days remaining based on 7-day trend) | 7-day forecasted demand (711 units) exceeds available stock (118 units)
2026-08-17,S01,P101,Dairy,Aavin,123,170,1,1.21,714.0,Current closing stock (123 units) is at or below reorder threshold (170 units) | Critically low days of inventory (1.2 days remaining based on 7-day trend) | 7-day forecasted demand (714 units) exceeds available stock (123 units)
2026-08-18,S01,P101,Dairy,Aavin,130,208,3,1.28,699.0,Current closing stock (130 units) is at or below reorder threshold (208 units) | Critically low days of inventory (1.3 days remaining based on 7-day trend) | 7-day forecasted demand (699 units) exceeds available stock (130 units) | Supplier replenishment lead time is relatively high (3 days)
2026-08-19,S01,P101,Dairy,Aavin,100,203,3,0.95,687.0,Current closing stock (100 units) is at or below reorder threshold (203 units) | Critically low days of inventory (0.9 days remaining based on 7-day trend) | 7-day forecasted demand (687 units) exceeds available stock (100 units) | Supplier replenishment lead time is relatively high (3 days)
2026-08-20,S01,P101,Dairy,Aavin,57,199,3,0.53,696.0,Current closing stock (57 units) is at or below reorder threshold (199 units) | Critically low days of inventory (0.5 days remaining based on 7-day trend) | 7-day forecasted demand (696 units) exceeds available stock (57 units) | Supplier replenishment lead time is relatively high (3 days)
2026-08-21,S01,P101,Dairy,Aavin,106,145,2,1.0,721.0,Current closing stock (106 units) is at or below reorder threshold (145 units) | Critically low days of inventory (1.0 days remaining based on 7-day trend) | 7-day forecasted demand (721 units) exceeds available stock (106 units)
2026-08-22,S01,P101,Dairy,Aavin,119,204,4,1.16,735.0,Current closing stock (119 units) is at or below reorder threshold (204 units) | Critically low days of inventory (1.2 days remaining based on 7-day trend) | 7-day forecasted demand (735 units) exceeds available stock (119 units) | Supplier replenishment lead time is relatively high (4 days)
2026-08-23,S01,P101,Dairy,Aavin,217,144,2,2.14,734.0,Critically low days of inventory (2.1 days remaining based on 7-day trend) | 7-day forecasted demand (734 units) exceeds available stock (217 units)
2026-08-24,S01,P101,Dairy,Aavin,120,163,3,1.18,729.0,Current closing stock (120 units) is at or below reorder threshold (163 units) | Critically low days of inventory (1.2 days remaining based on 7-day trend) | 7-day forecasted demand (729 units) exceeds available stock (120 units) | Supplier replenishment lead time is relatively high (3 days)
2026-08-25,S01,P101,Dairy,Aavin,183,206,4,1.79,745.0,Current closing stock (183 units) is at or below reorder threshold (206 units) | Critically low days of inventory (1.8 days remaining based on 7-day trend) | 7-day forecasted demand (745 units) exceeds available stock (183 units) | Supplier replenishment lead time is relatively high (4 days)
2026-08-26,S01,P101,Dairy,Aavin,58,158,4,0.58,726.0,Current closing stock (58 units) is at or below reorder threshold (158 units) | Critically low days of inventory (0.6 days remaining based on 7-day trend) | 7-day forecasted demand (726 units) exceeds available stock (58 units) | Supplier replenishment lead time is relatively high (4 days)
2026-08-27,S01,P101,Dairy,Aavin,106,190,3,1.08,716.0,Current closing stock (106 units) is at or below reorder threshold (190 units) | Critically low days of inventory (1.1 days remaining based on 7-day trend) | 7-day forecasted demand (716 units) exceeds available stock (106 units) | Supplier replenishment lead time is relatively high (3 days)
2026-08-28,S01,P101,Dairy,Aavin,89,187,3,0.9,714.0,Current closing stock (89 units) is at or below reorder threshold (187 units) | Critically low days of inventory (0.9 days remaining based on 7-day trend) | 7-day forecasted demand (714 units) exceeds available stock (89 units) | Supplier replenishment lead time is relatively high (3 days)
2026-08-29,S01,P101,Dairy,Aavin,109,195,1,1.06,703.0,Current closing stock (109 units) is at or below reorder threshold (195 units) | Critically low days of inventory (1.1 days remaining based on 7-day trend) | 7-day forecasted demand (703 units) exceeds available stock (109 units)
2026-08-30,S01,P101,Dairy,Aavin,232,181,1,2.21,710.0,Critically low days of inventory (2.2 days remaining based on 7-day trend) | 7-day forecasted demand (710 units) exceeds available stock (232 units)
2026-08-31,S01,P101,Dairy,Aavin,132,189,1,1.26,734.0,Current closing stock (132 units) is at or below reorder threshold (189 units) | Critically low days of inventory (1.3 days remaining based on 7-day trend) | 7-day forecasted demand (734 units) exceeds available stock (132 units)
2026-09-01,S01,P101,Dairy,Aavin,125,163,2,1.2,719.0,Current closing stock (125 units) is at or below reorder threshold (163 units) | Critically low days of inventory (1.2 days remaining based on 7-day trend) | 7-day forecasted demand (719 units) exceeds available stock (125 units)
2026-09-02,S01,P101,Dairy,Aavin,163,191,3,1.53,764.0,Current closing stock (163 units) is at or below reorder threshold (191 units) | Critically low days of inventory (1.5 days remaining based on 7-day trend) | 7-day forecasted demand (764 units) exceeds available stock (163 units) | Supplier replenishment lead time is relatively high (3 days)
2026-09-03,S01,P101,Dairy,Aavin,133,174,1,1.28,778.0,Current closing stock (133 units) is at or below reorder threshold (174 units) | Critically low days of inventory (1.3 days remaining based on 7-day trend) | 7-day forecasted demand (778 units) exceeds available stock (133 units)
2026-09-04,S01,P101,Dairy,Aavin,80,198,2,0.78,766.0,Current closing stock (80 units) is at or below reorder threshold (198 units) | Critically low days of inventory (0.8 days remaining based on 7-day trend) | 7-day forecasted demand (766 units) exceeds available stock (80 units)
2026-09-05,S01,P101,Dairy,Aavin,91,168,2,0.89,758.0,Current closing stock (91 units) is at or below reorder threshold (168 units) | Critically low days of inventory (0.9 days remaining based on 7-day trend) | 7-day forecasted demand (758 units) exceeds available stock (91 units)
2026-09-06,S01,P101,Dairy,Aavin,91,145,1,0.91,740.0,Current closing stock (91 units) is at or below reorder threshold (145 units) | Critically low days of inventory (0.9 days remaining based on 7-day trend) | 7-day forecasted demand (740 units) exceeds available stock (91 units)
2026-09-07,S01,P101,Dairy,Aavin,194,194,2,1.91,716.0,Current closing stock (194 units) is at or below reorder threshold (194 units) | Critically low days of inventory (1.9 days remaining based on 7-day trend) | 7-day forecasted demand (716 units) exceeds available stock (194 units)
2026-09-08,S01,P101,Dairy,Aavin,66,157,1,0.63,703.0,Current closing stock (66 units) is at or below reorder threshold (157 units) | Critically low days of inventory (0.6 days remaining based on 7-day trend) | 7-day forecasted demand (703 units) exceeds available stock (66 units)
2026-08-15,S01,P205,Personal Care,GlowCare,6,34,3,0.31,128.0,Current closing stock (6 units) is at or below reorder threshold (34 units) | Critically low days of inventory (0.3 days remaining based on 7-day trend) | 7-day forecasted demand (128 units) exceeds available stock (6 units) | Supplier replenishment lead time is relatively high (3 days)
2026-08-16,S01,P205,Personal Care,GlowCare,21,37,3,1.09,128.0,Current closing stock (21 units) is at or below reorder threshold (37 units) | Critically low days of inventory (1.1 days remaining based on 7-day trend) | 7-day forecasted demand (128 units) exceeds available stock (21 units) | Supplier replenishment lead time is relatively high (3 days)
2026-08-17,S01,P205,Personal Care,GlowCare,31,38,3,1.64,129.0,Current closing stock (31 units) is at or below reorder threshold (38 units) | Critically low days of inventory (1.6 days remaining based on 7-day trend) | 7-day forecasted demand (129 units) exceeds available stock (31 units) | Supplier replenishment lead time is relatively high (3 days)
2026-08-18,S01,P205,Personal Care,GlowCare,16,33,3,0.85,132.0,Current closing stock (16 units) is at or below reorder threshold (33 units) | Critically low days of inventory (0.8 days remaining based on 7-day trend) | 7-day forecasted demand (132 units) exceeds available stock (16 units) | Supplier replenishment lead time is relatively high (3 days)
2026-08-19,S01,P205,Personal Care,GlowCare,13,32,3,0.69,133.0,Current closing stock (13 units) is at or below reorder threshold (32 units) | Critically low days of inventory (0.7 days remaining based on 7-day trend) | 7-day forecasted demand (133 units) exceeds available stock (13 units) | Supplier replenishment lead time is relatively high (3 days)
2026-08-20,S01,P205,Personal Care,GlowCare,18,33,1,0.95,137.0,Current closing stock (18 units) is at or below reorder threshold (33 units) | Critically low days of inventory (0.9 days remaining based on 7-day trend) | 7-day forecasted demand (137 units) exceeds available stock (18 units)
2026-08-21,S01,P205,Personal Care,GlowCare,25,29,3,1.31,140.0,Current closing stock (25 units) is at or below reorder threshold (29 units) | Critically low days of inventory (1.3 days remaining based on 7-day trend) | 7-day forecasted demand (140 units) exceeds available stock (25 units) | Supplier replenishment lead time is relatively high (3 days)
2026-08-22,S01,P205,Personal Care,GlowCare,16,30,2,0.84,141.0,Current closing stock (16 units) is at or below reorder threshold (30 units) | Critically low days of inventory (0.8 days remaining based on 7-day trend) | 7-day forecasted demand (141 units) exceeds available stock (16 units)
2026-08-23,S01,P205,Personal Care,GlowCare,20,28,3,1.09,142.0,Current closing stock (20 units) is at or below reorder threshold (28 units) | Critically low days of inventory (1.1 days remaining based on 7-day trend) | 7-day forecasted demand (142 units) exceeds available stock (20 units) | Supplier replenishment lead time is relatively high (3 days)
2026-08-24,S01,P205,Personal Care,GlowCare,51,28,3,2.79,142.0,Critically low days of inventory (2.8 days remaining based on 7-day trend) | 7-day forecasted demand (142 units) exceeds available stock (51 units) | Supplier replenishment lead time is relatively high (3 days)
2026-08-25,S01,P205,Personal Care,GlowCare,27,34,2,1.47,146.0,Current closing stock (27 units) is at or below reorder threshold (34 units) | Critically low days of inventory (1.5 days remaining based on 7-day trend) | 7-day forecasted demand (146 units) exceeds available stock (27 units)
2026-08-26,S01,P205,Personal Care,GlowCare,29,29,4,1.54,144.0,Current closing stock (29 units) is at or below reorder threshold (29 units) | Critically low days of inventory (1.5 days remaining based on 7-day trend) | 7-day forecasted demand (144 units) exceeds available stock (29 units) | Supplier replenishment lead time is relatively high (4 days)
2026-08-27,S01,P205,Personal Care,GlowCare,17,34,2,0.89,140.0,Current closing stock (17 units) is at or below reorder threshold (34 units) | Critically low days of inventory (0.9 days remaining based on 7-day trend) | 7-day forecasted demand (140 units) exceeds available stock (17 units)
2026-08-28,S01,P205,Personal Care,GlowCare,13,30,2,0.66,136.0,Current closing stock (13 units) is at or below reorder threshold (30 units) | Critically low days of inventory (0.7 days remaining based on 7-day trend) | 7-day forecasted demand (136 units) exceeds available stock (13 units)
2026-08-29,S01,P205,Personal Care,GlowCare,16,31,2,0.8,140.0,Current closing stock (16 units) is at or below reorder threshold (31 units) | Critically low days of inventory (0.8 days remaining based on 7-day trend) | 7-day forecasted demand (140 units) exceeds available stock (16 units)
2026-08-30,S01,P205,Personal Care,GlowCare,21,30,3,1.04,143.0,Current closing stock (21 units) is at or below reorder threshold (30 units) | Critically low days of inventory (1.0 days remaining based on 7-day trend) | 7-day forecasted demand (143 units) exceeds available stock (21 units) | Supplier replenishment lead time is relatively high (3 days)
2026-08-31,S01,P205,Personal Care,GlowCare,30,34,1,1.48,145.0,Current closing stock (30 units) is at or below reorder threshold (34 units) | Critically low days of inventory (1.5 days remaining based on 7-day trend) | 7-day forecasted demand (145 units) exceeds available stock (30 units)
2026-09-01,S01,P205,Personal Care,GlowCare,23,30,1,1.13,142.0,Current closing stock (23 units) is at or below reorder threshold (30 units) | Critically low days of inventory (1.1 days remaining based on 7-day trend) | 7-day forecasted demand (142 units) exceeds available stock (23 units)
2026-09-02,S01,P205,Personal Care,GlowCare,26,38,4,1.25,143.0,Current closing stock (26 units) is at or below reorder threshold (38 units) | Critically low days of inventory (1.2 days remaining based on 7-day trend) | 7-day forecasted demand (143 units) exceeds available stock (26 units) | Supplier replenishment lead time is relatively high (4 days)
2026-09-03,S01,P205,Personal Care,GlowCare,12,37,4,0.58,143.0,Current closing stock (12 units) is at or below reorder threshold (37 units) | Critically low days of inventory (0.6 days remaining based on 7-day trend) | 7-day forecasted demand (143 units) exceeds available stock (12 units) | Supplier replenishment lead time is relatively high (4 days)
2026-09-04,S01,P205,Personal Care,GlowCare,32,36,2,1.6,143.0,Current closing stock (32 units) is at or below reorder threshold (36 units) | Critically low days of inventory (1.6 days remaining based on 7-day trend) | 7-day forecasted demand (143 units) exceeds available stock (32 units)
2026-09-05,S01,P205,Personal Care,GlowCare,26,38,2,1.34,139.0,Current closing stock (26 units) is at or below reorder threshold (38 units) | Critically low days of inventory (1.3 days remaining based on 7-day trend) | 7-day forecasted demand (139 units) exceeds available stock (26 units)
2026-09-06,S01,P205,Personal Care,GlowCare,21,32,3,1.05,137.0,Current closing stock (21 units) is at or below reorder threshold (32 units) | Critically low days of inventory (1.1 days remaining based on 7-day trend) | 7-day forecasted demand (137 units) exceeds available stock (21 units) | Supplier replenishment lead time is relatively high (3 days)
2026-09-07,S01,P205,Personal Care,GlowCare,23,38,2,1.13,135.0,Current closing stock (23 units) is at or below reorder threshold (38 units) | Critically low days of inventory (1.1 days remaining based on 7-day trend) | 7-day forecasted demand (135 units) exceeds available stock (23 units)
2026-09-08,S01,P205,Personal Care,GlowCare,44,27,4,2.12,134.0,Critically low days of inventory (2.1 days remaining based on 7-day trend) | 7-day forecasted demand (134 units) exceeds available stock (44 units) | Supplier replenishment lead time is relatively high (4 days)
2026-08-15,S01,P330,Beverages,FizzUp,162,260,3,1.26,893.0,Current closing stock (162 units) is at or below reorder threshold (260 units) | Critically low days of inventory (1.3 days remaining based on 7-day trend) | 7-day forecasted demand (893 units) exceeds available stock (162 units) | Supplier replenishment lead time is relatively high (3 days)
2026-08-16,S01,P330,Beverages,FizzUp,166,251,2,1.25,935.0,Current closing stock (166 units) is at or below reorder threshold (251 units) | Critically low days of inventory (1.2 days remaining based on 7-day trend) | 7-day forecasted demand (935 units) exceeds available stock (166 units)
2026-08-17,S01,P330,Beverages,FizzUp,178,213,3,1.4,964.0,Current closing stock (178 units) is at or below reorder threshold (213 units) | Critically low days of inventory (1.4 days remaining based on 7-day trend) | 7-day forecasted demand (964 units) exceeds available stock (178 units) | Supplier replenishment lead time is relatively high (3 days)
2026-08-18,S01,P330,Beverages,FizzUp,192,202,2,1.48,978.0,Current closing stock (192 units) is at or below reorder threshold (202 units) | Critically low days of inventory (1.5 days remaining based on 7-day trend) | 7-day forecasted demand (978 units) exceeds available stock (192 units)
2026-08-19,S01,P330,Beverages,FizzUp,168,236,2,1.27,979.0,Current closing stock (168 units) is at or below reorder threshold (236 units) | Critically low days of inventory (1.3 days remaining based on 7-day trend) | 7-day forecasted demand (979 units) exceeds available stock (168 units)
2026-08-20,S01,P330,Beverages,FizzUp,175,251,4,1.33,961.0,Current closing stock (175 units) is at or below reorder threshold (251 units) | Critically low days of inventory (1.3 days remaining based on 7-day trend) | 7-day forecasted demand (961 units) exceeds available stock (175 units) | Supplier replenishment lead time is relatively high (4 days)
2026-08-21,S01,P330,Beverages,FizzUp,240,190,4,1.87,977.0,Critically low days of inventory (1.9 days remaining based on 7-day trend) | 7-day forecasted demand (977 units) exceeds available stock (240 units) | Supplier replenishment lead time is relatively high (4 days)
2026-08-22,S01,P330,Beverages,FizzUp,123,242,2,0.97,942.0,Current closing stock (123 units) is at or below reorder threshold (242 units) | Critically low days of inventory (1.0 days remaining based on 7-day trend) | 7-day forecasted demand (942 units) exceeds available stock (123 units)
2026-08-23,S01,P330,Beverages,FizzUp,80,210,4,0.63,930.0,Current closing stock (80 units) is at or below reorder threshold (210 units) | Critically low days of inventory (0.6 days remaining based on 7-day trend) | 7-day forecasted demand (930 units) exceeds available stock (80 units) | Supplier replenishment lead time is relatively high (4 days)
2026-08-24,S01,P330,Beverages,FizzUp,157,217,1,1.18,885.0,Current closing stock (157 units) is at or below reorder threshold (217 units) | Critically low days of inventory (1.2 days remaining based on 7-day trend) | 7-day forecasted demand (885 units) exceeds available stock (157 units)
2026-08-25,S01,P330,Beverages,FizzUp,158,204,3,1.15,867.0,Current closing stock (158 units) is at or below reorder threshold (204 units) | Critically low days of inventory (1.1 days remaining based on 7-day trend) | 7-day forecasted demand (867 units) exceeds available stock (158 units) | Supplier replenishment lead time is relatively high (3 days)
2026-08-26,S01,P330,Beverages,FizzUp,163,227,2,1.17,876.0,Current closing stock (163 units) is at or below reorder threshold (227 units) | Critically low days of inventory (1.2 days remaining based on 7-day trend) | 7-day forecasted demand (876 units) exceeds available stock (163 units)
2026-08-27,S01,P330,Beverages,FizzUp,77,244,3,0.55,890.0,Current closing stock (77 units) is at or below reorder threshold (244 units) | Critically low days of inventory (0.6 days remaining based on 7-day trend) | 7-day forecasted demand (890 units) exceeds available stock (77 units) | Supplier replenishment lead time is relatively high (3 days)
2026-08-28,S01,P330,Beverages,FizzUp,80,192,4,0.58,884.0,Current closing stock (80 units) is at or below reorder threshold (192 units) | Critically low days of inventory (0.6 days remaining based on 7-day trend) | 7-day forecasted demand (884 units) exceeds available stock (80 units) | Supplier replenishment lead time is relatively high (4 days)
2026-08-29,S01,P330,Beverages,FizzUp,164,204,1,1.18,913.0,Current closing stock (164 units) is at or below reorder threshold (204 units) | Critically low days of inventory (1.2 days remaining based on 7-day trend) | 7-day forecasted demand (913 units) exceeds available stock (164 units)
2026-08-30,S01,P330,Beverages,FizzUp,219,227,1,1.63,908.0,Current closing stock (219 units) is at or below reorder threshold (227 units) | Critically low days of inventory (1.6 days remaining based on 7-day trend) | 7-day forecasted demand (908 units) exceeds available stock (219 units)
2026-08-31,S01,P330,Beverages,FizzUp,101,205,3,0.76,891.0,Current closing stock (101 units) is at or below reorder threshold (205 units) | Critically low days of inventory (0.8 days remaining based on 7-day trend) | 7-day forecasted demand (891 units) exceeds available stock (101 units) | Supplier replenishment lead time is relatively high (3 days)
2026-09-01,S01,P330,Beverages,FizzUp,101,203,2,0.8,861.0,Current closing stock (101 units) is at or below reorder threshold (203 units) | Critically low days of inventory (0.8 days remaining based on 7-day trend) | 7-day forecasted demand (861 units) exceeds available stock (101 units)
2026-09-02,S01,P330,Beverages,FizzUp,111,254,4,0.9,848.0,Current closing stock (111 units) is at or below reorder threshold (254 units) | Critically low days of inventory (0.9 days remaining based on 7-day trend) | 7-day forecasted demand (848 units) exceeds available stock (111 units) | Supplier replenishment lead time is relatively high (4 days)
2026-09-03,S01,P330,Beverages,FizzUp,86,263,4,0.69,860.0,Current closing stock (86 units) is at or below reorder threshold (263 units) | Critically low days of inventory (0.7 days remaining based on 7-day trend) | 7-day forecasted demand (860 units) exceeds available stock (86 units) | Supplier replenishment lead time is relatively high (4 days)
2026-09-04,S01,P330,Beverages,FizzUp,294,182,2,2.31,846.0,Critically low days of inventory (2.3 days remaining based on 7-day trend) | 7-day forecasted demand (846 units) exceeds available stock (294 units)
2026-09-05,S01,P330,Beverages,FizzUp,62,208,4,0.49,839.0,Current closing stock (62 units) is at or below reorder threshold (208 units) | Critically low days of inventory (0.5 days remaining based on 7-day trend) | 7-day forecasted demand (839 units) exceeds available stock (62 units) | Supplier replenishment lead time is relatively high (4 days)
2026-09-06,S01,P330,Beverages,FizzUp,145,193,1,1.11,852.0,Current closing stock (145 units) is at or below reorder threshold (193 units) | Critically low days of inventory (1.1 days remaining based on 7-day trend) | 7-day forecasted demand (852 units) exceeds available stock (145 units)
2026-09-07,S01,P330,Beverages,FizzUp,115,199,3,0.89,852.0,Current closing stock (115 units) is at or below reorder threshold (199 units) | Critically low days of inventory (0.9 days remaining based on 7-day trend) | 7-day forecasted demand (852 units) exceeds available stock (115 units) | Supplier replenishment lead time is relatively high (3 days)
2026-09-08,S01,P330,Beverages,FizzUp,136,263,4,1.07,869.0,Current closing stock (136 units) is at or below reorder threshold (263 units) | Critically low days of inventory (1.1 days remaining based on 7-day trend) | 7-day forecasted demand (869 units) exceeds available stock (136 units) | Supplier replenishment lead time is relatively high (4 days)
2026-08-15,S01,P442,Snacks,Crispo,63,116,4,0.77,580.0,Current closing stock (63 units) is at or below reorder threshold (116 units) | Critically low days of inventory (0.8 days remaining based on 7-day trend) | 7-day forecasted demand (580 units) exceeds available stock (63 units) | Supplier replenishment lead time is relatively high (4 days)
2026-08-16,S01,P442,Snacks,Crispo,42,135,2,0.51,572.0,Current closing stock (42 units) is at or below reorder threshold (135 units) | Critically low days of inventory (0.5 days remaining based on 7-day trend) | 7-day forecasted demand (572 units) exceeds available stock (42 units)
2026-08-17,S01,P442,Snacks,Crispo,118,155,1,1.44,570.0,Current closing stock (118 units) is at or below reorder threshold (155 units) | Critically low days of inventory (1.4 days remaining based on 7-day trend) | 7-day forecasted demand (570 units) exceeds available stock (118 units)
2026-08-18,S01,P442,Snacks,Crispo,112,150,4,1.34,584.0,Current closing stock (112 units) is at or below reorder threshold (150 units) | Critically low days of inventory (1.3 days remaining based on 7-day trend) | 7-day forecasted demand (584 units) exceeds available stock (112 units) | Supplier replenishment lead time is relatively high (4 days)
2026-08-19,S01,P442,Snacks,Crispo,162,147,3,1.84,604.0,Critically low days of inventory (1.8 days remaining based on 7-day trend) | 7-day forecasted demand (604 units) exceeds available stock (162 units) | Supplier replenishment lead time is relatively high (3 days)
2026-08-20,S01,P442,Snacks,Crispo,128,115,4,1.44,618.0,Critically low days of inventory (1.4 days remaining based on 7-day trend) | 7-day forecasted demand (618 units) exceeds available stock (128 units) | Supplier replenishment lead time is relatively high (4 days)
2026-08-21,S01,P442,Snacks,Crispo,131,149,4,1.53,609.0,Current closing stock (131 units) is at or below reorder threshold (149 units) | Critically low days of inventory (1.5 days remaining based on 7-day trend) | 7-day forecasted demand (609 units) exceeds available stock (131 units) | Supplier replenishment lead time is relatively high (4 days)
2026-08-22,S01,P442,Snacks,Crispo,131,154,4,1.54,621.0,Current closing stock (131 units) is at or below reorder threshold (154 units) | Critically low days of inventory (1.5 days remaining based on 7-day trend) | 7-day forecasted demand (621 units) exceeds available stock (131 units) | Supplier replenishment lead time is relatively high (4 days)
2026-08-23,S01,P442,Snacks,Crispo,128,157,2,1.54,631.0,Current closing stock (128 units) is at or below reorder threshold (157 units) | Critically low days of inventory (1.5 days remaining based on 7-day trend) | 7-day forecasted demand (631 units) exceeds available stock (128 units)
2026-08-24,S01,P442,Snacks,Crispo,37,135,4,0.45,621.0,Current closing stock (37 units) is at or below reorder threshold (135 units) | Critically low days of inventory (0.5 days remaining based on 7-day trend) | 7-day forecasted demand (621 units) exceeds available stock (37 units) | Supplier replenishment lead time is relatively high (4 days)
2026-08-25,S01,P442,Snacks,Crispo,65,130,4,0.8,615.0,Current closing stock (65 units) is at or below reorder threshold (130 units) | Critically low days of inventory (0.8 days remaining based on 7-day trend) | 7-day forecasted demand (615 units) exceeds available stock (65 units) | Supplier replenishment lead time is relatively high (4 days)
2026-08-26,S01,P442,Snacks,Crispo,87,142,4,1.04,583.0,Current closing stock (87 units) is at or below reorder threshold (142 units) | Critically low days of inventory (1.0 days remaining based on 7-day trend) | 7-day forecasted demand (583 units) exceeds available stock (87 units) | Supplier replenishment lead time is relatively high (4 days)
2026-08-27,S01,P442,Snacks,Crispo,59,163,4,0.68,572.0,Current closing stock (59 units) is at or below reorder threshold (163 units) | Critically low days of inventory (0.7 days remaining based on 7-day trend) | 7-day forecasted demand (572 units) exceeds available stock (59 units) | Supplier replenishment lead time is relatively high (4 days)
2026-08-28,S01,P442,Snacks,Crispo,178,157,3,2.02,579.0,Critically low days of inventory (2.0 days remaining based on 7-day trend) | 7-day forecasted demand (579 units) exceeds available stock (178 units) | Supplier replenishment lead time is relatively high (3 days)
2026-08-29,S01,P442,Snacks,Crispo,102,135,1,1.17,583.0,Current closing stock (102 units) is at or below reorder threshold (135 units) | Critically low days of inventory (1.2 days remaining based on 7-day trend) | 7-day forecasted demand (583 units) exceeds available stock (102 units)
2026-08-30,S01,P442,Snacks,Crispo,121,130,4,1.36,597.0,Current closing stock (121 units) is at or below reorder threshold (130 units) | Critically low days of inventory (1.4 days remaining based on 7-day trend) | 7-day forecasted demand (597 units) exceeds available stock (121 units) | Supplier replenishment lead time is relatively high (4 days)
2026-08-31,S01,P442,Snacks,Crispo,68,134,1,0.75,584.0,Current closing stock (68 units) is at or below reorder threshold (134 units) | Critically low days of inventory (0.8 days remaining based on 7-day trend) | 7-day forecasted demand (584 units) exceeds available stock (68 units)
2026-09-01,S01,P442,Snacks,Crispo,144,149,3,1.62,570.0,Current closing stock (144 units) is at or below reorder threshold (149 units) | Critically low days of inventory (1.6 days remaining based on 7-day trend) | 7-day forecasted demand (570 units) exceeds available stock (144 units) | Supplier replenishment lead time is relatively high (3 days)
2026-09-02,S01,P442,Snacks,Crispo,194,115,3,2.21,588.0,Critically low days of inventory (2.2 days remaining based on 7-day trend) | 7-day forecasted demand (588 units) exceeds available stock (194 units) | Supplier replenishment lead time is relatively high (3 days)
2026-09-03,S01,P442,Snacks,Crispo,69,143,4,0.83,586.0,Current closing stock (69 units) is at or below reorder threshold (143 units) | Critically low days of inventory (0.8 days remaining based on 7-day trend) | 7-day forecasted demand (586 units) exceeds available stock (69 units) | Supplier replenishment lead time is relatively high (4 days)
2026-09-04,S01,P442,Snacks,Crispo,166,126,4,2.03,590.0,Critically low days of inventory (2.0 days remaining based on 7-day trend) | 7-day forecasted demand (590 units) exceeds available stock (166 units) | Supplier replenishment lead time is relatively high (4 days)
2026-09-05,S01,P442,Snacks,Crispo,17,115,4,0.21,577.0,Current closing stock (17 units) is at or below reorder threshold (115 units) | Critically low days of inventory (0.2 days remaining based on 7-day trend) | 7-day forecasted demand (577 units) exceeds available stock (17 units) | Supplier replenishment lead time is relatively high (4 days)
2026-09-06,S01,P442,Snacks,Crispo,42,132,3,0.5,559.0,Current closing stock (42 units) is at or below reorder threshold (132 units) | Critically low days of inventory (0.5 days remaining based on 7-day trend) | 7-day forecasted demand (559 units) exceeds available stock (42 units) | Supplier replenishment lead time is relatively high (3 days)
2026-09-07,S01,P442,Snacks,Crispo,64,164,4,0.75,564.0,Current closing stock (64 units) is at or below reorder threshold (164 units) | Critically low days of inventory (0.8 days remaining based on 7-day trend) | 7-day forecasted demand (564 units) exceeds available stock (64 units) | Supplier replenishment lead time is relatively high (4 days)
2026-09-08,S01,P442,Snacks,Crispo,166,150,1,1.99,555.0,Critically low days of inventory (2.0 days remaining based on 7-day trend) | 7-day forecasted demand (555 units) exceeds available stock (166 units)
2026-08-15,S02,P101,Dairy,Aavin,140,262,2,0.95,960.0,Current closing stock (140 units) is at or below reorder threshold (262 units) | Critically low days of inventory (0.9 days remaining based on 7-day trend) | 7-day forecasted demand (960 units) exceeds available stock (140 units)
2026-08-16,S02,P101,Dairy,Aavin,140,224,4,0.97,924.0,Current closing stock (140 units) is at or below reorder threshold (224 units) | Critically low days of inventory (1.0 days remaining based on 7-day trend) | 7-day forecasted demand (924 units) exceeds available stock (140 units) | Supplier replenishment lead time is relatively high (4 days)
2026-08-17,S02,P101,Dairy,Aavin,137,206,2,0.92,938.0,Current closing stock (137 units) is at or below reorder threshold (206 units) | Critically low days of inventory (0.9 days remaining based on 7-day trend) | 7-day forecasted demand (938 units) exceeds available stock (137 units)
2026-08-18,S02,P101,Dairy,Aavin,58,237,2,0.39,940.0,Current closing stock (58 units) is at or below reorder threshold (237 units) | Critically low days of inventory (0.4 days remaining based on 7-day trend) | 7-day forecasted demand (940 units) exceeds available stock (58 units)
2026-08-19,S02,P101,Dairy,Aavin,114,242,2,0.81,966.0,Current closing stock (114 units) is at or below reorder threshold (242 units) | Critically low days of inventory (0.8 days remaining based on 7-day trend) | 7-day forecasted demand (966 units) exceeds available stock (114 units)
2026-08-20,S02,P101,Dairy,Aavin,158,202,4,1.12,956.0,Current closing stock (158 units) is at or below reorder threshold (202 units) | Critically low days of inventory (1.1 days remaining based on 7-day trend) | 7-day forecasted demand (956 units) exceeds available stock (158 units) | Supplier replenishment lead time is relatively high (4 days)
2026-08-21,S02,P101,Dairy,Aavin,120,244,4,0.85,968.0,Current closing stock (120 units) is at or below reorder threshold (244 units) | Critically low days of inventory (0.8 days remaining based on 7-day trend) | 7-day forecasted demand (968 units) exceeds available stock (120 units) | Supplier replenishment lead time is relatively high (4 days)
2026-08-22,S02,P101,Dairy,Aavin,51,270,2,0.37,980.0,Current closing stock (51 units) is at or below reorder threshold (270 units) | Critically low days of inventory (0.4 days remaining based on 7-day trend) | 7-day forecasted demand (980 units) exceeds available stock (51 units)
2026-08-23,S02,P101,Dairy,Aavin,162,196,3,1.18,1039.0,Current closing stock (162 units) is at or below reorder threshold (196 units) | Critically low days of inventory (1.2 days remaining based on 7-day trend) | 7-day forecasted demand (1039 units) exceeds available stock (162 units) | Supplier replenishment lead time is relatively high (3 days)
2026-08-24,S02,P101,Dairy,Aavin,130,260,2,0.98,1038.0,Current closing stock (130 units) is at or below reorder threshold (260 units) | Critically low days of inventory (1.0 days remaining based on 7-day trend) | 7-day forecasted demand (1038 units) exceeds available stock (130 units)
2026-08-25,S02,P101,Dairy,Aavin,308,238,1,2.3,1006.0,Critically low days of inventory (2.3 days remaining based on 7-day trend) | 7-day forecasted demand (1006 units) exceeds available stock (308 units)
2026-08-26,S02,P101,Dairy,Aavin,32,241,3,0.24,977.0,Current closing stock (32 units) is at or below reorder threshold (241 units) | Critically low days of inventory (0.2 days remaining based on 7-day trend) | 7-day forecasted demand (977 units) exceeds available stock (32 units) | Supplier replenishment lead time is relatively high (3 days)
2026-08-27,S02,P101,Dairy,Aavin,102,210,1,0.74,987.0,Current closing stock (102 units) is at or below reorder threshold (210 units) | Critically low days of inventory (0.7 days remaining based on 7-day trend) | 7-day forecasted demand (987 units) exceeds available stock (102 units)
2026-08-28,S02,P101,Dairy,Aavin,242,199,3,1.77,1013.0,Critically low days of inventory (1.8 days remaining based on 7-day trend) | 7-day forecasted demand (1013 units) exceeds available stock (242 units) | Supplier replenishment lead time is relatively high (3 days)
2026-08-29,S02,P101,Dairy,Aavin,281,227,1,2.03,1030.0,Critically low days of inventory (2.0 days remaining based on 7-day trend) | 7-day forecasted demand (1030 units) exceeds available stock (281 units)
2026-08-30,S02,P101,Dairy,Aavin,153,227,1,1.09,971.0,Current closing stock (153 units) is at or below reorder threshold (227 units) | Critically low days of inventory (1.1 days remaining based on 7-day trend) | 7-day forecasted demand (971 units) exceeds available stock (153 units)
2026-08-31,S02,P101,Dairy,Aavin,148,203,1,1.0,971.0,Current closing stock (148 units) is at or below reorder threshold (203 units) | Critically low days of inventory (1.0 days remaining based on 7-day trend) | 7-day forecasted demand (971 units) exceeds available stock (148 units)
2026-09-01,S02,P101,Dairy,Aavin,105,204,3,0.71,1040.0,Current closing stock (105 units) is at or below reorder threshold (204 units) | Critically low days of inventory (0.7 days remaining based on 7-day trend) | 7-day forecasted demand (1040 units) exceeds available stock (105 units) | Supplier replenishment lead time is relatively high (3 days)
2026-09-02,S02,P101,Dairy,Aavin,75,195,3,0.52,1031.0,Current closing stock (75 units) is at or below reorder threshold (195 units) | Critically low days of inventory (0.5 days remaining based on 7-day trend) | 7-day forecasted demand (1031 units) exceeds available stock (75 units) | Supplier replenishment lead time is relatively high (3 days)
2026-09-03,S02,P101,Dairy,Aavin,275,226,4,1.97,1007.0,Critically low days of inventory (2.0 days remaining based on 7-day trend) | 7-day forecasted demand (1007 units) exceeds available stock (275 units) | Supplier replenishment lead time is relatively high (4 days)
2026-09-04,S02,P101,Dairy,Aavin,333,281,2,2.36,1004.0,Critically low days of inventory (2.4 days remaining based on 7-day trend) | 7-day forecasted demand (1004 units) exceeds available stock (333 units)
2026-09-05,S02,P101,Dairy,Aavin,151,251,1,1.04,1013.0,Current closing stock (151 units) is at or below reorder threshold (251 units) | Critically low days of inventory (1.0 days remaining based on 7-day trend) | 7-day forecasted demand (1013 units) exceeds available stock (151 units)
2026-09-06,S02,P101,Dairy,Aavin,111,268,2,0.75,1016.0,Current closing stock (111 units) is at or below reorder threshold (268 units) | Critically low days of inventory (0.8 days remaining based on 7-day trend) | 7-day forecasted demand (1016 units) exceeds available stock (111 units)
2026-09-07,S02,P101,Dairy,Aavin,141,263,4,1.02,1003.0,Current closing stock (141 units) is at or below reorder threshold (263 units) | Critically low days of inventory (1.0 days remaining based on 7-day trend) | 7-day forecasted demand (1003 units) exceeds available stock (141 units) | Supplier replenishment lead time is relatively high (4 days)
2026-09-08,S02,P101,Dairy,Aavin,245,236,4,1.77,933.0,Critically low days of inventory (1.8 days remaining based on 7-day trend) | 7-day forecasted demand (933 units) exceeds available stock (245 units) | Supplier replenishment lead time is relatively high (4 days)
2026-08-15,S02,P205,Personal Care,GlowCare,37,39,3,1.47,189.0,Current closing stock (37 units) is at or below reorder threshold (39 units) | Critically low days of inventory (1.5 days remaining based on 7-day trend) | 7-day forecasted demand (189 units) exceeds available stock (37 units) | Supplier replenishment lead time is relatively high (3 days)
2026-08-16,S02,P205,Personal Care,GlowCare,21,38,2,0.86,190.0,Current closing stock (21 units) is at or below reorder threshold (38 units) | Critically low days of inventory (0.9 days remaining based on 7-day trend) | 7-day forecasted demand (190 units) exceeds available stock (21 units)
2026-08-17,S02,P205,Personal Care,GlowCare,23,48,1,0.94,185.0,Current closing stock (23 units) is at or below reorder threshold (48 units) | Critically low days of inventory (0.9 days remaining based on 7-day trend) | 7-day forecasted demand (185 units) exceeds available stock (23 units)
2026-08-18,S02,P205,Personal Care,GlowCare,5,46,2,0.2,173.0,Current closing stock (5 units) is at or below reorder threshold (46 units) | Critically low days of inventory (0.2 days remaining based on 7-day trend) | 7-day forecasted demand (173 units) exceeds available stock (5 units)
2026-08-19,S02,P205,Personal Care,GlowCare,61,39,2,2.36,173.0,Critically low days of inventory (2.4 days remaining based on 7-day trend) | 7-day forecasted demand (173 units) exceeds available stock (61 units)
2026-08-20,S02,P205,Personal Care,GlowCare,28,50,1,1.06,168.0,Current closing stock (28 units) is at or below reorder threshold (50 units) | Critically low days of inventory (1.1 days remaining based on 7-day trend) | 7-day forecasted demand (168 units) exceeds available stock (28 units)
2026-08-21,S02,P205,Personal Care,GlowCare,32,47,1,1.16,165.0,Current closing stock (32 units) is at or below reorder threshold (47 units) | Critically low days of inventory (1.2 days remaining based on 7-day trend) | 7-day forecasted demand (165 units) exceeds available stock (32 units)
2026-08-22,S02,P205,Personal Care,GlowCare,37,39,4,1.34,171.0,Current closing stock (37 units) is at or below reorder threshold (39 units) | Critically low days of inventory (1.3 days remaining based on 7-day trend) | 7-day forecasted demand (171 units) exceeds available stock (37 units) | Supplier replenishment lead time is relatively high (4 days)
2026-08-23,S02,P205,Personal Care,GlowCare,23,44,2,0.85,175.0,Current closing stock (23 units) is at or below reorder threshold (44 units) | Critically low days of inventory (0.8 days remaining based on 7-day trend) | 7-day forecasted demand (175 units) exceeds available stock (23 units)
2026-08-24,S02,P205,Personal Care,GlowCare,43,48,3,1.58,179.0,Current closing stock (43 units) is at or below reorder threshold (48 units) | Critically low days of inventory (1.6 days remaining based on 7-day trend) | 7-day forecasted demand (179 units) exceeds available stock (43 units) | Supplier replenishment lead time is relatively high (3 days)
2026-08-25,S02,P205,Personal Care,GlowCare,44,47,4,1.66,185.0,Current closing stock (44 units) is at or below reorder threshold (47 units) | Critically low days of inventory (1.7 days remaining based on 7-day trend) | 7-day forecasted demand (185 units) exceeds available stock (44 units) | Supplier replenishment lead time is relatively high (4 days)
2026-08-26,S02,P205,Personal Care,GlowCare,26,37,2,1.05,193.0,Current closing stock (26 units) is at or below reorder threshold (37 units) | Critically low days of inventory (1.1 days remaining based on 7-day trend) | 7-day forecasted demand (193 units) exceeds available stock (26 units)
2026-08-27,S02,P205,Personal Care,GlowCare,66,36,3,2.67,195.0,Critically low days of inventory (2.7 days remaining based on 7-day trend) | 7-day forecasted demand (195 units) exceeds available stock (66 units) | Supplier replenishment lead time is relatively high (3 days)
2026-08-28,S02,P205,Personal Care,GlowCare,46,44,1,1.92,201.0,Critically low days of inventory (1.9 days remaining based on 7-day trend) | 7-day forecasted demand (201 units) exceeds available stock (46 units)
2026-08-29,S02,P205,Personal Care,GlowCare,18,41,2,0.76,206.0,Current closing stock (18 units) is at or below reorder threshold (41 units) | Critically low days of inventory (0.8 days remaining based on 7-day trend) | 7-day forecasted demand (206 units) exceeds available stock (18 units)
2026-08-30,S02,P205,Personal Care,GlowCare,33,43,2,1.35,201.0,Current closing stock (33 units) is at or below reorder threshold (43 units) | Critically low days of inventory (1.4 days remaining based on 7-day trend) | 7-day forecasted demand (201 units) exceeds available stock (33 units)
2026-08-31,S02,P205,Personal Care,GlowCare,26,49,2,1.04,200.0,Current closing stock (26 units) is at or below reorder threshold (49 units) | Critically low days of inventory (1.0 days remaining based on 7-day trend) | 7-day forecasted demand (200 units) exceeds available stock (26 units)
2026-09-01,S02,P205,Personal Care,GlowCare,25,51,2,0.98,197.0,Current closing stock (25 units) is at or below reorder threshold (51 units) | Critically low days of inventory (1.0 days remaining based on 7-day trend) | 7-day forecasted demand (197 units) exceeds available stock (25 units)
2026-09-02,S02,P205,Personal Care,GlowCare,10,49,3,0.38,186.0,Current closing stock (10 units) is at or below reorder threshold (49 units) | Critically low days of inventory (0.4 days remaining based on 7-day trend) | 7-day forecasted demand (186 units) exceeds available stock (10 units) | Supplier replenishment lead time is relatively high (3 days)
2026-09-03,S02,P205,Personal Care,GlowCare,37,53,3,1.34,180.0,Current closing stock (37 units) is at or below reorder threshold (53 units) | Critically low days of inventory (1.3 days remaining based on 7-day trend) | 7-day forecasted demand (180 units) exceeds available stock (37 units) | Supplier replenishment lead time is relatively high (3 days)
2026-09-04,S02,P205,Personal Care,GlowCare,49,47,3,1.76,173.0,Critically low days of inventory (1.8 days remaining based on 7-day trend) | 7-day forecasted demand (173 units) exceeds available stock (49 units) | Supplier replenishment lead time is relatively high (3 days)
2026-09-05,S02,P205,Personal Care,GlowCare,27,52,4,0.94,171.0,Current closing stock (27 units) is at or below reorder threshold (52 units) | Critically low days of inventory (0.9 days remaining based on 7-day trend) | 7-day forecasted demand (171 units) exceeds available stock (27 units) | Supplier replenishment lead time is relatively high (4 days)
2026-09-06,S02,P205,Personal Care,GlowCare,26,46,3,0.88,164.0,Current closing stock (26 units) is at or below reorder threshold (46 units) | Critically low days of inventory (0.9 days remaining based on 7-day trend) | 7-day forecasted demand (164 units) exceeds available stock (26 units) | Supplier replenishment lead time is relatively high (3 days)
2026-09-07,S02,P205,Personal Care,GlowCare,28,50,1,0.98,165.0,Current closing stock (28 units) is at or below reorder threshold (50 units) | Critically low days of inventory (1.0 days remaining based on 7-day trend) | 7-day forecasted demand (165 units) exceeds available stock (28 units)
2026-09-08,S02,P205,Personal Care,GlowCare,19,46,1,0.66,172.0,Current closing stock (19 units) is at or below reorder threshold (46 units) | Critically low days of inventory (0.7 days remaining based on 7-day trend) | 7-day forecasted demand (172 units) exceeds available stock (19 units)
2026-08-15,S02,P330,Beverages,FizzUp,124,319,4,0.73,1232.0,Current closing stock (124 units) is at or below reorder threshold (319 units) | Critically low days of inventory (0.7 days remaining based on 7-day trend) | 7-day forecasted demand (1232 units) exceeds available stock (124 units) | Supplier replenishment lead time is relatively high (4 days)
2026-08-16,S02,P330,Beverages,FizzUp,227,317,3,1.33,1230.0,Current closing stock (227 units) is at or below reorder threshold (317 units) | Critically low days of inventory (1.3 days remaining based on 7-day trend) | 7-day forecasted demand (1230 units) exceeds available stock (227 units) | Supplier replenishment lead time is relatively high (3 days)
2026-08-17,S02,P330,Beverages,FizzUp,339,283,2,1.95,1260.0,Critically low days of inventory (1.9 days remaining based on 7-day trend) | 7-day forecasted demand (1260 units) exceeds available stock (339 units)
2026-08-18,S02,P330,Beverages,FizzUp,208,267,3,1.23,1308.0,Current closing stock (208 units) is at or below reorder threshold (267 units) | Critically low days of inventory (1.2 days remaining based on 7-day trend) | 7-day forecasted demand (1308 units) exceeds available stock (208 units) | Supplier replenishment lead time is relatively high (3 days)
2026-08-19,S02,P330,Beverages,FizzUp,272,256,2,1.65,1283.0,Critically low days of inventory (1.6 days remaining based on 7-day trend) | 7-day forecasted demand (1283 units) exceeds available stock (272 units)
2026-08-20,S02,P330,Beverages,FizzUp,232,243,4,1.33,1295.0,Current closing stock (232 units) is at or below reorder threshold (243 units) | Critically low days of inventory (1.3 days remaining based on 7-day trend) | 7-day forecasted demand (1295 units) exceeds available stock (232 units) | Supplier replenishment lead time is relatively high (4 days)
2026-08-21,S02,P330,Beverages,FizzUp,117,307,4,0.68,1263.0,Current closing stock (117 units) is at or below reorder threshold (307 units) | Critically low days of inventory (0.7 days remaining based on 7-day trend) | 7-day forecasted demand (1263 units) exceeds available stock (117 units) | Supplier replenishment lead time is relatively high (4 days)
2026-08-22,S02,P330,Beverages,FizzUp,232,323,1,1.32,1261.0,Current closing stock (232 units) is at or below reorder threshold (323 units) | Critically low days of inventory (1.3 days remaining based on 7-day trend) | 7-day forecasted demand (1261 units) exceeds available stock (232 units)
2026-08-23,S02,P330,Beverages,FizzUp,112,356,3,0.64,1242.0,Current closing stock (112 units) is at or below reorder threshold (356 units) | Critically low days of inventory (0.6 days remaining based on 7-day trend) | 7-day forecasted demand (1242 units) exceeds available stock (112 units) | Supplier replenishment lead time is relatively high (3 days)
2026-08-24,S02,P330,Beverages,FizzUp,327,319,4,1.86,1216.0,Critically low days of inventory (1.9 days remaining based on 7-day trend) | 7-day forecasted demand (1216 units) exceeds available stock (327 units) | Supplier replenishment lead time is relatively high (4 days)
2026-08-25,S02,P330,Beverages,FizzUp,212,257,4,1.18,1151.0,Current closing stock (212 units) is at or below reorder threshold (257 units) | Critically low days of inventory (1.2 days remaining based on 7-day trend) | 7-day forecasted demand (1151 units) exceeds available stock (212 units) | Supplier replenishment lead time is relatively high (4 days)
2026-08-26,S02,P330,Beverages,FizzUp,176,323,1,0.94,1144.0,Current closing stock (176 units) is at or below reorder threshold (323 units) | Critically low days of inventory (0.9 days remaining based on 7-day trend) | 7-day forecasted demand (1144 units) exceeds available stock (176 units)
2026-08-27,S02,P330,Beverages,FizzUp,88,340,1,0.48,1112.0,Current closing stock (88 units) is at or below reorder threshold (340 units) | Critically low days of inventory (0.5 days remaining based on 7-day trend) | 7-day forecasted demand (1112 units) exceeds available stock (88 units)
2026-08-28,S02,P330,Beverages,FizzUp,146,294,2,0.79,1101.0,Current closing stock (146 units) is at or below reorder threshold (294 units) | Critically low days of inventory (0.8 days remaining based on 7-day trend) | 7-day forecasted demand (1101 units) exceeds available stock (146 units)
2026-08-29,S02,P330,Beverages,FizzUp,125,309,4,0.69,1102.0,Current closing stock (125 units) is at or below reorder threshold (309 units) | Critically low days of inventory (0.7 days remaining based on 7-day trend) | 7-day forecasted demand (1102 units) exceeds available stock (125 units) | Supplier replenishment lead time is relatively high (4 days)
2026-08-30,S02,P330,Beverages,FizzUp,98,261,2,0.54,1134.0,Current closing stock (98 units) is at or below reorder threshold (261 units) | Critically low days of inventory (0.5 days remaining based on 7-day trend) | 7-day forecasted demand (1134 units) exceeds available stock (98 units)
2026-08-31,S02,P330,Beverages,FizzUp,248,256,3,1.4,1112.0,Current closing stock (248 units) is at or below reorder threshold (256 units) | Critically low days of inventory (1.4 days remaining based on 7-day trend) | 7-day forecasted demand (1112 units) exceeds available stock (248 units) | Supplier replenishment lead time is relatively high (3 days)
2026-09-01,S02,P330,Beverages,FizzUp,233,275,3,1.34,1120.0,Current closing stock (233 units) is at or below reorder threshold (275 units) | Critically low days of inventory (1.3 days remaining based on 7-day trend) | 7-day forecasted demand (1120 units) exceeds available stock (233 units) | Supplier replenishment lead time is relatively high (3 days)
2026-09-02,S02,P330,Beverages,FizzUp,403,307,4,2.45,1092.0,Critically low days of inventory (2.5 days remaining based on 7-day trend) | 7-day forecasted demand (1092 units) exceeds available stock (403 units) | Supplier replenishment lead time is relatively high (4 days)
2026-09-03,S02,P330,Beverages,FizzUp,253,245,1,1.55,1126.0,Critically low days of inventory (1.6 days remaining based on 7-day trend) | 7-day forecasted demand (1126 units) exceeds available stock (253 units)
2026-09-04,S02,P330,Beverages,FizzUp,125,349,3,0.79,1171.0,Current closing stock (125 units) is at or below reorder threshold (349 units) | Critically low days of inventory (0.8 days remaining based on 7-day trend) | 7-day forecasted demand (1171 units) exceeds available stock (125 units) | Supplier replenishment lead time is relatively high (3 days)
2026-09-05,S02,P330,Beverages,FizzUp,205,310,3,1.3,1177.0,Current closing stock (205 units) is at or below reorder threshold (310 units) | Critically low days of inventory (1.3 days remaining based on 7-day trend) | 7-day forecasted demand (1177 units) exceeds available stock (205 units) | Supplier replenishment lead time is relatively high (3 days)
2026-09-06,S02,P330,Beverages,FizzUp,123,335,1,0.78,1180.0,Current closing stock (123 units) is at or below reorder threshold (335 units) | Critically low days of inventory (0.8 days remaining based on 7-day trend) | 7-day forecasted demand (1180 units) exceeds available stock (123 units)
2026-09-07,S02,P330,Beverages,FizzUp,414,294,2,2.56,1213.0,Critically low days of inventory (2.6 days remaining based on 7-day trend) | 7-day forecasted demand (1213 units) exceeds available stock (414 units)
2026-09-08,S02,P330,Beverages,FizzUp,296,295,3,1.86,1213.0,Critically low days of inventory (1.9 days remaining based on 7-day trend) | 7-day forecasted demand (1213 units) exceeds available stock (296 units) | Supplier replenishment lead time is relatively high (3 days)
2026-08-15,S02,P442,Snacks,Crispo,151,195,2,1.36,797.0,Current closing stock (151 units) is at or below reorder threshold (195 units) | Critically low days of inventory (1.4 days remaining based on 7-day trend) | 7-day forecasted demand (797 units) exceeds available stock (151 units)
2026-08-16,S02,P442,Snacks,Crispo,153,204,4,1.4,819.0,Current closing stock (153 units) is at or below reorder threshold (204 units) | Critically low days of inventory (1.4 days remaining based on 7-day trend) | 7-day forecasted demand (819 units) exceeds available stock (153 units) | Supplier replenishment lead time is relatively high (4 days)
2026-08-17,S02,P442,Snacks,Crispo,111,153,3,1.04,825.0,Current closing stock (111 units) is at or below reorder threshold (153 units) | Critically low days of inventory (1.0 days remaining based on 7-day trend) | 7-day forecasted demand (825 units) exceeds available stock (111 units) | Supplier replenishment lead time is relatively high (3 days)
2026-08-18,S02,P442,Snacks,Crispo,180,191,3,1.67,836.0,Current closing stock (180 units) is at or below reorder threshold (191 units) | Critically low days of inventory (1.7 days remaining based on 7-day trend) | 7-day forecasted demand (836 units) exceeds available stock (180 units) | Supplier replenishment lead time is relatively high (3 days)
2026-08-19,S02,P442,Snacks,Crispo,83,179,1,0.77,875.0,Current closing stock (83 units) is at or below reorder threshold (179 units) | Critically low days of inventory (0.8 days remaining based on 7-day trend) | 7-day forecasted demand (875 units) exceeds available stock (83 units)
2026-08-20,S02,P442,Snacks,Crispo,60,156,4,0.57,856.0,Current closing stock (60 units) is at or below reorder threshold (156 units) | Critically low days of inventory (0.6 days remaining based on 7-day trend) | 7-day forecasted demand (856 units) exceeds available stock (60 units) | Supplier replenishment lead time is relatively high (4 days)
2026-08-21,S02,P442,Snacks,Crispo,126,170,4,1.17,833.0,Current closing stock (126 units) is at or below reorder threshold (170 units) | Critically low days of inventory (1.2 days remaining based on 7-day trend) | 7-day forecasted demand (833 units) exceeds available stock (126 units) | Supplier replenishment lead time is relatively high (4 days)
2026-08-22,S02,P442,Snacks,Crispo,61,191,1,0.56,799.0,Current closing stock (61 units) is at or below reorder threshold (191 units) | Critically low days of inventory (0.6 days remaining based on 7-day trend) | 7-day forecasted demand (799 units) exceeds available stock (61 units)
2026-08-23,S02,P442,Snacks,Crispo,72,161,1,0.63,807.0,Current closing stock (72 units) is at or below reorder threshold (161 units) | Critically low days of inventory (0.6 days remaining based on 7-day trend) | 7-day forecasted demand (807 units) exceeds available stock (72 units)
2026-08-24,S02,P442,Snacks,Crispo,160,178,2,1.37,805.0,Current closing stock (160 units) is at or below reorder threshold (178 units) | Critically low days of inventory (1.4 days remaining based on 7-day trend) | 7-day forecasted demand (805 units) exceeds available stock (160 units)
2026-08-25,S02,P442,Snacks,Crispo,82,189,2,0.7,798.0,Current closing stock (82 units) is at or below reorder threshold (189 units) | Critically low days of inventory (0.7 days remaining based on 7-day trend) | 7-day forecasted demand (798 units) exceeds available stock (82 units)
2026-08-26,S02,P442,Snacks,Crispo,62,214,4,0.52,771.0,Current closing stock (62 units) is at or below reorder threshold (214 units) | Critically low days of inventory (0.5 days remaining based on 7-day trend) | 7-day forecasted demand (771 units) exceeds available stock (62 units) | Supplier replenishment lead time is relatively high (4 days)
2026-08-27,S02,P442,Snacks,Crispo,239,220,4,1.91,776.0,Critically low days of inventory (1.9 days remaining based on 7-day trend) | 7-day forecasted demand (776 units) exceeds available stock (239 units) | Supplier replenishment lead time is relatively high (4 days)
2026-08-28,S02,P442,Snacks,Crispo,159,190,1,1.3,779.0,Current closing stock (159 units) is at or below reorder threshold (190 units) | Critically low days of inventory (1.3 days remaining based on 7-day trend) | 7-day forecasted demand (779 units) exceeds available stock (159 units)
2026-08-29,S02,P442,Snacks,Crispo,85,153,1,0.71,785.0,Current closing stock (85 units) is at or below reorder threshold (153 units) | Critically low days of inventory (0.7 days remaining based on 7-day trend) | 7-day forecasted demand (785 units) exceeds available stock (85 units)
2026-08-30,S02,P442,Snacks,Crispo,22,210,1,0.19,782.0,Current closing stock (22 units) is at or below reorder threshold (210 units) | Critically low days of inventory (0.2 days remaining based on 7-day trend) | 7-day forecasted demand (782 units) exceeds available stock (22 units)
2026-08-31,S02,P442,Snacks,Crispo,140,184,1,1.21,780.0,Current closing stock (140 units) is at or below reorder threshold (184 units) | Critically low days of inventory (1.2 days remaining based on 7-day trend) | 7-day forecasted demand (780 units) exceeds available stock (140 units)
2026-09-01,S02,P442,Snacks,Crispo,86,215,1,0.75,797.0,Current closing stock (86 units) is at or below reorder threshold (215 units) | Critically low days of inventory (0.8 days remaining based on 7-day trend) | 7-day forecasted demand (797 units) exceeds available stock (86 units)
2026-09-02,S02,P442,Snacks,Crispo,100,208,2,0.88,823.0,Current closing stock (100 units) is at or below reorder threshold (208 units) | Critically low days of inventory (0.9 days remaining based on 7-day trend) | 7-day forecasted demand (823 units) exceeds available stock (100 units)
2026-09-03,S02,P442,Snacks,Crispo,131,212,4,1.19,827.0,Current closing stock (131 units) is at or below reorder threshold (212 units) | Critically low days of inventory (1.2 days remaining based on 7-day trend) | 7-day forecasted demand (827 units) exceeds available stock (131 units) | Supplier replenishment lead time is relatively high (4 days)
2026-09-04,S02,P442,Snacks,Crispo,138,207,1,1.24,831.0,Current closing stock (138 units) is at or below reorder threshold (207 units) | Critically low days of inventory (1.2 days remaining based on 7-day trend) | 7-day forecasted demand (831 units) exceeds available stock (138 units)
2026-09-05,S02,P442,Snacks,Crispo,229,210,2,2.06,838.0,Critically low days of inventory (2.1 days remaining based on 7-day trend) | 7-day forecasted demand (838 units) exceeds available stock (229 units)
2026-09-06,S02,P442,Snacks,Crispo,59,200,3,0.53,810.0,Current closing stock (59 units) is at or below reorder threshold (200 units) | Critically low days of inventory (0.5 days remaining based on 7-day trend) | 7-day forecasted demand (810 units) exceeds available stock (59 units) | Supplier replenishment lead time is relatively high (3 days)
2026-09-07,S02,P442,Snacks,Crispo,136,216,4,1.22,814.0,Current closing stock (136 units) is at or below reorder threshold (216 units) | Critically low days of inventory (1.2 days remaining based on 7-day trend) | 7-day forecasted demand (814 units) exceeds available stock (136 units) | Supplier replenishment lead time is relatively high (4 days)
2026-09-08,S02,P442,Snacks,Crispo,165,172,1,1.48,799.0,Current closing stock (165 units) is at or below reorder threshold (172 units) | Critically low days of inventory (1.5 days remaining based on 7-day trend) | 7-day forecasted demand (799 units) exceeds available stock (165 units)
2026-08-15,S03,P101,Dairy,Aavin,48,111,1,0.71,505.0,Current closing stock (48 units) is at or below reorder threshold (111 units) | Critically low days of inventory (0.7 days remaining based on 7-day trend) | 7-day forecasted demand (505 units) exceeds available stock (48 units)
2026-08-16,S03,P101,Dairy,Aavin,59,103,1,0.84,521.0,Current closing stock (59 units) is at or below reorder threshold (103 units) | Critically low days of inventory (0.8 days remaining based on 7-day trend) | 7-day forecasted demand (521 units) exceeds available stock (59 units)
2026-08-17,S03,P101,Dairy,Aavin,176,107,2,2.5,532.0,Critically low days of inventory (2.5 days remaining based on 7-day trend) | 7-day forecasted demand (532 units) exceeds available stock (176 units)
2026-08-18,S03,P101,Dairy,Aavin,56,118,2,0.83,522.0,Current closing stock (56 units) is at or below reorder threshold (118 units) | Critically low days of inventory (0.8 days remaining based on 7-day trend) | 7-day forecasted demand (522 units) exceeds available stock (56 units)
2026-08-19,S03,P101,Dairy,Aavin,173,134,1,2.48,535.0,Critically low days of inventory (2.5 days remaining based on 7-day trend) | 7-day forecasted demand (535 units) exceeds available stock (173 units)
2026-08-20,S03,P101,Dairy,Aavin,54,110,2,0.8,521.0,Current closing stock (54 units) is at or below reorder threshold (110 units) | Critically low days of inventory (0.8 days remaining based on 7-day trend) | 7-day forecasted demand (521 units) exceeds available stock (54 units)
2026-08-21,S03,P101,Dairy,Aavin,120,118,3,1.77,492.0,Critically low days of inventory (1.8 days remaining based on 7-day trend) | 7-day forecasted demand (492 units) exceeds available stock (120 units) | Supplier replenishment lead time is relatively high (3 days)
2026-08-22,S03,P101,Dairy,Aavin,32,105,2,0.44,507.0,Current closing stock (32 units) is at or below reorder threshold (105 units) | Critically low days of inventory (0.4 days remaining based on 7-day trend) | 7-day forecasted demand (507 units) exceeds available stock (32 units)
2026-08-23,S03,P101,Dairy,Aavin,125,147,1,1.73,485.0,Current closing stock (125 units) is at or below reorder threshold (147 units) | Critically low days of inventory (1.7 days remaining based on 7-day trend) | 7-day forecasted demand (485 units) exceeds available stock (125 units)
2026-08-24,S03,P101,Dairy,Aavin,73,126,2,0.98,476.0,Current closing stock (73 units) is at or below reorder threshold (126 units) | Critically low days of inventory (1.0 days remaining based on 7-day trend) | 7-day forecasted demand (476 units) exceeds available stock (73 units)
2026-08-25,S03,P101,Dairy,Aavin,70,125,4,0.92,482.0,Current closing stock (70 units) is at or below reorder threshold (125 units) | Critically low days of inventory (0.9 days remaining based on 7-day trend) | 7-day forecasted demand (482 units) exceeds available stock (70 units) | Supplier replenishment lead time is relatively high (4 days)
2026-08-26,S03,P101,Dairy,Aavin,32,131,3,0.43,479.0,Current closing stock (32 units) is at or below reorder threshold (131 units) | Critically low days of inventory (0.4 days remaining based on 7-day trend) | 7-day forecasted demand (479 units) exceeds available stock (32 units) | Supplier replenishment lead time is relatively high (3 days)
2026-08-27,S03,P101,Dairy,Aavin,108,114,2,1.41,490.0,Current closing stock (108 units) is at or below reorder threshold (114 units) | Critically low days of inventory (1.4 days remaining based on 7-day trend) | 7-day forecasted demand (490 units) exceeds available stock (108 units)
2026-08-28,S03,P101,Dairy,Aavin,114,142,1,1.53,496.0,Current closing stock (114 units) is at or below reorder threshold (142 units) | Critically low days of inventory (1.5 days remaining based on 7-day trend) | 7-day forecasted demand (496 units) exceeds available stock (114 units)
2026-08-29,S03,P101,Dairy,Aavin,58,139,4,0.83,487.0,Current closing stock (58 units) is at or below reorder threshold (139 units) | Critically low days of inventory (0.8 days remaining based on 7-day trend) | 7-day forecasted demand (487 units) exceeds available stock (58 units) | Supplier replenishment lead time is relatively high (4 days)
2026-08-30,S03,P101,Dairy,Aavin,45,144,4,0.62,486.0,Current closing stock (45 units) is at or below reorder threshold (144 units) | Critically low days of inventory (0.6 days remaining based on 7-day trend) | 7-day forecasted demand (486 units) exceeds available stock (45 units) | Supplier replenishment lead time is relatively high (4 days)
2026-08-31,S03,P101,Dairy,Aavin,51,141,2,0.74,490.0,Current closing stock (51 units) is at or below reorder threshold (141 units) | Critically low days of inventory (0.7 days remaining based on 7-day trend) | 7-day forecasted demand (490 units) exceeds available stock (51 units)
2026-09-01,S03,P101,Dairy,Aavin,103,115,1,1.51,505.0,Current closing stock (103 units) is at or below reorder threshold (115 units) | Critically low days of inventory (1.5 days remaining based on 7-day trend) | 7-day forecasted demand (505 units) exceeds available stock (103 units)
2026-09-02,S03,P101,Dairy,Aavin,106,133,2,1.54,505.0,Current closing stock (106 units) is at or below reorder threshold (133 units) | Critically low days of inventory (1.5 days remaining based on 7-day trend) | 7-day forecasted demand (505 units) exceeds available stock (106 units)
2026-09-03,S03,P101,Dairy,Aavin,103,109,1,1.51,500.0,Current closing stock (103 units) is at or below reorder threshold (109 units) | Critically low days of inventory (1.5 days remaining based on 7-day trend) | 7-day forecasted demand (500 units) exceeds available stock (103 units)
2026-09-04,S03,P101,Dairy,Aavin,50,140,1,0.71,503.0,Current closing stock (50 units) is at or below reorder threshold (140 units) | Critically low days of inventory (0.7 days remaining based on 7-day trend) | 7-day forecasted demand (503 units) exceeds available stock (50 units)
2026-09-05,S03,P101,Dairy,Aavin,50,128,3,0.71,505.0,Current closing stock (50 units) is at or below reorder threshold (128 units) | Critically low days of inventory (0.7 days remaining based on 7-day trend) | 7-day forecasted demand (505 units) exceeds available stock (50 units) | Supplier replenishment lead time is relatively high (3 days)
2026-09-06,S03,P101,Dairy,Aavin,43,132,2,0.62,514.0,Current closing stock (43 units) is at or below reorder threshold (132 units) | Critically low days of inventory (0.6 days remaining based on 7-day trend) | 7-day forecasted demand (514 units) exceeds available stock (43 units)
2026-09-07,S03,P101,Dairy,Aavin,49,123,2,0.71,508.0,Current closing stock (49 units) is at or below reorder threshold (123 units) | Critically low days of inventory (0.7 days remaining based on 7-day trend) | 7-day forecasted demand (508 units) exceeds available stock (49 units)
2026-09-08,S03,P101,Dairy,Aavin,194,148,3,2.77,509.0,Critically low days of inventory (2.8 days remaining based on 7-day trend) | 7-day forecasted demand (509 units) exceeds available stock (194 units) | Supplier replenishment lead time is relatively high (3 days)
2026-08-15,S03,P205,Personal Care,GlowCare,21,22,3,1.55,102.0,Current closing stock (21 units) is at or below reorder threshold (22 units) | Critically low days of inventory (1.6 days remaining based on 7-day trend) | 7-day forecasted demand (102 units) exceeds available stock (21 units) | Supplier replenishment lead time is relatively high (3 days)
2026-08-16,S03,P205,Personal Care,GlowCare,18,22,4,1.34,102.0,Current closing stock (18 units) is at or below reorder threshold (22 units) | Critically low days of inventory (1.3 days remaining based on 7-day trend) | 7-day forecasted demand (102 units) exceeds available stock (18 units) | Supplier replenishment lead time is relatively high (4 days)
2026-08-17,S03,P205,Personal Care,GlowCare,17,22,4,1.25,100.0,Current closing stock (17 units) is at or below reorder threshold (22 units) | Critically low days of inventory (1.2 days remaining based on 7-day trend) | 7-day forecasted demand (100 units) exceeds available stock (17 units) | Supplier replenishment lead time is relatively high (4 days)
2026-08-18,S03,P205,Personal Care,GlowCare,16,25,1,1.15,101.0,Current closing stock (16 units) is at or below reorder threshold (25 units) | Critically low days of inventory (1.1 days remaining based on 7-day trend) | 7-day forecasted demand (101 units) exceeds available stock (16 units)
2026-08-19,S03,P205,Personal Care,GlowCare,15,28,2,1.12,103.0,Current closing stock (15 units) is at or below reorder threshold (28 units) | Critically low days of inventory (1.1 days remaining based on 7-day trend) | 7-day forecasted demand (103 units) exceeds available stock (15 units)
2026-08-20,S03,P205,Personal Care,GlowCare,31,21,1,2.21,104.0,Critically low days of inventory (2.2 days remaining based on 7-day trend) | 7-day forecasted demand (104 units) exceeds available stock (31 units)
2026-08-21,S03,P205,Personal Care,GlowCare,8,23,4,0.56,103.0,Current closing stock (8 units) is at or below reorder threshold (23 units) | Critically low days of inventory (0.6 days remaining based on 7-day trend) | 7-day forecasted demand (103 units) exceeds available stock (8 units) | Supplier replenishment lead time is relatively high (4 days)
2026-08-22,S03,P205,Personal Care,GlowCare,29,20,3,2.01,103.0,Critically low days of inventory (2.0 days remaining based on 7-day trend) | 7-day forecasted demand (103 units) exceeds available stock (29 units) | Supplier replenishment lead time is relatively high (3 days)
2026-08-23,S03,P205,Personal Care,GlowCare,15,24,3,1.03,102.0,Current closing stock (15 units) is at or below reorder threshold (24 units) | Critically low days of inventory (1.0 days remaining based on 7-day trend) | 7-day forecasted demand (102 units) exceeds available stock (15 units) | Supplier replenishment lead time is relatively high (3 days)
2026-08-24,S03,P205,Personal Care,GlowCare,8,22,3,0.55,103.0,Current closing stock (8 units) is at or below reorder threshold (22 units) | Critically low days of inventory (0.6 days remaining based on 7-day trend) | 7-day forecasted demand (103 units) exceeds available stock (8 units) | Supplier replenishment lead time is relatively high (3 days)
2026-08-25,S03,P205,Personal Care,GlowCare,8,27,4,0.56,103.0,Current closing stock (8 units) is at or below reorder threshold (27 units) | Critically low days of inventory (0.6 days remaining based on 7-day trend) | 7-day forecasted demand (103 units) exceeds available stock (8 units) | Supplier replenishment lead time is relatively high (4 days)
2026-08-26,S03,P205,Personal Care,GlowCare,18,25,1,1.25,100.0,Current closing stock (18 units) is at or below reorder threshold (25 units) | Critically low days of inventory (1.2 days remaining based on 7-day trend) | 7-day forecasted demand (100 units) exceeds available stock (18 units)
2026-08-27,S03,P205,Personal Care,GlowCare,12,19,2,0.82,98.0,Current closing stock (12 units) is at or below reorder threshold (19 units) | Critically low days of inventory (0.8 days remaining based on 7-day trend) | 7-day forecasted demand (98 units) exceeds available stock (12 units)
2026-08-28,S03,P205,Personal Care,GlowCare,21,26,4,1.41,98.0,Current closing stock (21 units) is at or below reorder threshold (26 units) | Critically low days of inventory (1.4 days remaining based on 7-day trend) | 7-day forecasted demand (98 units) exceeds available stock (21 units) | Supplier replenishment lead time is relatively high (4 days)
2026-08-29,S03,P205,Personal Care,GlowCare,21,21,4,1.43,97.0,Current closing stock (21 units) is at or below reorder threshold (21 units) | Critically low days of inventory (1.4 days remaining based on 7-day trend) | 7-day forecasted demand (97 units) exceeds available stock (21 units) | Supplier replenishment lead time is relatively high (4 days)
2026-08-30,S03,P205,Personal Care,GlowCare,8,21,1,0.54,98.0,Current closing stock (8 units) is at or below reorder threshold (21 units) | Critically low days of inventory (0.5 days remaining based on 7-day trend) | 7-day forecasted demand (98 units) exceeds available stock (8 units)
2026-08-31,S03,P205,Personal Care,GlowCare,7,25,1,0.48,96.0,Current closing stock (7 units) is at or below reorder threshold (25 units) | Critically low days of inventory (0.5 days remaining based on 7-day trend) | 7-day forecasted demand (96 units) exceeds available stock (7 units)
2026-09-01,S03,P205,Personal Care,GlowCare,9,20,1,0.61,95.0,Current closing stock (9 units) is at or below reorder threshold (20 units) | Critically low days of inventory (0.6 days remaining based on 7-day trend) | 7-day forecasted demand (95 units) exceeds available stock (9 units)
2026-09-02,S03,P205,Personal Care,GlowCare,21,25,4,1.43,93.0,Current closing stock (21 units) is at or below reorder threshold (25 units) | Critically low days of inventory (1.4 days remaining based on 7-day trend) | 7-day forecasted demand (93 units) exceeds available stock (21 units) | Supplier replenishment lead time is relatively high (4 days)
2026-09-03,S03,P205,Personal Care,GlowCare,22,24,3,1.54,97.0,Current closing stock (22 units) is at or below reorder threshold (24 units) | Critically low days of inventory (1.5 days remaining based on 7-day trend) | 7-day forecasted demand (97 units) exceeds available stock (22 units) | Supplier replenishment lead time is relatively high (3 days)
2026-09-04,S03,P205,Personal Care,GlowCare,12,24,2,0.86,97.0,Current closing stock (12 units) is at or below reorder threshold (24 units) | Critically low days of inventory (0.9 days remaining based on 7-day trend) | 7-day forecasted demand (97 units) exceeds available stock (12 units)
2026-09-05,S03,P205,Personal Care,GlowCare,9,22,2,0.64,97.0,Current closing stock (9 units) is at or below reorder threshold (22 units) | Critically low days of inventory (0.6 days remaining based on 7-day trend) | 7-day forecasted demand (97 units) exceeds available stock (9 units)
2026-09-06,S03,P205,Personal Care,GlowCare,29,23,2,2.09,95.0,Critically low days of inventory (2.1 days remaining based on 7-day trend) | 7-day forecasted demand (95 units) exceeds available stock (29 units)
2026-09-07,S03,P205,Personal Care,GlowCare,12,25,3,0.86,95.0,Current closing stock (12 units) is at or below reorder threshold (25 units) | Critically low days of inventory (0.9 days remaining based on 7-day trend) | 7-day forecasted demand (95 units) exceeds available stock (12 units) | Supplier replenishment lead time is relatively high (3 days)
2026-09-08,S03,P205,Personal Care,GlowCare,17,21,3,1.24,93.0,Current closing stock (17 units) is at or below reorder threshold (21 units) | Critically low days of inventory (1.2 days remaining based on 7-day trend) | 7-day forecasted demand (93 units) exceeds available stock (17 units) | Supplier replenishment lead time is relatively high (3 days)
2026-08-15,S03,P330,Beverages,FizzUp,112,160,1,1.22,700.0,Current closing stock (112 units) is at or below reorder threshold (160 units) | Critically low days of inventory (1.2 days remaining based on 7-day trend) | 7-day forecasted demand (700 units) exceeds available stock (112 units)
2026-08-16,S03,P330,Beverages,FizzUp,81,186,2,0.85,692.0,Current closing stock (81 units) is at or below reorder threshold (186 units) | Critically low days of inventory (0.8 days remaining based on 7-day trend) | 7-day forecasted demand (692 units) exceeds available stock (81 units)
2026-08-17,S03,P330,Beverages,FizzUp,119,158,2,1.25,683.0,Current closing stock (119 units) is at or below reorder threshold (158 units) | Critically low days of inventory (1.2 days remaining based on 7-day trend) | 7-day forecasted demand (683 units) exceeds available stock (119 units)
2026-08-18,S03,P330,Beverages,FizzUp,57,132,2,0.6,679.0,Current closing stock (57 units) is at or below reorder threshold (132 units) | Critically low days of inventory (0.6 days remaining based on 7-day trend) | 7-day forecasted demand (679 units) exceeds available stock (57 units)
2026-08-19,S03,P330,Beverages,FizzUp,109,154,3,1.13,667.0,Current closing stock (109 units) is at or below reorder threshold (154 units) | Critically low days of inventory (1.1 days remaining based on 7-day trend) | 7-day forecasted demand (667 units) exceeds available stock (109 units) | Supplier replenishment lead time is relatively high (3 days)
2026-08-20,S03,P330,Beverages,FizzUp,140,179,2,1.45,653.0,Current closing stock (140 units) is at or below reorder threshold (179 units) | Critically low days of inventory (1.4 days remaining based on 7-day trend) | 7-day forecasted demand (653 units) exceeds available stock (140 units)
2026-08-21,S03,P330,Beverages,FizzUp,77,152,3,0.75,648.0,Current closing stock (77 units) is at or below reorder threshold (152 units) | Critically low days of inventory (0.8 days remaining based on 7-day trend) | 7-day forecasted demand (648 units) exceeds available stock (77 units) | Supplier replenishment lead time is relatively high (3 days)
2026-08-22,S03,P330,Beverages,FizzUp,77,167,3,0.74,656.0,Current closing stock (77 units) is at or below reorder threshold (167 units) | Critically low days of inventory (0.7 days remaining based on 7-day trend) | 7-day forecasted demand (656 units) exceeds available stock (77 units) | Supplier replenishment lead time is relatively high (3 days)
2026-08-23,S03,P330,Beverages,FizzUp,72,133,2,0.72,652.0,Current closing stock (72 units) is at or below reorder threshold (133 units) | Critically low days of inventory (0.7 days remaining based on 7-day trend) | 7-day forecasted demand (652 units) exceeds available stock (72 units)
2026-08-24,S03,P330,Beverages,FizzUp,76,150,1,0.77,669.0,Current closing stock (76 units) is at or below reorder threshold (150 units) | Critically low days of inventory (0.8 days remaining based on 7-day trend) | 7-day forecasted demand (669 units) exceeds available stock (76 units)
2026-08-25,S03,P330,Beverages,FizzUp,39,176,1,0.4,655.0,Current closing stock (39 units) is at or below reorder threshold (176 units) | Critically low days of inventory (0.4 days remaining based on 7-day trend) | 7-day forecasted demand (655 units) exceeds available stock (39 units)
2026-08-26,S03,P330,Beverages,FizzUp,66,135,4,0.68,643.0,Current closing stock (66 units) is at or below reorder threshold (135 units) | Critically low days of inventory (0.7 days remaining based on 7-day trend) | 7-day forecasted demand (643 units) exceeds available stock (66 units) | Supplier replenishment lead time is relatively high (4 days)
2026-08-27,S03,P330,Beverages,FizzUp,35,154,3,0.37,646.0,Current closing stock (35 units) is at or below reorder threshold (154 units) | Critically low days of inventory (0.4 days remaining based on 7-day trend) | 7-day forecasted demand (646 units) exceeds available stock (35 units) | Supplier replenishment lead time is relatively high (3 days)
2026-08-28,S03,P330,Beverages,FizzUp,180,167,1,1.93,649.0,Critically low days of inventory (1.9 days remaining based on 7-day trend) | 7-day forecasted demand (649 units) exceeds available stock (180 units)
2026-08-29,S03,P330,Beverages,FizzUp,100,134,4,1.08,671.0,Current closing stock (100 units) is at or below reorder threshold (134 units) | Critically low days of inventory (1.1 days remaining based on 7-day trend) | 7-day forecasted demand (671 units) exceeds available stock (100 units) | Supplier replenishment lead time is relatively high (4 days)
2026-08-30,S03,P330,Beverages,FizzUp,96,145,1,1.02,683.0,Current closing stock (96 units) is at or below reorder threshold (145 units) | Critically low days of inventory (1.0 days remaining based on 7-day trend) | 7-day forecasted demand (683 units) exceeds available stock (96 units)
2026-08-31,S03,P330,Beverages,FizzUp,96,186,1,1.03,684.0,Current closing stock (96 units) is at or below reorder threshold (186 units) | Critically low days of inventory (1.0 days remaining based on 7-day trend) | 7-day forecasted demand (684 units) exceeds available stock (96 units)
2026-09-01,S03,P330,Beverages,FizzUp,77,144,1,0.81,675.0,Current closing stock (77 units) is at or below reorder threshold (144 units) | Critically low days of inventory (0.8 days remaining based on 7-day trend) | 7-day forecasted demand (675 units) exceeds available stock (77 units)
2026-09-02,S03,P330,Beverages,FizzUp,69,149,3,0.74,667.0,Current closing stock (69 units) is at or below reorder threshold (149 units) | Critically low days of inventory (0.7 days remaining based on 7-day trend) | 7-day forecasted demand (667 units) exceeds available stock (69 units) | Supplier replenishment lead time is relatively high (3 days)
2026-09-03,S03,P330,Beverages,FizzUp,25,177,1,0.27,667.0,Current closing stock (25 units) is at or below reorder threshold (177 units) | Critically low days of inventory (0.3 days remaining based on 7-day trend) | 7-day forecasted demand (667 units) exceeds available stock (25 units)
2026-09-04,S03,P330,Beverages,FizzUp,53,163,2,0.57,664.0,Current closing stock (53 units) is at or below reorder threshold (163 units) | Critically low days of inventory (0.6 days remaining based on 7-day trend) | 7-day forecasted demand (664 units) exceeds available stock (53 units)
2026-09-05,S03,P330,Beverages,FizzUp,65,151,4,0.7,641.0,Current closing stock (65 units) is at or below reorder threshold (151 units) | Critically low days of inventory (0.7 days remaining based on 7-day trend) | 7-day forecasted demand (641 units) exceeds available stock (65 units) | Supplier replenishment lead time is relatively high (4 days)
2026-09-06,S03,P330,Beverages,FizzUp,78,185,4,0.81,629.0,Current closing stock (78 units) is at or below reorder threshold (185 units) | Critically low days of inventory (0.8 days remaining based on 7-day trend) | 7-day forecasted demand (629 units) exceeds available stock (78 units) | Supplier replenishment lead time is relatively high (4 days)
2026-09-07,S03,P330,Beverages,FizzUp,57,180,4,0.58,611.0,Current closing stock (57 units) is at or below reorder threshold (180 units) | Critically low days of inventory (0.6 days remaining based on 7-day trend) | 7-day forecasted demand (611 units) exceeds available stock (57 units) | Supplier replenishment lead time is relatively high (4 days)
2026-09-08,S03,P330,Beverages,FizzUp,95,144,1,0.97,643.0,Current closing stock (95 units) is at or below reorder threshold (144 units) | Critically low days of inventory (1.0 days remaining based on 7-day trend) | 7-day forecasted demand (643 units) exceeds available stock (95 units)
2026-08-15,S03,P442,Snacks,Crispo,82,89,1,1.4,393.0,Current closing stock (82 units) is at or below reorder threshold (89 units) | Critically low days of inventory (1.4 days remaining based on 7-day trend) | 7-day forecasted demand (393 units) exceeds available stock (82 units)
2026-08-16,S03,P442,Snacks,Crispo,70,102,2,1.21,396.0,Current closing stock (70 units) is at or below reorder threshold (102 units) | Critically low days of inventory (1.2 days remaining based on 7-day trend) | 7-day forecasted demand (396 units) exceeds available stock (70 units)
2026-08-17,S03,P442,Snacks,Crispo,62,87,3,1.1,409.0,Current closing stock (62 units) is at or below reorder threshold (87 units) | Critically low days of inventory (1.1 days remaining based on 7-day trend) | 7-day forecasted demand (409 units) exceeds available stock (62 units) | Supplier replenishment lead time is relatively high (3 days)
2026-08-18,S03,P442,Snacks,Crispo,77,96,4,1.36,399.0,Current closing stock (77 units) is at or below reorder threshold (96 units) | Critically low days of inventory (1.4 days remaining based on 7-day trend) | 7-day forecasted demand (399 units) exceeds available stock (77 units) | Supplier replenishment lead time is relatively high (4 days)
2026-08-19,S03,P442,Snacks,Crispo,63,117,2,1.11,416.0,Current closing stock (63 units) is at or below reorder threshold (117 units) | Critically low days of inventory (1.1 days remaining based on 7-day trend) | 7-day forecasted demand (416 units) exceeds available stock (63 units)
2026-08-20,S03,P442,Snacks,Crispo,46,117,2,0.82,414.0,Current closing stock (46 units) is at or below reorder threshold (117 units) | Critically low days of inventory (0.8 days remaining based on 7-day trend) | 7-day forecasted demand (414 units) exceeds available stock (46 units)
2026-08-21,S03,P442,Snacks,Crispo,41,85,4,0.73,402.0,Current closing stock (41 units) is at or below reorder threshold (85 units) | Critically low days of inventory (0.7 days remaining based on 7-day trend) | 7-day forecasted demand (402 units) exceeds available stock (41 units) | Supplier replenishment lead time is relatively high (4 days)
2026-08-22,S03,P442,Snacks,Crispo,70,89,2,1.25,410.0,Current closing stock (70 units) is at or below reorder threshold (89 units) | Critically low days of inventory (1.2 days remaining based on 7-day trend) | 7-day forecasted demand (410 units) exceeds available stock (70 units)
2026-08-23,S03,P442,Snacks,Crispo,29,82,1,0.52,412.0,Current closing stock (29 units) is at or below reorder threshold (82 units) | Critically low days of inventory (0.5 days remaining based on 7-day trend) | 7-day forecasted demand (412 units) exceeds available stock (29 units)
2026-08-24,S03,P442,Snacks,Crispo,61,98,4,1.08,408.0,Current closing stock (61 units) is at or below reorder threshold (98 units) | Critically low days of inventory (1.1 days remaining based on 7-day trend) | 7-day forecasted demand (408 units) exceeds available stock (61 units) | Supplier replenishment lead time is relatively high (4 days)
2026-08-25,S03,P442,Snacks,Crispo,44,97,3,0.75,405.0,Current closing stock (44 units) is at or below reorder threshold (97 units) | Critically low days of inventory (0.8 days remaining based on 7-day trend) | 7-day forecasted demand (405 units) exceeds available stock (44 units) | Supplier replenishment lead time is relatively high (3 days)
2026-08-26,S03,P442,Snacks,Crispo,79,107,3,1.39,393.0,Current closing stock (79 units) is at or below reorder threshold (107 units) | Critically low days of inventory (1.4 days remaining based on 7-day trend) | 7-day forecasted demand (393 units) exceeds available stock (79 units) | Supplier replenishment lead time is relatively high (3 days)
2026-08-27,S03,P442,Snacks,Crispo,89,90,1,1.5,395.0,Current closing stock (89 units) is at or below reorder threshold (90 units) | Critically low days of inventory (1.5 days remaining based on 7-day trend) | 7-day forecasted demand (395 units) exceeds available stock (89 units)
2026-08-28,S03,P442,Snacks,Crispo,59,103,2,1.0,398.0,Current closing stock (59 units) is at or below reorder threshold (103 units) | Critically low days of inventory (1.0 days remaining based on 7-day trend) | 7-day forecasted demand (398 units) exceeds available stock (59 units)
2026-08-29,S03,P442,Snacks,Crispo,90,117,2,1.57,391.0,Current closing stock (90 units) is at or below reorder threshold (117 units) | Critically low days of inventory (1.6 days remaining based on 7-day trend) | 7-day forecasted demand (391 units) exceeds available stock (90 units)
2026-08-30,S03,P442,Snacks,Crispo,32,107,1,0.55,380.0,Current closing stock (32 units) is at or below reorder threshold (107 units) | Critically low days of inventory (0.6 days remaining based on 7-day trend) | 7-day forecasted demand (380 units) exceeds available stock (32 units)
2026-08-31,S03,P442,Snacks,Crispo,110,115,2,1.87,387.0,Current closing stock (110 units) is at or below reorder threshold (115 units) | Critically low days of inventory (1.9 days remaining based on 7-day trend) | 7-day forecasted demand (387 units) exceeds available stock (110 units)
2026-09-01,S03,P442,Snacks,Crispo,95,87,4,1.63,402.0,Critically low days of inventory (1.6 days remaining based on 7-day trend) | 7-day forecasted demand (402 units) exceeds available stock (95 units) | Supplier replenishment lead time is relatively high (4 days)
2026-09-02,S03,P442,Snacks,Crispo,46,108,2,0.8,405.0,Current closing stock (46 units) is at or below reorder threshold (108 units) | Critically low days of inventory (0.8 days remaining based on 7-day trend) | 7-day forecasted demand (405 units) exceeds available stock (46 units)
2026-09-03,S03,P442,Snacks,Crispo,82,118,2,1.46,396.0,Current closing stock (82 units) is at or below reorder threshold (118 units) | Critically low days of inventory (1.5 days remaining based on 7-day trend) | 7-day forecasted demand (396 units) exceeds available stock (82 units)
2026-09-04,S03,P442,Snacks,Crispo,81,92,3,1.44,395.0,Current closing stock (81 units) is at or below reorder threshold (92 units) | Critically low days of inventory (1.4 days remaining based on 7-day trend) | 7-day forecasted demand (395 units) exceeds available stock (81 units) | Supplier replenishment lead time is relatively high (3 days)
2026-09-05,S03,P442,Snacks,Crispo,90,112,2,1.58,392.0,Current closing stock (90 units) is at or below reorder threshold (112 units) | Critically low days of inventory (1.6 days remaining based on 7-day trend) | 7-day forecasted demand (392 units) exceeds available stock (90 units)
2026-09-06,S03,P442,Snacks,Crispo,50,116,4,0.9,407.0,Current closing stock (50 units) is at or below reorder threshold (116 units) | Critically low days of inventory (0.9 days remaining based on 7-day trend) | 7-day forecasted demand (407 units) exceeds available stock (50 units) | Supplier replenishment lead time is relatively high (4 days)
2026-09-07,S03,P442,Snacks,Crispo,42,108,2,0.77,402.0,Current closing stock (42 units) is at or below reorder threshold (108 units) | Critically low days of inventory (0.8 days remaining based on 7-day trend) | 7-day forecasted demand (402 units) exceeds available stock (42 units)
2026-09-08,S03,P442,Snacks,Crispo,77,84,2,1.39,403.0,Current closing stock (77 units) is at or below reorder threshold (84 units) | Critically low days of inventory (1.4 days remaining based on 7-day trend) | 7-day forecasted demand (403 units) exceeds available stock (77 units)
2026-08-15,S04,P101,Dairy,Aavin,111,148,4,1.14,634.0,Current closing stock (111 units) is at or below reorder threshold (148 units) | Critically low days of inventory (1.1 days remaining based on 7-day trend) | 7-day forecasted demand (634 units) exceeds available stock (111 units) | Supplier replenishment lead time is relatively high (4 days)
2026-08-16,S04,P101,Dairy,Aavin,87,185,3,0.9,636.0,Current closing stock (87 units) is at or below reorder threshold (185 units) | Critically low days of inventory (0.9 days remaining based on 7-day trend) | 7-day forecasted demand (636 units) exceeds available stock (87 units) | Supplier replenishment lead time is relatively high (3 days)
2026-08-17,S04,P101,Dairy,Aavin,135,137,2,1.39,672.0,Current closing stock (135 units) is at or below reorder threshold (137 units) | Critically low days of inventory (1.4 days remaining based on 7-day trend) | 7-day forecasted demand (672 units) exceeds available stock (135 units)
2026-08-18,S04,P101,Dairy,Aavin,70,133,1,0.74,686.0,Current closing stock (70 units) is at or below reorder threshold (133 units) | Critically low days of inventory (0.7 days remaining based on 7-day trend) | 7-day forecasted demand (686 units) exceeds available stock (70 units)
2026-08-19,S04,P101,Dairy,Aavin,83,181,3,0.91,723.0,Current closing stock (83 units) is at or below reorder threshold (181 units) | Critically low days of inventory (0.9 days remaining based on 7-day trend) | 7-day forecasted demand (723 units) exceeds available stock (83 units) | Supplier replenishment lead time is relatively high (3 days)
2026-08-20,S04,P101,Dairy,Aavin,120,139,3,1.35,733.0,Current closing stock (120 units) is at or below reorder threshold (139 units) | Critically low days of inventory (1.4 days remaining based on 7-day trend) | 7-day forecasted demand (733 units) exceeds available stock (120 units) | Supplier replenishment lead time is relatively high (3 days)
2026-08-21,S04,P101,Dairy,Aavin,72,183,1,0.8,715.0,Current closing stock (72 units) is at or below reorder threshold (183 units) | Critically low days of inventory (0.8 days remaining based on 7-day trend) | 7-day forecasted demand (715 units) exceeds available stock (72 units)
2026-08-22,S04,P101,Dairy,Aavin,120,136,2,1.36,715.0,Current closing stock (120 units) is at or below reorder threshold (136 units) | Critically low days of inventory (1.4 days remaining based on 7-day trend) | 7-day forecasted demand (715 units) exceeds available stock (120 units)
2026-08-23,S04,P101,Dairy,Aavin,48,177,4,0.53,708.0,Current closing stock (48 units) is at or below reorder threshold (177 units) | Critically low days of inventory (0.5 days remaining based on 7-day trend) | 7-day forecasted demand (708 units) exceeds available stock (48 units) | Supplier replenishment lead time is relatively high (4 days)
2026-08-24,S04,P101,Dairy,Aavin,76,129,3,0.84,679.0,Current closing stock (76 units) is at or below reorder threshold (129 units) | Critically low days of inventory (0.8 days remaining based on 7-day trend) | 7-day forecasted demand (679 units) exceeds available stock (76 units) | Supplier replenishment lead time is relatively high (3 days)
2026-08-25,S04,P101,Dairy,Aavin,45,157,3,0.47,656.0,Current closing stock (45 units) is at or below reorder threshold (157 units) | Critically low days of inventory (0.5 days remaining based on 7-day trend) | 7-day forecasted demand (656 units) exceeds available stock (45 units) | Supplier replenishment lead time is relatively high (3 days)
2026-08-26,S04,P101,Dairy,Aavin,65,143,4,0.66,614.0,Current closing stock (65 units) is at or below reorder threshold (143 units) | Critically low days of inventory (0.7 days remaining based on 7-day trend) | 7-day forecasted demand (614 units) exceeds available stock (65 units) | Supplier replenishment lead time is relatively high (4 days)
2026-08-27,S04,P101,Dairy,Aavin,114,131,1,1.1,606.0,Current closing stock (114 units) is at or below reorder threshold (131 units) | Critically low days of inventory (1.1 days remaining based on 7-day trend) | 7-day forecasted demand (606 units) exceeds available stock (114 units)
2026-08-28,S04,P101,Dairy,Aavin,166,185,3,1.59,609.0,Current closing stock (166 units) is at or below reorder threshold (185 units) | Critically low days of inventory (1.6 days remaining based on 7-day trend) | 7-day forecasted demand (609 units) exceeds available stock (166 units) | Supplier replenishment lead time is relatively high (3 days)
2026-08-29,S04,P101,Dairy,Aavin,20,162,3,0.2,613.0,Current closing stock (20 units) is at or below reorder threshold (162 units) | Critically low days of inventory (0.2 days remaining based on 7-day trend) | 7-day forecasted demand (613 units) exceeds available stock (20 units) | Supplier replenishment lead time is relatively high (3 days)
2026-08-30,S04,P101,Dairy,Aavin,91,143,4,0.89,626.0,Current closing stock (91 units) is at or below reorder threshold (143 units) | Critically low days of inventory (0.9 days remaining based on 7-day trend) | 7-day forecasted demand (626 units) exceeds available stock (91 units) | Supplier replenishment lead time is relatively high (4 days)
2026-08-31,S04,P101,Dairy,Aavin,142,139,4,1.4,625.0,Critically low days of inventory (1.4 days remaining based on 7-day trend) | 7-day forecasted demand (625 units) exceeds available stock (142 units) | Supplier replenishment lead time is relatively high (4 days)
2026-09-01,S04,P101,Dairy,Aavin,80,136,4,0.82,636.0,Current closing stock (80 units) is at or below reorder threshold (136 units) | Critically low days of inventory (0.8 days remaining based on 7-day trend) | 7-day forecasted demand (636 units) exceeds available stock (80 units) | Supplier replenishment lead time is relatively high (4 days)
2026-09-02,S04,P101,Dairy,Aavin,152,131,4,1.62,639.0,Critically low days of inventory (1.6 days remaining based on 7-day trend) | 7-day forecasted demand (639 units) exceeds available stock (152 units) | Supplier replenishment lead time is relatively high (4 days)
2026-09-03,S04,P101,Dairy,Aavin,225,179,3,2.57,640.0,Critically low days of inventory (2.6 days remaining based on 7-day trend) | 7-day forecasted demand (640 units) exceeds available stock (225 units) | Supplier replenishment lead time is relatively high (3 days)
2026-09-04,S04,P101,Dairy,Aavin,73,134,3,0.84,672.0,Current closing stock (73 units) is at or below reorder threshold (134 units) | Critically low days of inventory (0.8 days remaining based on 7-day trend) | 7-day forecasted demand (672 units) exceeds available stock (73 units) | Supplier replenishment lead time is relatively high (3 days)
2026-09-05,S04,P101,Dairy,Aavin,78,186,3,0.9,643.0,Current closing stock (78 units) is at or below reorder threshold (186 units) | Critically low days of inventory (0.9 days remaining based on 7-day trend) | 7-day forecasted demand (643 units) exceeds available stock (78 units) | Supplier replenishment lead time is relatively high (3 days)
2026-09-06,S04,P101,Dairy,Aavin,78,150,3,0.89,644.0,Current closing stock (78 units) is at or below reorder threshold (150 units) | Critically low days of inventory (0.9 days remaining based on 7-day trend) | 7-day forecasted demand (644 units) exceeds available stock (78 units) | Supplier replenishment lead time is relatively high (3 days)
2026-09-07,S04,P101,Dairy,Aavin,125,171,1,1.4,629.0,Current closing stock (125 units) is at or below reorder threshold (171 units) | Critically low days of inventory (1.4 days remaining based on 7-day trend) | 7-day forecasted demand (629 units) exceeds available stock (125 units)
2026-09-08,S04,P101,Dairy,Aavin,60,132,3,0.67,635.0,Current closing stock (60 units) is at or below reorder threshold (132 units) | Critically low days of inventory (0.7 days remaining based on 7-day trend) | 7-day forecasted demand (635 units) exceeds available stock (60 units) | Supplier replenishment lead time is relatively high (3 days)
2026-08-15,S04,P205,Personal Care,GlowCare,23,26,4,1.39,128.0,Current closing stock (23 units) is at or below reorder threshold (26 units) | Critically low days of inventory (1.4 days remaining based on 7-day trend) | 7-day forecasted demand (128 units) exceeds available stock (23 units) | Supplier replenishment lead time is relatively high (4 days)
2026-08-16,S04,P205,Personal Care,GlowCare,7,26,2,0.42,125.0,Current closing stock (7 units) is at or below reorder threshold (26 units) | Critically low days of inventory (0.4 days remaining based on 7-day trend) | 7-day forecasted demand (125 units) exceeds available stock (7 units)
2026-08-17,S04,P205,Personal Care,GlowCare,33,25,1,1.99,122.0,Critically low days of inventory (2.0 days remaining based on 7-day trend) | 7-day forecasted demand (122 units) exceeds available stock (33 units)
2026-08-18,S04,P205,Personal Care,GlowCare,29,29,3,1.74,123.0,Current closing stock (29 units) is at or below reorder threshold (29 units) | Critically low days of inventory (1.7 days remaining based on 7-day trend) | 7-day forecasted demand (123 units) exceeds available stock (29 units) | Supplier replenishment lead time is relatively high (3 days)
2026-08-19,S04,P205,Personal Care,GlowCare,14,34,3,0.84,126.0,Current closing stock (14 units) is at or below reorder threshold (34 units) | Critically low days of inventory (0.8 days remaining based on 7-day trend) | 7-day forecasted demand (126 units) exceeds available stock (14 units) | Supplier replenishment lead time is relatively high (3 days)
2026-08-20,S04,P205,Personal Care,GlowCare,19,32,4,1.14,124.0,Current closing stock (19 units) is at or below reorder threshold (32 units) | Critically low days of inventory (1.1 days remaining based on 7-day trend) | 7-day forecasted demand (124 units) exceeds available stock (19 units) | Supplier replenishment lead time is relatively high (4 days)
2026-08-21,S04,P205,Personal Care,GlowCare,5,34,4,0.29,117.0,Current closing stock (5 units) is at or below reorder threshold (34 units) | Critically low days of inventory (0.3 days remaining based on 7-day trend) | 7-day forecasted demand (117 units) exceeds available stock (5 units) | Supplier replenishment lead time is relatively high (4 days)
2026-08-22,S04,P205,Personal Care,GlowCare,19,32,1,1.06,117.0,Current closing stock (19 units) is at or below reorder threshold (32 units) | Critically low days of inventory (1.1 days remaining based on 7-day trend) | 7-day forecasted demand (117 units) exceeds available stock (19 units)
2026-08-23,S04,P205,Personal Care,GlowCare,25,26,2,1.37,120.0,Current closing stock (25 units) is at or below reorder threshold (26 units) | Critically low days of inventory (1.4 days remaining based on 7-day trend) | 7-day forecasted demand (120 units) exceeds available stock (25 units)
2026-08-24,S04,P205,Personal Care,GlowCare,12,34,2,0.67,122.0,Current closing stock (12 units) is at or below reorder threshold (34 units) | Critically low days of inventory (0.7 days remaining based on 7-day trend) | 7-day forecasted demand (122 units) exceeds available stock (12 units)
2026-08-25,S04,P205,Personal Care,GlowCare,24,32,3,1.38,120.0,Current closing stock (24 units) is at or below reorder threshold (32 units) | Critically low days of inventory (1.4 days remaining based on 7-day trend) | 7-day forecasted demand (120 units) exceeds available stock (24 units) | Supplier replenishment lead time is relatively high (3 days)
2026-08-26,S04,P205,Personal Care,GlowCare,24,33,4,1.37,118.0,Current closing stock (24 units) is at or below reorder threshold (33 units) | Critically low days of inventory (1.4 days remaining based on 7-day trend) | 7-day forecasted demand (118 units) exceeds available stock (24 units) | Supplier replenishment lead time is relatively high (4 days)
2026-08-27,S04,P205,Personal Care,GlowCare,20,26,4,1.11,122.0,Current closing stock (20 units) is at or below reorder threshold (26 units) | Critically low days of inventory (1.1 days remaining based on 7-day trend) | 7-day forecasted demand (122 units) exceeds available stock (20 units) | Supplier replenishment lead time is relatively high (4 days)
2026-08-28,S04,P205,Personal Care,GlowCare,42,26,3,2.37,122.0,Critically low days of inventory (2.4 days remaining based on 7-day trend) | 7-day forecasted demand (122 units) exceeds available stock (42 units) | Supplier replenishment lead time is relatively high (3 days)
2026-08-29,S04,P205,Personal Care,GlowCare,5,34,4,0.3,118.0,Current closing stock (5 units) is at or below reorder threshold (34 units) | Critically low days of inventory (0.3 days remaining based on 7-day trend) | 7-day forecasted demand (118 units) exceeds available stock (5 units) | Supplier replenishment lead time is relatively high (4 days)
2026-08-30,S04,P205,Personal Care,GlowCare,21,25,4,1.26,115.0,Current closing stock (21 units) is at or below reorder threshold (25 units) | Critically low days of inventory (1.3 days remaining based on 7-day trend) | 7-day forecasted demand (115 units) exceeds available stock (21 units) | Supplier replenishment lead time is relatively high (4 days)
2026-08-31,S04,P205,Personal Care,GlowCare,30,34,1,1.75,114.0,Current closing stock (30 units) is at or below reorder threshold (34 units) | Critically low days of inventory (1.8 days remaining based on 7-day trend) | 7-day forecasted demand (114 units) exceeds available stock (30 units)
2026-09-01,S04,P205,Personal Care,GlowCare,13,30,1,0.75,112.0,Current closing stock (13 units) is at or below reorder threshold (30 units) | Critically low days of inventory (0.8 days remaining based on 7-day trend) | 7-day forecasted demand (112 units) exceeds available stock (13 units)
2026-09-02,S04,P205,Personal Care,GlowCare,11,30,3,0.64,111.0,Current closing stock (11 units) is at or below reorder threshold (30 units) | Critically low days of inventory (0.6 days remaining based on 7-day trend) | 7-day forecasted demand (111 units) exceeds available stock (11 units) | Supplier replenishment lead time is relatively high (3 days)
2026-09-03,S04,P205,Personal Care,GlowCare,19,24,2,1.13,110.0,Current closing stock (19 units) is at or below reorder threshold (24 units) | Critically low days of inventory (1.1 days remaining based on 7-day trend) | 7-day forecasted demand (110 units) exceeds available stock (19 units)
2026-09-04,S04,P205,Personal Care,GlowCare,25,31,1,1.43,112.0,Current closing stock (25 units) is at or below reorder threshold (31 units) | Critically low days of inventory (1.4 days remaining based on 7-day trend) | 7-day forecasted demand (112 units) exceeds available stock (25 units)
2026-09-05,S04,P205,Personal Care,GlowCare,6,31,4,0.34,114.0,Current closing stock (6 units) is at or below reorder threshold (31 units) | Critically low days of inventory (0.3 days remaining based on 7-day trend) | 7-day forecasted demand (114 units) exceeds available stock (6 units) | Supplier replenishment lead time is relatively high (4 days)
2026-09-06,S04,P205,Personal Care,GlowCare,26,25,1,1.54,120.0,Critically low days of inventory (1.5 days remaining based on 7-day trend) | 7-day forecasted demand (120 units) exceeds available stock (26 units)
2026-09-07,S04,P205,Personal Care,GlowCare,18,27,3,1.1,121.0,Current closing stock (18 units) is at or below reorder threshold (27 units) | Critically low days of inventory (1.1 days remaining based on 7-day trend) | 7-day forecasted demand (121 units) exceeds available stock (18 units) | Supplier replenishment lead time is relatively high (3 days)
2026-09-08,S04,P205,Personal Care,GlowCare,15,29,2,0.92,126.0,Current closing stock (15 units) is at or below reorder threshold (29 units) | Critically low days of inventory (0.9 days remaining based on 7-day trend) | 7-day forecasted demand (126 units) exceeds available stock (15 units)
2026-08-15,S04,P330,Beverages,FizzUp,148,219,3,1.15,829.0,Current closing stock (148 units) is at or below reorder threshold (219 units) | Critically low days of inventory (1.1 days remaining based on 7-day trend) | 7-day forecasted demand (829 units) exceeds available stock (148 units) | Supplier replenishment lead time is relatively high (3 days)
2026-08-16,S04,P330,Beverages,FizzUp,113,165,1,0.9,805.0,Current closing stock (113 units) is at or below reorder threshold (165 units) | Critically low days of inventory (0.9 days remaining based on 7-day trend) | 7-day forecasted demand (805 units) exceeds available stock (113 units)
2026-08-17,S04,P330,Beverages,FizzUp,166,183,2,1.35,799.0,Current closing stock (166 units) is at or below reorder threshold (183 units) | Critically low days of inventory (1.4 days remaining based on 7-day trend) | 7-day forecasted demand (799 units) exceeds available stock (166 units)
2026-08-18,S04,P330,Beverages,FizzUp,147,196,2,1.19,821.0,Current closing stock (147 units) is at or below reorder threshold (196 units) | Critically low days of inventory (1.2 days remaining based on 7-day trend) | 7-day forecasted demand (821 units) exceeds available stock (147 units)
2026-08-19,S04,P330,Beverages,FizzUp,137,168,2,1.08,861.0,Current closing stock (137 units) is at or below reorder threshold (168 units) | Critically low days of inventory (1.1 days remaining based on 7-day trend) | 7-day forecasted demand (861 units) exceeds available stock (137 units)
2026-08-20,S04,P330,Beverages,FizzUp,77,205,2,0.61,911.0,Current closing stock (77 units) is at or below reorder threshold (205 units) | Critically low days of inventory (0.6 days remaining based on 7-day trend) | 7-day forecasted demand (911 units) exceeds available stock (77 units)
2026-08-21,S04,P330,Beverages,FizzUp,65,182,2,0.55,895.0,Current closing stock (65 units) is at or below reorder threshold (182 units) | Critically low days of inventory (0.6 days remaining based on 7-day trend) | 7-day forecasted demand (895 units) exceeds available stock (65 units)
2026-08-22,S04,P330,Beverages,FizzUp,191,191,4,1.59,915.0,Current closing stock (191 units) is at or below reorder threshold (191 units) | Critically low days of inventory (1.6 days remaining based on 7-day trend) | 7-day forecasted demand (915 units) exceeds available stock (191 units) | Supplier replenishment lead time is relatively high (4 days)
2026-08-23,S04,P330,Beverages,FizzUp,56,209,4,0.47,951.0,Current closing stock (56 units) is at or below reorder threshold (209 units) | Critically low days of inventory (0.5 days remaining based on 7-day trend) | 7-day forecasted demand (951 units) exceeds available stock (56 units) | Supplier replenishment lead time is relatively high (4 days)
2026-08-24,S04,P330,Beverages,FizzUp,121,203,3,1.05,943.0,Current closing stock (121 units) is at or below reorder threshold (203 units) | Critically low days of inventory (1.1 days remaining based on 7-day trend) | 7-day forecasted demand (943 units) exceeds available stock (121 units) | Supplier replenishment lead time is relatively high (3 days)
2026-08-25,S04,P330,Beverages,FizzUp,64,170,1,0.56,873.0,Current closing stock (64 units) is at or below reorder threshold (170 units) | Critically low days of inventory (0.6 days remaining based on 7-day trend) | 7-day forecasted demand (873 units) exceeds available stock (64 units)
2026-08-26,S04,P330,Beverages,FizzUp,161,204,3,1.37,824.0,Current closing stock (161 units) is at or below reorder threshold (204 units) | Critically low days of inventory (1.4 days remaining based on 7-day trend) | 7-day forecasted demand (824 units) exceeds available stock (161 units) | Supplier replenishment lead time is relatively high (3 days)
2026-08-27,S04,P330,Beverages,FizzUp,123,229,3,1.0,790.0,Current closing stock (123 units) is at or below reorder threshold (229 units) | Critically low days of inventory (1.0 days remaining based on 7-day trend) | 7-day forecasted demand (790 units) exceeds available stock (123 units) | Supplier replenishment lead time is relatively high (3 days)
2026-08-28,S04,P330,Beverages,FizzUp,175,219,4,1.34,768.0,Current closing stock (175 units) is at or below reorder threshold (219 units) | Critically low days of inventory (1.3 days remaining based on 7-day trend) | 7-day forecasted demand (768 units) exceeds available stock (175 units) | Supplier replenishment lead time is relatively high (4 days)
2026-08-29,S04,P330,Beverages,FizzUp,79,216,4,0.62,796.0,Current closing stock (79 units) is at or below reorder threshold (216 units) | Critically low days of inventory (0.6 days remaining based on 7-day trend) | 7-day forecasted demand (796 units) exceeds available stock (79 units) | Supplier replenishment lead time is relatively high (4 days)
2026-08-30,S04,P330,Beverages,FizzUp,82,206,3,0.63,767.0,Current closing stock (82 units) is at or below reorder threshold (206 units) | Critically low days of inventory (0.6 days remaining based on 7-day trend) | 7-day forecasted demand (767 units) exceeds available stock (82 units) | Supplier replenishment lead time is relatively high (3 days)
2026-08-31,S04,P330,Beverages,FizzUp,78,200,4,0.57,772.0,Current closing stock (78 units) is at or below reorder threshold (200 units) | Critically low days of inventory (0.6 days remaining based on 7-day trend) | 7-day forecasted demand (772 units) exceeds available stock (78 units) | Supplier replenishment lead time is relatively high (4 days)
2026-09-01,S04,P330,Beverages,FizzUp,207,207,4,1.54,803.0,Current closing stock (207 units) is at or below reorder threshold (207 units) | Critically low days of inventory (1.5 days remaining based on 7-day trend) | 7-day forecasted demand (803 units) exceeds available stock (207 units) | Supplier replenishment lead time is relatively high (4 days)
2026-09-02,S04,P330,Beverages,FizzUp,153,183,3,1.23,839.0,Current closing stock (153 units) is at or below reorder threshold (183 units) | Critically low days of inventory (1.2 days remaining based on 7-day trend) | 7-day forecasted demand (839 units) exceeds available stock (153 units) | Supplier replenishment lead time is relatively high (3 days)
2026-09-03,S04,P330,Beverages,FizzUp,94,197,3,0.8,819.0,Current closing stock (94 units) is at or below reorder threshold (197 units) | Critically low days of inventory (0.8 days remaining based on 7-day trend) | 7-day forecasted demand (819 units) exceeds available stock (94 units) | Supplier replenishment lead time is relatively high (3 days)
2026-09-04,S04,P330,Beverages,FizzUp,135,237,2,1.2,834.0,Current closing stock (135 units) is at or below reorder threshold (237 units) | Critically low days of inventory (1.2 days remaining based on 7-day trend) | 7-day forecasted demand (834 units) exceeds available stock (135 units)
2026-09-05,S04,P330,Beverages,FizzUp,22,199,1,0.2,792.0,Current closing stock (22 units) is at or below reorder threshold (199 units) | Critically low days of inventory (0.2 days remaining based on 7-day trend) | 7-day forecasted demand (792 units) exceeds available stock (22 units)
2026-09-06,S04,P330,Beverages,FizzUp,157,216,2,1.38,818.0,Current closing stock (157 units) is at or below reorder threshold (216 units) | Critically low days of inventory (1.4 days remaining based on 7-day trend) | 7-day forecasted demand (818 units) exceeds available stock (157 units)
2026-09-07,S04,P330,Beverages,FizzUp,286,213,3,2.61,818.0,Critically low days of inventory (2.6 days remaining based on 7-day trend) | 7-day forecasted demand (818 units) exceeds available stock (286 units) | Supplier replenishment lead time is relatively high (3 days)
2026-09-08,S04,P330,Beverages,FizzUp,59,197,1,0.53,807.0,Current closing stock (59 units) is at or below reorder threshold (197 units) | Critically low days of inventory (0.5 days remaining based on 7-day trend) | 7-day forecasted demand (807 units) exceeds available stock (59 units)
2026-08-15,S04,P442,Snacks,Crispo,107,124,3,1.54,525.0,Current closing stock (107 units) is at or below reorder threshold (124 units) | Critically low days of inventory (1.5 days remaining based on 7-day trend) | 7-day forecasted demand (525 units) exceeds available stock (107 units) | Supplier replenishment lead time is relatively high (3 days)
2026-08-16,S04,P442,Snacks,Crispo,97,125,1,1.4,521.0,Current closing stock (97 units) is at or below reorder threshold (125 units) | Critically low days of inventory (1.4 days remaining based on 7-day trend) | 7-day forecasted demand (521 units) exceeds available stock (97 units)
2026-08-17,S04,P442,Snacks,Crispo,87,139,3,1.24,506.0,Current closing stock (87 units) is at or below reorder threshold (139 units) | Critically low days of inventory (1.2 days remaining based on 7-day trend) | 7-day forecasted demand (506 units) exceeds available stock (87 units) | Supplier replenishment lead time is relatively high (3 days)
2026-08-18,S04,P442,Snacks,Crispo,20,135,1,0.28,504.0,Current closing stock (20 units) is at or below reorder threshold (135 units) | Critically low days of inventory (0.3 days remaining based on 7-day trend) | 7-day forecasted demand (504 units) exceeds available stock (20 units)
2026-08-19,S04,P442,Snacks,Crispo,111,135,3,1.46,505.0,Current closing stock (111 units) is at or below reorder threshold (135 units) | Critically low days of inventory (1.5 days remaining based on 7-day trend) | 7-day forecasted demand (505 units) exceeds available stock (111 units) | Supplier replenishment lead time is relatively high (3 days)
2026-08-20,S04,P442,Snacks,Crispo,101,146,4,1.34,510.0,Current closing stock (101 units) is at or below reorder threshold (146 units) | Critically low days of inventory (1.3 days remaining based on 7-day trend) | 7-day forecasted demand (510 units) exceeds available stock (101 units) | Supplier replenishment lead time is relatively high (4 days)
2026-08-21,S04,P442,Snacks,Crispo,138,145,3,1.81,543.0,Current closing stock (138 units) is at or below reorder threshold (145 units) | Critically low days of inventory (1.8 days remaining based on 7-day trend) | 7-day forecasted demand (543 units) exceeds available stock (138 units) | Supplier replenishment lead time is relatively high (3 days)
2026-08-22,S04,P442,Snacks,Crispo,103,122,4,1.38,533.0,Current closing stock (103 units) is at or below reorder threshold (122 units) | Critically low days of inventory (1.4 days remaining based on 7-day trend) | 7-day forecasted demand (533 units) exceeds available stock (103 units) | Supplier replenishment lead time is relatively high (4 days)
2026-08-23,S04,P442,Snacks,Crispo,114,128,2,1.52,525.0,Current closing stock (114 units) is at or below reorder threshold (128 units) | Critically low days of inventory (1.5 days remaining based on 7-day trend) | 7-day forecasted demand (525 units) exceeds available stock (114 units)
2026-08-24,S04,P442,Snacks,Crispo,98,145,3,1.32,513.0,Current closing stock (98 units) is at or below reorder threshold (145 units) | Critically low days of inventory (1.3 days remaining based on 7-day trend) | 7-day forecasted demand (513 units) exceeds available stock (98 units) | Supplier replenishment lead time is relatively high (3 days)
2026-08-25,S04,P442,Snacks,Crispo,24,136,3,0.33,505.0,Current closing stock (24 units) is at or below reorder threshold (136 units) | Critically low days of inventory (0.3 days remaining based on 7-day trend) | 7-day forecasted demand (505 units) exceeds available stock (24 units) | Supplier replenishment lead time is relatively high (3 days)
2026-08-26,S04,P442,Snacks,Crispo,112,115,4,1.56,511.0,Current closing stock (112 units) is at or below reorder threshold (115 units) | Critically low days of inventory (1.6 days remaining based on 7-day trend) | 7-day forecasted demand (511 units) exceeds available stock (112 units) | Supplier replenishment lead time is relatively high (4 days)
2026-08-27,S04,P442,Snacks,Crispo,51,113,2,0.71,524.0,Current closing stock (51 units) is at or below reorder threshold (113 units) | Critically low days of inventory (0.7 days remaining based on 7-day trend) | 7-day forecasted demand (524 units) exceeds available stock (51 units)
2026-08-28,S04,P442,Snacks,Crispo,48,103,1,0.66,505.0,Current closing stock (48 units) is at or below reorder threshold (103 units) | Critically low days of inventory (0.7 days remaining based on 7-day trend) | 7-day forecasted demand (505 units) exceeds available stock (48 units)
2026-08-29,S04,P442,Snacks,Crispo,107,123,4,1.38,526.0,Current closing stock (107 units) is at or below reorder threshold (123 units) | Critically low days of inventory (1.4 days remaining based on 7-day trend) | 7-day forecasted demand (526 units) exceeds available stock (107 units) | Supplier replenishment lead time is relatively high (4 days)
2026-08-30,S04,P442,Snacks,Crispo,111,110,4,1.46,535.0,Critically low days of inventory (1.5 days remaining based on 7-day trend) | 7-day forecasted demand (535 units) exceeds available stock (111 units) | Supplier replenishment lead time is relatively high (4 days)
2026-08-31,S04,P442,Snacks,Crispo,114,108,2,1.52,556.0,Critically low days of inventory (1.5 days remaining based on 7-day trend) | 7-day forecasted demand (556 units) exceeds available stock (114 units)
2026-09-01,S04,P442,Snacks,Crispo,73,106,2,1.0,547.0,Current closing stock (73 units) is at or below reorder threshold (106 units) | Critically low days of inventory (1.0 days remaining based on 7-day trend) | 7-day forecasted demand (547 units) exceeds available stock (73 units)
2026-09-02,S04,P442,Snacks,Crispo,74,123,4,1.03,542.0,Current closing stock (74 units) is at or below reorder threshold (123 units) | Critically low days of inventory (1.0 days remaining based on 7-day trend) | 7-day forecasted demand (542 units) exceeds available stock (74 units) | Supplier replenishment lead time is relatively high (4 days)
2026-09-03,S04,P442,Snacks,Crispo,65,120,3,0.89,517.0,Current closing stock (65 units) is at or below reorder threshold (120 units) | Critically low days of inventory (0.9 days remaining based on 7-day trend) | 7-day forecasted demand (517 units) exceeds available stock (65 units) | Supplier replenishment lead time is relatively high (3 days)
2026-09-04,S04,P442,Snacks,Crispo,98,123,2,1.31,504.0,Current closing stock (98 units) is at or below reorder threshold (123 units) | Critically low days of inventory (1.3 days remaining based on 7-day trend) | 7-day forecasted demand (504 units) exceeds available stock (98 units)
2026-09-05,S04,P442,Snacks,Crispo,87,140,3,1.21,504.0,Current closing stock (87 units) is at or below reorder threshold (140 units) | Critically low days of inventory (1.2 days remaining based on 7-day trend) | 7-day forecasted demand (504 units) exceeds available stock (87 units) | Supplier replenishment lead time is relatively high (3 days)
2026-09-06,S04,P442,Snacks,Crispo,61,127,3,0.81,521.0,Current closing stock (61 units) is at or below reorder threshold (127 units) | Critically low days of inventory (0.8 days remaining based on 7-day trend) | 7-day forecasted demand (521 units) exceeds available stock (61 units) | Supplier replenishment lead time is relatively high (3 days)
2026-09-07,S04,P442,Snacks,Crispo,107,104,2,1.4,500.0,Critically low days of inventory (1.4 days remaining based on 7-day trend) | 7-day forecasted demand (500 units) exceeds available stock (107 units)
2026-09-08,S04,P442,Snacks,Crispo,158,146,4,1.99,499.0,Critically low days of inventory (2.0 days remaining based on 7-day trend) | 7-day forecasted demand (499 units) exceeds available stock (158 units) | Supplier replenishment lead time is relatively high (4 days)
