date,store_id,product_id,city,store_type,region,category,sub_category,brand,mrp,cost_price,unit_margin,shelf_life_days,supplier_id,floor_area_sqft,avg_daily_customers,opening,received,sold,closing,reorder_lvl,lead_days,inventory_balance_valid,inventory_reconciled_flag,daily_demand,tx_units_sold,tx_total_revenue,tx_transaction_count,tx_avg_discount_pct,tx_promo_flag,tx_effective_price,daily_gross_profit,is_stockout,reorder_required,temp_c,rain_mm,holiday,festival,weekend,local_event
2026-08-01,S01,P101,Coimbatore,Supermarket,West,Dairy,Milk,Aavin,60,52,8,3,SUP01,8500,1250,263,0,79,184,199,3,True,1,79,65,3900.0,2,0.0,0,60.0,632.0,0,1,29.7,2.3,0,0,1,0
2026-08-01,S01,P205,Coimbatore,Supermarket,West,Personal Care,Shampoo,GlowCare,120,79,41,730,SUP08,8500,1250,42,0,26,16,37,3,True,1,26,26,3120.0,3,0.0,1,120.0,1066.0,0,1,29.7,2.3,0,0,1,0
2026-08-01,S01,P330,Coimbatore,Supermarket,West,Beverages,Soft Drink,FizzUp,50,31,19,180,SUP04,8500,1250,323,30,145,208,183,4,True,1,145,145,7250.0,3,0.0,0,50.0,2755.0,0,0,29.7,2.3,0,0,1,0
2026-08-01,S01,P442,Coimbatore,Supermarket,West,Snacks,Biscuits,Crispo,35,22,13,240,SUP06,8500,1250,192,0,74,118,150,1,True,1,74,74,2590.0,3,0.0,0,35.0,962.0,0,1,29.7,2.3,0,0,1,0
2026-08-01,S02,P101,Chennai,Hypermarket,North,Dairy,Milk,Aavin,60,52,8,3,SUP01,18000,2850,256,0,147,109,268,1,True,1,147,147,8820.0,3,0.0,0,60.0,1176.0,0,1,31.3,4.6,0,0,1,0
2026-08-01,S02,P205,Chennai,Hypermarket,North,Personal Care,Shampoo,GlowCare,120,79,41,730,SUP08,18000,2850,64,0,29,35,46,4,True,1,29,29,3480.0,3,0.0,0,120.0,1189.0,0,1,31.3,4.6,0,0,1,0
2026-08-01,S02,P330,Chennai,Hypermarket,North,Beverages,Soft Drink,FizzUp,50,31,19,180,SUP04,18000,2850,429,0,172,257,256,1,True,1,172,172,8600.0,3,0.0,0,50.0,3268.0,0,0,31.3,4.6,0,0,1,0
2026-08-01,S02,P442,Chennai,Hypermarket,North,Snacks,Biscuits,Crispo,35,22,13,240,SUP06,18000,2850,206,15,96,125,175,3,True,1,96,96,3360.0,3,0.0,0,35.0,1248.0,0,1,31.3,4.6,0,0,1,0
2026-08-01,S03,P101,Madurai,Express,South,Dairy,Milk,Aavin,60,52,8,3,SUP01,4200,720,147,24,83,88,146,3,True,1,83,83,4980.0,3,0.0,1,60.0,664.0,0,1,36.4,6.8,0,0,1,1
2026-08-01,S03,P205,Madurai,Express,South,Personal Care,Shampoo,GlowCare,120,79,41,730,SUP08,4200,720,32,0,14,18,28,2,True,1,14,14,1680.0,3,0.0,0,120.0,574.0,0,1,36.4,6.8,0,0,1,1
2026-08-01,S03,P330,Madurai,Express,South,Beverages,Soft Drink,FizzUp,50,31,19,180,SUP04,4200,720,234,38,87,185,136,3,True,1,87,87,4350.0,3,0.0,0,50.0,1653.0,0,0,36.4,6.8,0,0,1,1
2026-08-01,S03,P442,Madurai,Express,South,Snacks,Biscuits,Crispo,35,22,13,240,SUP06,4200,720,87,0,57,30,115,3,True,1,57,57,1995.0,3,0.0,0,35.0,741.0,0,1,36.4,6.8,0,0,1,1
2026-08-01,S04,P101,Salem,Supermarket,Central,Dairy,Milk,Aavin,60,52,8,3,SUP01,7600,1080,129,73,126,76,128,4,True,1,126,126,7560.0,3,0.0,1,60.0,1008.0,0,1,29.1,0.4,0,0,1,0
2026-08-01,S04,P205,Salem,Supermarket,Central,Personal Care,Shampoo,GlowCare,120,79,41,730,SUP08,7600,1080,39,0,17,22,30,3,True,1,17,17,2040.0,3,0.0,0,120.0,697.0,0,1,29.1,0.4,0,0,1,0
2026-08-01,S04,P330,Salem,Supermarket,Central,Beverages,Soft Drink,FizzUp,50,31,19,180,SUP04,7600,1080,231,101,110,222,183,3,True,1,110,110,5500.0,3,0.0,0,50.0,2090.0,0,0,29.1,0.4,0,0,1,0
2026-08-01,S04,P442,Salem,Supermarket,Central,Snacks,Biscuits,Crispo,35,22,13,240,SUP06,7600,1080,185,0,69,116,115,1,True,1,69,69,2415.0,3,0.0,0,35.0,897.0,0,0,29.1,0.4,0,0,1,0
2026-08-02,S01,P101,Coimbatore,Supermarket,West,Dairy,Milk,Aavin,60,52,8,3,SUP01,8500,1250,166,49,111,104,145,3,True,1,111,111,6660.0,3,0.0,0,60.0,888.0,0,1,28.1,0.0,0,0,1,0
2026-08-02,S01,P205,Coimbatore,Supermarket,West,Personal Care,Shampoo,GlowCare,120,79,41,730,SUP08,8500,1250,33,0,19,14,27,4,True,1,19,19,2280.0,3,0.0,0,120.0,779.0,0,1,28.1,0.0,0,0,1,0
2026-08-02,S01,P330,Coimbatore,Supermarket,West,Beverages,Soft Drink,FizzUp,50,31,19,180,SUP04,8500,1250,331,0,157,174,183,4,True,1,157,157,7457.5,3,5.0,1,47.5,2590.5,0,1,28.1,0.0,0,0,1,0
2026-08-02,S01,P442,Coimbatore,Supermarket,West,Snacks,Biscuits,Crispo,35,22,13,240,SUP06,8500,1250,201,0,75,126,125,2,True,1,75,75,2625.0,3,0.0,0,35.0,975.0,0,0,28.1,0.0,0,0,1,0
2026-08-02,S02,P101,Chennai,Hypermarket,North,Dairy,Milk,Aavin,60,52,8,3,SUP01,18000,2850,207,51,126,132,280,1,True,1,126,126,7560.0,3,0.0,0,60.0,1008.0,0,1,31.0,0.0,0,0,1,0
2026-08-02,S02,P205,Chennai,Hypermarket,North,Personal Care,Shampoo,GlowCare,120,79,41,730,SUP08,18000,2850,55,0,30,25,37,3,True,1,30,30,3600.0,3,0.0,0,120.0,1230.0,0,1,31.0,0.0,0,0,1,0
2026-08-02,S02,P330,Chennai,Hypermarket,North,Beverages,Soft Drink,FizzUp,50,31,19,180,SUP04,18000,2850,339,0,235,104,349,3,True,1,235,235,11162.5,3,5.0,1,47.5,3877.5,0,1,31.0,0.0,0,0,1,0
2026-08-02,S02,P442,Chennai,Hypermarket,North,Snacks,Biscuits,Crispo,35,22,13,240,SUP06,18000,2850,196,0,114,82,179,2,True,1,114,114,3990.0,3,0.0,0,35.0,1482.0,0,1,31.0,0.0,0,0,1,0
2026-08-02,S03,P101,Madurai,Express,South,Dairy,Milk,Aavin,60,52,8,3,SUP01,4200,720,153,0,89,64,137,4,True,1,89,89,5340.0,3,0.0,1,60.0,712.0,0,1,35.0,0.0,0,0,1,0
2026-08-02,S03,P205,Madurai,Express,South,Personal Care,Shampoo,GlowCare,120,79,41,730,SUP08,4200,720,23,0,12,11,24,4,True,1,12,12,1440.0,3,0.0,0,120.0,492.0,0,1,35.0,0.0,0,0,1,0
2026-08-02,S03,P330,Madurai,Express,South,Beverages,Soft Drink,FizzUp,50,31,19,180,SUP04,4200,720,138,67,103,102,163,1,True,1,103,103,5150.0,3,0.0,0,50.0,1957.0,0,1,35.0,0.0,0,0,1,0
2026-08-02,S03,P442,Madurai,Express,South,Snacks,Biscuits,Crispo,35,22,13,240,SUP06,4200,720,132,0,59,73,107,3,True,1,59,59,2065.0,3,0.0,0,35.0,767.0,0,1,35.0,0.0,0,0,1,0
2026-08-02,S04,P101,Salem,Supermarket,Central,Dairy,Milk,Aavin,60,52,8,3,SUP01,7600,1080,154,0,112,42,179,2,True,1,112,112,6720.0,3,0.0,1,60.0,896.0,0,1,28.7,0.0,0,0,1,0
2026-08-02,S04,P205,Salem,Supermarket,Central,Personal Care,Shampoo,GlowCare,120,79,41,730,SUP08,7600,1080,39,6,18,27,29,1,True,1,18,18,2160.0,3,0.0,0,120.0,738.0,0,1,28.7,0.0,0,0,1,0
2026-08-02,S04,P330,Salem,Supermarket,Central,Beverages,Soft Drink,FizzUp,50,31,19,180,SUP04,7600,1080,168,0,163,5,201,3,True,1,163,163,7335.0,3,10.0,1,45.0,2282.0,0,1,28.7,0.0,0,0,1,0
2026-08-02,S04,P442,Salem,Supermarket,Central,Snacks,Biscuits,Crispo,35,22,13,240,SUP06,7600,1080,162,0,79,83,136,3,True,1,79,79,2765.0,3,0.0,0,35.0,1027.0,0,1,28.7,0.0,0,0,1,0
2026-08-03,S01,P101,Coimbatore,Supermarket,West,Dairy,Milk,Aavin,60,52,8,3,SUP01,8500,1250,201,0,86,115,167,2,True,1,86,86,5160.0,3,0.0,0,60.0,688.0,0,1,28.8,7.9,0,0,0,0
2026-08-03,S01,P205,Coimbatore,Supermarket,West,Personal Care,Shampoo,GlowCare,120,79,41,730,SUP08,8500,1250,28,0,19,9,37,3,True,1,19,19,2280.0,3,0.0,0,120.0,779.0,0,1,28.8,7.9,0,0,0,0
2026-08-03,S01,P330,Coimbatore,Supermarket,West,Beverages,Soft Drink,FizzUp,50,31,19,180,SUP04,8500,1250,212,0,122,90,243,2,True,1,122,122,6100.0,3,0.0,0,50.0,2318.0,0,1,28.8,7.9,0,0,0,0
2026-08-03,S01,P442,Coimbatore,Supermarket,West,Snacks,Biscuits,Crispo,35,22,13,240,SUP06,8500,1250,115,0,81,34,145,2,True,1,81,81,2835.0,3,0.0,0,35.0,1053.0,0,1,28.8,7.9,0,0,0,0
2026-08-03,S02,P101,Chennai,Hypermarket,North,Dairy,Milk,Aavin,60,52,8,3,SUP01,18000,2850,323,0,131,192,248,3,True,1,131,131,7860.0,3,0.0,0,60.0,1048.0,0,1,31.7,0.0,0,0,0,0
2026-08-03,S02,P205,Chennai,Hypermarket,North,Personal Care,Shampoo,GlowCare,120,79,41,730,SUP08,18000,2850,46,0,26,20,40,3,True,1,26,26,3120.0,3,0.0,0,120.0,1066.0,0,1,31.7,0.0,0,0,0,0
2026-08-03,S02,P330,Chennai,Hypermarket,North,Beverages,Soft Drink,FizzUp,50,31,19,180,SUP04,18000,2850,416,0,200,216,282,2,True,1,200,200,10000.0,3,0.0,0,50.0,3800.0,0,1,31.7,0.0,0,0,0,0
2026-08-03,S02,P442,Chennai,Hypermarket,North,Snacks,Biscuits,Crispo,35,22,13,240,SUP06,18000,2850,234,114,106,242,217,1,True,1,106,106,3710.0,3,0.0,1,35.0,1378.0,0,0,31.7,0.0,0,0,0,0
2026-08-03,S03,P101,Madurai,Express,South,Dairy,Milk,Aavin,60,52,8,3,SUP01,4200,720,105,63,86,82,145,2,True,1,86,86,4644.0,3,10.0,1,54.0,172.0,0,1,35.05,0.0,0,0,0,1
2026-08-03,S03,P205,Madurai,Express,South,Personal Care,Shampoo,GlowCare,120,79,41,730,SUP08,4200,720,22,0,14,8,27,2,True,1,14,14,1680.0,3,0.0,0,120.0,574.0,0,1,35.05,0.0,0,0,0,1
2026-08-03,S03,P330,Madurai,Express,South,Beverages,Soft Drink,FizzUp,50,31,19,180,SUP04,4200,720,172,0,101,71,184,4,True,1,101,101,5050.0,3,0.0,0,50.0,1919.0,0,1,35.05,0.0,0,0,0,1
2026-08-03,S03,P442,Madurai,Express,South,Snacks,Biscuits,Crispo,35,22,13,240,SUP06,4200,720,98,13,59,52,91,3,True,1,59,59,2065.0,3,0.0,0,35.0,767.0,0,1,35.05,0.0,0,0,0,1
2026-08-03,S04,P101,Salem,Supermarket,Central,Dairy,Milk,Aavin,60,52,8,3,SUP01,7600,1080,202,0,101,101,161,4,True,1,101,101,6060.0,3,0.0,1,60.0,808.0,0,1,30.5,12.4,0,0,0,0
2026-08-03,S04,P205,Salem,Supermarket,Central,Personal Care,Shampoo,GlowCare,120,79,41,730,SUP08,7600,1080,35,0,15,20,33,2,True,1,15,15,1800.0,3,0.0,0,120.0,615.0,0,1,30.5,12.4,0,0,0,0
2026-08-03,S04,P330,Salem,Supermarket,Central,Beverages,Soft Drink,FizzUp,50,31,19,180,SUP04,7600,1080,181,16,107,90,197,2,True,1,107,107,5350.0,3,0.0,0,50.0,2033.0,0,1,30.5,12.4,0,0,0,0
2026-08-03,S04,P442,Salem,Supermarket,Central,Snacks,Biscuits,Crispo,35,22,13,240,SUP06,7600,1080,183,5,59,129,136,2,True,1,59,59,2065.0,3,0.0,0,35.0,767.0,0,1,30.5,12.4,0,0,0,0
2026-08-04,S01,P101,Coimbatore,Supermarket,West,Dairy,Milk,Aavin,60,52,8,3,SUP01,8500,1250,195,0,97,98,191,2,True,1,97,97,5820.0,3,0.0,0,60.0,776.0,0,1,29.8,6.5,0,0,0,0
2026-08-04,S01,P205,Coimbatore,Supermarket,West,Personal Care,Shampoo,GlowCare,120,79,41,730,SUP08,8500,1250,30,16,23,23,33,2,True,1,23,23,2346.0,3,15.0,1,102.0,529.0,0,1,29.8,6.5,0,0,0,0
2026-08-04,S01,P330,Coimbatore,Supermarket,West,Beverages,Soft Drink,FizzUp,50,31,19,180,SUP04,8500,1250,233,141,135,239,229,4,True,1,135,135,6750.0,3,0.0,0,50.0,2565.0,0,0,29.8,6.5,0,0,0,0
2026-08-04,S01,P442,Coimbatore,Supermarket,West,Snacks,Biscuits,Crispo,35,22,13,240,SUP06,8500,1250,181,56,72,165,144,2,True,1,72,72,2520.0,3,0.0,0,35.0,936.0,0,0,29.8,6.5,0,0,0,0
2026-08-04,S02,P101,Chennai,Hypermarket,North,Dairy,Milk,Aavin,60,52,8,3,SUP01,18000,2850,261,0,150,111,275,3,True,1,150,150,9000.0,3,0.0,1,60.0,1200.0,0,1,32.3,5.3,0,0,0,0
2026-08-04,S02,P205,Chennai,Hypermarket,North,Personal Care,Shampoo,GlowCare,120,79,41,730,SUP08,18000,2850,52,0,26,26,52,1,True,1,26,26,3120.0,3,0.0,0,120.0,1066.0,0,1,32.3,5.3,0,0,0,0
2026-08-04,S02,P330,Chennai,Hypermarket,North,Beverages,Soft Drink,FizzUp,50,31,19,180,SUP04,18000,2850,306,0,147,159,288,3,True,1,147,147,7350.0,3,0.0,0,50.0,2793.0,0,1,32.3,5.3,0,0,0,0
2026-08-04,S02,P442,Chennai,Hypermarket,North,Snacks,Biscuits,Crispo,35,22,13,240,SUP06,18000,2850,211,0,111,100,183,2,True,1,111,111,3690.75,3,5.0,1,33.25,1248.75,0,1,32.3,5.3,0,0,0,0
2026-08-04,S03,P101,Madurai,Express,South,Dairy,Milk,Aavin,60,52,8,3,SUP01,4200,720,116,0,66,50,134,1,True,1,66,66,3960.0,3,0.0,0,60.0,528.0,0,1,35.1,4.2,0,0,0,0
2026-08-04,S03,P205,Madurai,Express,South,Personal Care,Shampoo,GlowCare,120,79,41,730,SUP08,4200,720,34,0,13,21,25,3,True,1,13,13,1560.0,3,0.0,0,120.0,533.0,0,1,35.1,4.2,0,0,0,0
2026-08-04,S03,P330,Madurai,Express,South,Beverages,Soft Drink,FizzUp,50,31,19,180,SUP04,4200,720,152,20,93,79,164,4,True,1,93,93,4650.0,3,0.0,0,50.0,1767.0,0,1,35.1,4.2,0,0,0,0
2026-08-04,S03,P442,Madurai,Express,South,Snacks,Biscuits,Crispo,35,22,13,240,SUP06,4200,720,105,0,56,49,94,1,True,1,56,56,1960.0,3,0.0,0,35.0,728.0,0,1,35.1,4.2,0,0,0,0
2026-08-04,S04,P101,Salem,Supermarket,Central,Dairy,Milk,Aavin,60,52,8,3,SUP01,7600,1080,143,0,94,49,187,2,True,1,94,94,5640.0,3,0.0,0,60.0,752.0,0,1,32.6,7.1,0,0,0,0
2026-08-04,S04,P205,Salem,Supermarket,Central,Personal Care,Shampoo,GlowCare,120,79,41,730,SUP08,7600,1080,32,0,16,16,32,1,True,1,16,16,1920.0,3,0.0,0,120.0,656.0,0,1,32.6,7.1,0,0,0,0
2026-08-04,S04,P330,Salem,Supermarket,Central,Beverages,Soft Drink,FizzUp,50,31,19,180,SUP04,7600,1080,168,103,116,155,168,4,True,1,116,116,4930.0,3,15.0,1,42.5,1334.0,0,1,32.6,7.1,0,0,0,0
2026-08-04,S04,P442,Salem,Supermarket,Central,Snacks,Biscuits,Crispo,35,22,13,240,SUP06,7600,1080,136,0,61,75,107,4,True,1,61,61,2135.0,3,0.0,0,35.0,793.0,0,1,32.6,7.1,0,0,0,0
2026-08-05,S01,P101,Coimbatore,Supermarket,West,Dairy,Milk,Aavin,60,52,8,3,SUP01,8500,1250,240,0,102,138,177,4,True,1,102,102,6120.0,3,0.0,0,60.0,816.0,0,1,29.9,0.0,0,0,0,1
2026-08-05,S01,P205,Coimbatore,Supermarket,West,Personal Care,Shampoo,GlowCare,120,79,41,730,SUP08,8500,1250,48,0,17,31,35,1,True,1,17,17,2040.0,3,0.0,0,120.0,697.0,0,1,29.9,0.0,0,0,0,1
2026-08-05,S01,P330,Coimbatore,Supermarket,West,Beverages,Soft Drink,FizzUp,50,31,19,180,SUP04,8500,1250,273,18,130,161,186,1,True,1,130,130,6500.0,3,0.0,0,50.0,2470.0,0,1,29.9,0.0,0,0,0,1
2026-08-05,S01,P442,Coimbatore,Supermarket,West,Snacks,Biscuits,Crispo,35,22,13,240,SUP06,8500,1250,172,2,76,98,158,2,True,1,76,76,2660.0,3,0.0,0,35.0,988.0,0,1,29.9,0.0,0,0,0,1
2026-08-05,S02,P101,Chennai,Hypermarket,North,Dairy,Milk,Aavin,60,52,8,3,SUP01,18000,2850,270,0,162,108,268,2,True,1,162,162,8262.0,3,15.0,1,51.0,-162.0,0,1,36.8,2.5,0,0,0,0
2026-08-05,S02,P205,Chennai,Hypermarket,North,Personal Care,Shampoo,GlowCare,120,79,41,730,SUP08,18000,2850,66,0,24,42,37,2,True,1,24,24,2880.0,3,0.0,0,120.0,984.0,0,0,36.8,2.5,0,0,0,0
2026-08-05,S02,P330,Chennai,Hypermarket,North,Beverages,Soft Drink,FizzUp,50,31,19,180,SUP04,18000,2850,323,201,166,358,336,1,True,1,166,166,8300.0,3,0.0,0,50.0,3154.0,0,0,36.8,2.5,0,0,0,0
2026-08-05,S02,P442,Chennai,Hypermarket,North,Snacks,Biscuits,Crispo,35,22,13,240,SUP06,18000,2850,259,29,131,157,189,1,True,1,131,131,4585.0,3,0.0,1,35.0,1703.0,0,1,36.8,2.5,0,0,0,0
2026-08-05,S03,P101,Madurai,Express,South,Dairy,Milk,Aavin,60,52,8,3,SUP01,4200,720,151,36,67,120,120,4,True,1,67,67,4020.0,3,0.0,0,60.0,536.0,0,1,33.5,4.2,0,0,0,1
2026-08-05,S03,P205,Madurai,Express,South,Personal Care,Shampoo,GlowCare,120,79,41,730,SUP08,4200,720,27,0,14,13,24,2,True,1,14,14,1680.0,3,0.0,0,120.0,574.0,0,1,33.5,4.2,0,0,0,1
2026-08-05,S03,P330,Madurai,Express,South,Beverages,Soft Drink,FizzUp,50,31,19,180,SUP04,4200,720,234,78,91,221,141,1,True,1,91,91,4550.0,3,0.0,0,50.0,1729.0,0,0,33.5,4.2,0,0,0,1
2026-08-05,S03,P442,Madurai,Express,South,Snacks,Biscuits,Crispo,35,22,13,240,SUP06,4200,720,139,0,65,74,81,4,True,1,65,65,2275.0,3,0.0,0,35.0,845.0,0,1,33.5,4.2,0,0,0,1
2026-08-05,S04,P101,Salem,Supermarket,Central,Dairy,Milk,Aavin,60,52,8,3,SUP01,7600,1080,231,104,101,234,169,2,True,1,101,101,5757.0,3,5.0,1,57.0,505.0,0,0,29.9,11.9,0,0,0,0
2026-08-05,S04,P205,Salem,Supermarket,Central,Personal Care,Shampoo,GlowCare,120,79,41,730,SUP08,7600,1080,42,0,16,26,31,4,True,1,16,16,1920.0,3,0.0,0,120.0,656.0,0,1,29.9,11.9,0,0,0,0
2026-08-05,S04,P330,Salem,Supermarket,Central,Beverages,Soft Drink,FizzUp,50,31,19,180,SUP04,7600,1080,301,0,112,189,196,3,True,1,112,112,5600.0,3,0.0,0,50.0,2128.0,0,1,29.9,11.9,0,0,0,0
2026-08-05,S04,P442,Salem,Supermarket,Central,Snacks,Biscuits,Crispo,35,22,13,240,SUP06,7600,1080,185,64,64,185,144,1,True,1,64,64,2240.0,3,0.0,0,35.0,832.0,0,0,29.9,11.9,0,0,0,0
2026-08-06,S01,P101,Coimbatore,Supermarket,West,Dairy,Milk,Aavin,60,52,8,3,SUP01,8500,1250,142,0,98,44,182,4,True,1,98,98,5880.0,3,0.0,0,60.0,784.0,0,1,27.2,11.3,0,0,0,0
2026-08-06,S01,P205,Coimbatore,Supermarket,West,Personal Care,Shampoo,GlowCare,120,79,41,730,SUP08,8500,1250,30,0,19,11,35,2,True,1,19,19,2280.0,3,0.0,0,120.0,779.0,0,1,27.2,11.3,0,0,0,0
2026-08-06,S01,P330,Coimbatore,Supermarket,West,Beverages,Soft Drink,FizzUp,50,31,19,180,SUP04,8500,1250,269,75,101,243,197,1,True,1,101,101,5050.0,3,0.0,0,50.0,1919.0,0,0,27.2,11.3,0,0,0,0
2026-08-06,S01,P442,Coimbatore,Supermarket,West,Snacks,Biscuits,Crispo,35,22,13,240,SUP06,8500,1250,132,0,81,51,155,2,True,1,81,81,2835.0,3,0.0,0,35.0,1053.0,0,1,27.2,11.3,0,0,0,0
2026-08-06,S02,P101,Chennai,Hypermarket,North,Dairy,Milk,Aavin,60,52,8,3,SUP01,18000,2850,273,0,155,118,242,2,True,1,155,155,9300.0,3,0.0,1,60.0,1240.0,0,1,32.9,4.2,0,0,0,0
2026-08-06,S02,P205,Chennai,Hypermarket,North,Personal Care,Shampoo,GlowCare,120,79,41,730,SUP08,18000,2850,51,0,26,25,42,2,True,1,26,26,3120.0,3,0.0,0,120.0,1066.0,0,1,32.9,4.2,0,0,0,0
2026-08-06,S02,P330,Chennai,Hypermarket,North,Beverages,Soft Drink,FizzUp,50,31,19,180,SUP04,18000,2850,386,6,170,222,272,4,True,1,170,170,8500.0,3,0.0,0,50.0,3230.0,0,1,32.9,4.2,0,0,0,0
2026-08-06,S02,P442,Chennai,Hypermarket,North,Snacks,Biscuits,Crispo,35,22,13,240,SUP06,18000,2850,209,0,113,96,186,2,True,1,113,113,3361.75,3,15.0,1,29.75,875.75,0,1,32.9,4.2,0,0,0,0
2026-08-06,S03,P101,Madurai,Express,South,Dairy,Milk,Aavin,60,52,8,3,SUP01,4200,720,118,86,73,131,111,1,True,1,73,73,4380.0,3,0.0,0,60.0,584.0,0,0,32.9,0.0,0,0,0,1
2026-08-06,S03,P205,Madurai,Express,South,Personal Care,Shampoo,GlowCare,120,79,41,730,SUP08,4200,720,30,0,17,13,23,3,True,1,17,17,2040.0,3,0.0,1,120.0,697.0,0,1,32.9,0.0,0,0,0,1
2026-08-06,S03,P330,Madurai,Express,South,Beverages,Soft Drink,FizzUp,50,31,19,180,SUP04,4200,720,180,0,96,84,186,1,True,1,96,96,4800.0,3,0.0,0,50.0,1824.0,0,1,32.9,0.0,0,0,0,1
2026-08-06,S03,P442,Madurai,Express,South,Snacks,Biscuits,Crispo,35,22,13,240,SUP06,4200,720,141,7,59,89,91,2,True,1,59,59,1858.5,3,10.0,1,31.5,560.5,0,1,32.9,0.0,0,0,0,1
2026-08-06,S04,P101,Salem,Supermarket,Central,Dairy,Milk,Aavin,60,52,8,3,SUP01,7600,1080,234,0,100,134,180,3,True,1,100,100,5100.0,3,15.0,1,51.0,-100.0,0,1,28.1,10.2,0,0,0,0
2026-08-06,S04,P205,Salem,Supermarket,Central,Personal Care,Shampoo,GlowCare,120,79,41,730,SUP08,7600,1080,27,15,15,27,26,2,True,1,15,15,1800.0,3,0.0,0,120.0,615.0,0,0,28.1,10.2,0,0,0,0
2026-08-06,S04,P330,Salem,Supermarket,Central,Beverages,Soft Drink,FizzUp,50,31,19,180,SUP04,7600,1080,166,0,114,52,214,1,True,1,114,114,5700.0,3,0.0,0,50.0,2166.0,0,1,28.1,10.2,0,0,0,0
2026-08-06,S04,P442,Salem,Supermarket,Central,Snacks,Biscuits,Crispo,35,22,13,240,SUP06,7600,1080,151,0,61,90,142,1,True,1,61,61,2135.0,3,0.0,0,35.0,793.0,0,1,28.1,10.2,0,0,0,0
2026-08-07,S01,P101,Coimbatore,Supermarket,West,Dairy,Milk,Aavin,60,52,8,3,SUP01,8500,1250,209,0,116,93,198,4,True,1,116,116,6960.0,3,0.0,0,60.0,928.0,0,1,30.4,2.3,0,0,0,0
2026-08-07,S01,P205,Coimbatore,Supermarket,West,Personal Care,Shampoo,GlowCare,120,79,41,730,SUP08,8500,1250,43,0,24,19,27,3,True,1,24,24,2880.0,3,0.0,1,120.0,984.0,0,1,30.4,2.3,0,0,0,0
2026-08-07,S01,P330,Coimbatore,Supermarket,West,Beverages,Soft Drink,FizzUp,50,31,19,180,SUP04,8500,1250,305,0,122,183,206,4,True,1,122,122,6100.0,3,0.0,0,50.0,2318.0,0,1,30.4,2.3,0,0,0,0
2026-08-07,S01,P442,Coimbatore,Supermarket,West,Snacks,Biscuits,Crispo,35,22,13,240,SUP06,8500,1250,167,93,78,182,137,3,True,1,78,78,2730.0,3,0.0,0,35.0,1014.0,0,0,30.4,2.3,0,0,0,0
2026-08-07,S02,P101,Chennai,Hypermarket,North,Dairy,Milk,Aavin,60,52,8,3,SUP01,18000,2850,221,0,134,87,273,4,True,1,134,134,8040.0,3,0.0,0,60.0,1072.0,0,1,34.2,1.0,0,0,0,0
2026-08-07,S02,P205,Chennai,Hypermarket,North,Personal Care,Shampoo,GlowCare,120,79,41,730,SUP08,18000,2850,56,0,19,37,46,3,True,1,19,19,2280.0,3,0.0,0,120.0,779.0,0,1,34.2,1.0,0,0,0,0
2026-08-07,S02,P330,Chennai,Hypermarket,North,Beverages,Soft Drink,FizzUp,50,31,19,180,SUP04,18000,2850,347,0,161,186,258,1,True,1,161,161,8050.0,3,0.0,0,50.0,3059.0,0,1,34.2,1.0,0,0,0,0
2026-08-07,S02,P442,Chennai,Hypermarket,North,Snacks,Biscuits,Crispo,35,22,13,240,SUP06,18000,2850,271,0,112,159,170,1,True,1,112,112,3920.0,3,0.0,0,35.0,1456.0,0,1,34.2,1.0,0,0,0,0
2026-08-07,S03,P101,Madurai,Express,South,Dairy,Milk,Aavin,60,52,8,3,SUP01,4200,720,126,0,64,62,135,4,True,1,64,64,3840.0,3,0.0,0,60.0,512.0,0,1,35.5,0.0,0,0,0,0
2026-08-07,S03,P205,Madurai,Express,South,Personal Care,Shampoo,GlowCare,120,79,41,730,SUP08,4200,720,31,0,12,19,19,4,True,1,12,12,1440.0,2,0.0,0,120.0,492.0,0,1,35.5,0.0,0,0,0,0
2026-08-07,S03,P330,Madurai,Express,South,Beverages,Soft Drink,FizzUp,50,31,19,180,SUP04,4200,720,155,0,107,48,138,1,True,1,107,107,4547.5,3,15.0,1,42.5,1230.5,0,1,35.5,0.0,0,0,0,0
2026-08-07,S03,P442,Madurai,Express,South,Snacks,Biscuits,Crispo,35,22,13,240,SUP06,4200,720,141,0,49,92,100,4,True,1,49,49,1715.0,3,0.0,0,35.0,637.0,0,1,35.5,0.0,0,0,0,0
2026-08-07,S04,P101,Salem,Supermarket,Central,Dairy,Milk,Aavin,60,52,8,3,SUP01,7600,1080,185,0,79,106,157,2,True,1,79,79,4740.0,3,0.0,0,60.0,632.0,0,1,32.0,10.9,0,0,0,0
2026-08-07,S04,P205,Salem,Supermarket,Central,Personal Care,Shampoo,GlowCare,120,79,41,730,SUP08,7600,1080,42,0,14,28,33,4,True,1,14,14,1680.0,3,0.0,0,120.0,574.0,0,1,32.0,10.9,0,0,0,0
2026-08-07,S04,P330,Salem,Supermarket,Central,Beverages,Soft Drink,FizzUp,50,31,19,180,SUP04,7600,1080,278,0,103,175,234,2,True,1,103,103,5150.0,3,0.0,0,50.0,1957.0,0,1,32.0,10.9,0,0,0,0
2026-08-07,S04,P442,Salem,Supermarket,Central,Snacks,Biscuits,Crispo,35,22,13,240,SUP06,7600,1080,125,0,75,50,101,3,True,1,75,75,2231.25,3,15.0,1,29.75,581.25,0,1,32.0,10.9,0,0,0,0
2026-08-08,S01,P101,Coimbatore,Supermarket,West,Dairy,Milk,Aavin,60,52,8,3,SUP01,8500,1250,198,45,110,133,170,2,True,1,110,110,6600.0,3,0.0,0,60.0,880.0,0,1,31.3,9.1,0,0,1,0
2026-08-08,S01,P205,Coimbatore,Supermarket,West,Personal Care,Shampoo,GlowCare,120,79,41,730,SUP08,8500,1250,44,12,22,34,29,1,True,1,22,22,2244.0,3,15.0,1,102.0,506.0,0,0,31.3,9.1,0,0,1,0
2026-08-08,S01,P330,Coimbatore,Supermarket,West,Beverages,Soft Drink,FizzUp,50,31,19,180,SUP04,8500,1250,199,0,118,81,200,2,True,1,118,118,5900.0,3,0.0,0,50.0,2242.0,0,1,31.3,9.1,0,0,1,0
2026-08-08,S01,P442,Coimbatore,Supermarket,West,Snacks,Biscuits,Crispo,35,22,13,240,SUP06,8500,1250,204,0,88,116,116,1,True,1,88,88,3080.0,3,0.0,0,35.0,1144.0,0,1,31.3,9.1,0,0,1,0
2026-08-08,S02,P101,Chennai,Hypermarket,North,Dairy,Milk,Aavin,60,52,8,3,SUP01,18000,2850,198,0,175,23,251,3,True,1,175,175,10500.0,3,0.0,0,60.0,1400.0,0,1,32.0,2.7,0,0,1,0
2026-08-08,S02,P205,Chennai,Hypermarket,North,Personal Care,Shampoo,GlowCare,120,79,41,730,SUP08,18000,2850,61,0,30,31,43,1,True,1,30,30,3600.0,3,0.0,1,120.0,1230.0,0,1,32.0,2.7,0,0,1,0
2026-08-08,S02,P330,Chennai,Hypermarket,North,Beverages,Soft Drink,FizzUp,50,31,19,180,SUP04,18000,2850,297,202,167,332,297,3,True,1,167,167,8350.0,3,0.0,0,50.0,3173.0,0,0,32.0,2.7,0,0,1,0
2026-08-08,S02,P442,Chennai,Hypermarket,North,Snacks,Biscuits,Crispo,35,22,13,240,SUP06,18000,2850,196,0,123,73,167,1,True,1,123,123,4305.0,3,0.0,0,35.0,1599.0,0,1,32.0,2.7,0,0,1,0
2026-08-08,S03,P101,Madurai,Express,South,Dairy,Milk,Aavin,60,52,8,3,SUP01,4200,720,128,0,60,68,143,1,True,1,60,60,3600.0,3,0.0,0,60.0,480.0,0,1,34.2,1.3,0,0,1,0
2026-08-08,S03,P205,Madurai,Express,South,Personal Care,Shampoo,GlowCare,120,79,41,730,SUP08,4200,720,30,9,16,23,28,2,True,1,16,16,1920.0,3,0.0,0,120.0,656.0,0,1,34.2,1.3,0,0,1,0
2026-08-08,S03,P330,Madurai,Express,South,Beverages,Soft Drink,FizzUp,50,31,19,180,SUP04,4200,720,213,0,92,121,136,3,True,1,92,92,4600.0,3,0.0,0,50.0,1748.0,0,1,34.2,1.3,0,0,1,0
2026-08-08,S03,P442,Madurai,Express,South,Snacks,Biscuits,Crispo,35,22,13,240,SUP06,4200,720,109,0,62,47,88,2,True,1,62,62,2170.0,3,0.0,0,35.0,806.0,0,1,34.2,1.3,0,0,1,0
2026-08-08,S04,P101,Salem,Supermarket,Central,Dairy,Milk,Aavin,60,52,8,3,SUP01,7600,1080,129,0,100,29,173,4,True,1,100,100,6000.0,3,0.0,0,60.0,800.0,0,1,29.2,0.9,0,0,1,0
2026-08-08,S04,P205,Salem,Supermarket,Central,Personal Care,Shampoo,GlowCare,120,79,41,730,SUP08,7600,1080,42,0,20,22,28,1,True,1,20,20,2400.0,3,0.0,0,120.0,820.0,0,1,29.2,0.9,0,0,1,0
2026-08-08,S04,P330,Salem,Supermarket,Central,Beverages,Soft Drink,FizzUp,50,31,19,180,SUP04,7600,1080,246,45,135,156,210,3,True,1,135,135,5737.5,3,15.0,1,42.5,1552.5,0,1,29.2,0.9,0,0,1,0
2026-08-08,S04,P442,Salem,Supermarket,Central,Snacks,Biscuits,Crispo,35,22,13,240,SUP06,7600,1080,168,0,77,91,115,1,True,1,77,77,2290.75,3,15.0,1,29.75,596.75,0,1,29.2,0.9,0,0,1,0
2026-08-09,S01,P101,Coimbatore,Supermarket,West,Dairy,Milk,Aavin,60,52,8,3,SUP01,8500,1250,229,0,144,85,145,3,True,1,144,144,8640.0,3,0.0,1,60.0,1152.0,0,1,31.8,0.0,0,0,1,0
2026-08-09,S01,P205,Coimbatore,Supermarket,West,Personal Care,Shampoo,GlowCare,120,79,41,730,SUP08,8500,1250,49,1,24,26,30,4,True,1,24,24,2880.0,3,0.0,0,120.0,984.0,0,1,31.8,0.0,0,0,1,0
2026-08-09,S01,P330,Coimbatore,Supermarket,West,Beverages,Soft Drink,FizzUp,50,31,19,180,SUP04,8500,1250,321,83,146,258,214,3,True,1,146,146,7300.0,3,0.0,0,50.0,2774.0,0,0,31.8,0.0,0,0,1,0
2026-08-09,S01,P442,Coimbatore,Supermarket,West,Snacks,Biscuits,Crispo,35,22,13,240,SUP06,8500,1250,208,63,91,180,122,4,True,1,91,91,3185.0,3,0.0,1,35.0,1183.0,0,0,31.8,0.0,0,0,1,0
2026-08-09,S02,P101,Chennai,Hypermarket,North,Dairy,Milk,Aavin,60,52,8,3,SUP01,18000,2850,355,67,148,274,241,3,True,1,148,148,8880.0,3,0.0,0,60.0,1184.0,0,0,32.7,0.0,0,0,1,0
2026-08-09,S02,P205,Chennai,Hypermarket,North,Personal Care,Shampoo,GlowCare,120,79,41,730,SUP08,18000,2850,63,0,27,36,44,4,True,1,27,27,3240.0,3,0.0,0,120.0,1107.0,0,1,32.7,0.0,0,0,1,0
2026-08-09,S02,P330,Chennai,Hypermarket,North,Beverages,Soft Drink,FizzUp,50,31,19,180,SUP04,18000,2850,246,138,166,218,261,2,True,1,166,166,8300.0,3,0.0,0,50.0,3154.0,0,1,32.7,0.0,0,0,1,0
2026-08-09,S02,P442,Chennai,Hypermarket,North,Snacks,Biscuits,Crispo,35,22,13,240,SUP06,18000,2850,238,0,125,113,178,3,True,1,125,125,4375.0,3,0.0,0,35.0,1625.0,0,1,32.7,0.0,0,0,1,0
2026-08-09,S03,P101,Madurai,Express,South,Dairy,Milk,Aavin,60,52,8,3,SUP01,4200,720,116,0,73,43,140,3,True,1,73,73,4380.0,3,0.0,0,60.0,584.0,0,1,35.8,0.0,0,0,1,0
2026-08-09,S03,P205,Madurai,Express,South,Personal Care,Shampoo,GlowCare,120,79,41,730,SUP08,4200,720,31,0,14,17,22,2,True,1,14,14,1680.0,3,0.0,0,120.0,574.0,0,1,35.8,0.0,0,0,1,0
2026-08-09,S03,P330,Madurai,Express,South,Beverages,Soft Drink,FizzUp,50,31,19,180,SUP04,4200,720,203,77,97,183,135,4,True,1,97,97,4850.0,3,0.0,0,50.0,1843.0,0,0,35.8,0.0,0,0,1,0
2026-08-09,S03,P442,Madurai,Express,South,Snacks,Biscuits,Crispo,35,22,13,240,SUP06,4200,720,130,0,69,61,98,3,True,1,69,69,2415.0,3,0.0,0,35.0,897.0,0,1,35.8,0.0,0,0,1,0
2026-08-09,S04,P101,Salem,Supermarket,Central,Dairy,Milk,Aavin,60,52,8,3,SUP01,7600,1080,178,0,85,93,167,4,True,1,85,85,5100.0,3,0.0,0,60.0,680.0,0,1,29.3,0.0,0,0,1,0
2026-08-09,S04,P205,Salem,Supermarket,Central,Personal Care,Shampoo,GlowCare,120,79,41,730,SUP08,7600,1080,31,0,17,14,25,3,True,1,17,17,2040.0,3,0.0,0,120.0,697.0,0,1,29.3,0.0,0,0,1,0
2026-08-09,S04,P330,Salem,Supermarket,Central,Beverages,Soft Drink,FizzUp,50,31,19,180,SUP04,7600,1080,288,113,149,252,166,3,True,1,149,149,6705.0,3,10.0,1,45.0,2086.0,0,0,29.3,0.0,0,0,1,0
2026-08-09,S04,P442,Salem,Supermarket,Central,Snacks,Biscuits,Crispo,35,22,13,240,SUP06,7600,1080,186,37,72,151,103,4,True,1,72,72,2520.0,3,0.0,0,35.0,936.0,0,0,29.3,0.0,0,0,1,0
2026-08-10,S01,P101,Coimbatore,Supermarket,West,Dairy,Milk,Aavin,60,52,8,3,SUP01,8500,1250,170,0,91,79,182,3,True,1,91,91,5460.0,3,0.0,0,60.0,728.0,0,1,29.6,0.0,0,0,0,0
2026-08-10,S01,P205,Coimbatore,Supermarket,West,Personal Care,Shampoo,GlowCare,120,79,41,730,SUP08,8500,1250,46,0,17,29,32,3,True,1,17,17,2040.0,3,0.0,0,120.0,697.0,0,1,29.6,0.0,0,0,0,0
2026-08-10,S01,P330,Coimbatore,Supermarket,West,Beverages,Soft Drink,FizzUp,50,31,19,180,SUP04,8500,1250,288,142,121,309,219,3,True,1,121,121,6050.0,3,0.0,0,50.0,2299.0,0,0,29.6,0.0,0,0,0,0
2026-08-10,S01,P442,Coimbatore,Supermarket,West,Snacks,Biscuits,Crispo,35,22,13,240,SUP06,8500,1250,138,46,84,100,164,4,True,1,84,84,2940.0,3,0.0,0,35.0,1092.0,0,1,29.6,0.0,0,0,0,0
2026-08-10,S02,P101,Chennai,Hypermarket,North,Dairy,Milk,Aavin,60,52,8,3,SUP01,18000,2850,272,101,127,246,217,4,True,1,127,127,7620.0,3,0.0,0,60.0,1016.0,0,0,33.8,7.4,0,0,0,0
2026-08-10,S02,P205,Chennai,Hypermarket,North,Personal Care,Shampoo,GlowCare,120,79,41,730,SUP08,18000,2850,61,0,24,37,45,3,True,1,24,24,2880.0,3,0.0,0,120.0,984.0,0,1,33.8,7.4,0,0,0,0
2026-08-10,S02,P330,Chennai,Hypermarket,North,Beverages,Soft Drink,FizzUp,50,31,19,180,SUP04,18000,2850,308,0,176,132,351,2,True,1,176,176,8800.0,3,0.0,1,50.0,3344.0,0,1,33.8,7.4,0,0,0,0
2026-08-10,S02,P442,Chennai,Hypermarket,North,Snacks,Biscuits,Crispo,35,22,13,240,SUP06,18000,2850,239,0,99,140,198,1,True,1,99,99,3465.0,3,0.0,0,35.0,1287.0,0,1,33.8,7.4,0,0,0,0
2026-08-10,S03,P101,Madurai,Express,South,Dairy,Milk,Aavin,60,52,8,3,SUP01,4200,720,155,0,88,67,109,1,True,1,88,88,4752.0,3,10.0,1,54.0,176.0,0,1,34.1,3.8,0,0,0,0
2026-08-10,S03,P205,Madurai,Express,South,Personal Care,Shampoo,GlowCare,120,79,41,730,SUP08,4200,720,19,0,13,6,22,1,True,1,13,13,1560.0,3,0.0,0,120.0,533.0,0,1,34.1,3.8,0,0,0,0
2026-08-10,S03,P330,Madurai,Express,South,Beverages,Soft Drink,FizzUp,50,31,19,180,SUP04,4200,720,226,0,100,126,143,4,True,1,100,100,5000.0,3,0.0,1,50.0,1900.0,0,1,34.1,3.8,0,0,0,0
2026-08-10,S03,P442,Madurai,Express,South,Snacks,Biscuits,Crispo,35,22,13,240,SUP06,4200,720,130,0,46,84,95,4,True,1,46,46,1610.0,3,0.0,0,35.0,598.0,0,1,34.1,3.8,0,0,0,0
2026-08-10,S04,P101,Salem,Supermarket,Central,Dairy,Milk,Aavin,60,52,8,3,SUP01,7600,1080,222,0,99,123,178,4,True,1,99,99,5346.0,3,10.0,1,54.0,198.0,0,1,30.9,14.2,0,0,0,0
2026-08-10,S04,P205,Salem,Supermarket,Central,Personal Care,Shampoo,GlowCare,120,79,41,730,SUP08,7600,1080,27,4,17,14,34,3,True,1,17,17,2040.0,3,0.0,0,120.0,697.0,0,1,30.9,14.2,0,0,0,0
2026-08-10,S04,P330,Salem,Supermarket,Central,Beverages,Soft Drink,FizzUp,50,31,19,180,SUP04,7600,1080,278,0,117,161,183,3,True,1,117,117,5850.0,3,0.0,1,50.0,2223.0,0,1,30.9,14.2,0,0,0,0
2026-08-10,S04,P442,Salem,Supermarket,Central,Snacks,Biscuits,Crispo,35,22,13,240,SUP06,7600,1080,174,0,76,98,115,4,True,1,76,76,2660.0,3,0.0,1,35.0,988.0,0,1,30.9,14.2,0,0,0,0
2026-08-11,S01,P101,Coimbatore,Supermarket,West,Dairy,Milk,Aavin,60,52,8,3,SUP01,8500,1250,231,0,85,146,200,1,True,1,85,85,5100.0,3,0.0,0,60.0,680.0,0,1,27.7,5.8,0,0,0,0
2026-08-11,S01,P205,Coimbatore,Supermarket,West,Personal Care,Shampoo,GlowCare,120,79,41,730,SUP08,8500,1250,37,0,16,21,33,4,True,1,16,16,1920.0,3,0.0,0,120.0,656.0,0,1,27.7,5.8,0,0,0,0
2026-08-11,S01,P330,Coimbatore,Supermarket,West,Beverages,Soft Drink,FizzUp,50,31,19,180,SUP04,8500,1250,319,0,119,200,217,3,True,1,119,119,5950.0,3,0.0,0,50.0,2261.0,0,1,27.7,5.8,0,0,0,0
2026-08-11,S01,P442,Coimbatore,Supermarket,West,Snacks,Biscuits,Crispo,35,22,13,240,SUP06,8500,1250,137,94,61,170,124,3,True,1,61,61,2135.0,3,0.0,0,35.0,793.0,0,0,27.7,5.8,0,0,0,0
2026-08-11,S02,P101,Chennai,Hypermarket,North,Dairy,Milk,Aavin,60,52,8,3,SUP01,18000,2850,249,0,185,64,198,1,True,1,185,185,9435.0,3,15.0,1,51.0,-185.0,0,1,31.3,6.7,0,0,0,0
2026-08-11,S02,P205,Chennai,Hypermarket,North,Personal Care,Shampoo,GlowCare,120,79,41,730,SUP08,18000,2850,51,12,25,38,43,2,True,1,25,25,3000.0,3,0.0,0,120.0,1025.0,0,1,31.3,6.7,0,0,0,0
2026-08-11,S02,P330,Chennai,Hypermarket,North,Beverages,Soft Drink,FizzUp,50,31,19,180,SUP04,18000,2850,253,84,196,141,276,4,True,1,196,196,9800.0,3,0.0,0,50.0,3724.0,0,1,31.3,6.7,0,0,0,0
2026-08-11,S02,P442,Chennai,Hypermarket,North,Snacks,Biscuits,Crispo,35,22,13,240,SUP06,18000,2850,224,4,109,119,167,3,True,1,109,109,3815.0,3,0.0,0,35.0,1417.0,0,1,31.3,6.7,0,0,0,0
2026-08-11,S03,P101,Madurai,Express,South,Dairy,Milk,Aavin,60,52,8,3,SUP01,4200,720,175,0,48,127,129,3,True,1,48,48,2880.0,3,0.0,0,60.0,384.0,0,1,32.1,3.8,0,0,0,0
2026-08-11,S03,P205,Madurai,Express,South,Personal Care,Shampoo,GlowCare,120,79,41,730,SUP08,4200,720,24,0,16,8,20,1,True,1,16,16,1824.0,3,5.0,1,114.0,560.0,0,1,32.1,3.8,0,0,0,0
2026-08-11,S03,P330,Madurai,Express,South,Beverages,Soft Drink,FizzUp,50,31,19,180,SUP04,4200,720,193,0,84,109,164,2,True,1,84,84,4200.0,3,0.0,0,50.0,1596.0,0,1,32.1,3.8,0,0,0,0
2026-08-11,S03,P442,Madurai,Express,South,Snacks,Biscuits,Crispo,35,22,13,240,SUP06,4200,720,120,0,55,65,112,3,True,1,55,55,1925.0,3,0.0,0,35.0,715.0,0,1,32.1,3.8,0,0,0,0
2026-08-11,S04,P101,Salem,Supermarket,Central,Dairy,Milk,Aavin,60,52,8,3,SUP01,7600,1080,183,0,111,72,155,2,True,1,111,111,5661.0,3,15.0,1,51.0,-111.0,0,1,29.2,5.8,0,0,0,0
2026-08-11,S04,P205,Salem,Supermarket,Central,Personal Care,Shampoo,GlowCare,120,79,41,730,SUP08,7600,1080,39,0,18,21,34,2,True,1,18,18,2160.0,3,0.0,0,120.0,738.0,0,1,29.2,5.8,0,0,0,0
2026-08-11,S04,P330,Salem,Supermarket,Central,Beverages,Soft Drink,FizzUp,50,31,19,180,SUP04,7600,1080,189,0,115,74,183,3,True,1,115,115,5750.0,3,0.0,0,50.0,2185.0,0,1,29.2,5.8,0,0,0,0
2026-08-11,S04,P442,Salem,Supermarket,Central,Snacks,Biscuits,Crispo,35,22,13,240,SUP06,7600,1080,181,0,60,121,134,2,True,1,60,60,2100.0,3,0.0,0,35.0,780.0,0,1,29.2,5.8,0,0,0,0
2026-08-12,S01,P101,Coimbatore,Supermarket,West,Dairy,Milk,Aavin,60,52,8,3,SUP01,8500,1250,184,0,99,85,157,1,True,1,99,99,5940.0,3,0.0,0,60.0,792.0,0,1,28.7,0.0,0,0,0,0
2026-08-12,S01,P205,Coimbatore,Supermarket,West,Personal Care,Shampoo,GlowCare,120,79,41,730,SUP08,8500,1250,46,0,18,28,30,1,True,1,18,18,2160.0,3,0.0,0,120.0,738.0,0,1,28.7,0.0,0,0,0,0
2026-08-12,S01,P330,Coimbatore,Supermarket,West,Beverages,Soft Drink,FizzUp,50,31,19,180,SUP04,8500,1250,217,0,115,102,234,3,True,1,115,115,5750.0,3,0.0,0,50.0,2185.0,0,1,28.7,0.0,0,0,0,0
2026-08-12,S01,P442,Coimbatore,Supermarket,West,Snacks,Biscuits,Crispo,35,22,13,240,SUP06,8500,1250,168,79,74,173,145,3,True,1,74,74,2590.0,3,0.0,0,35.0,962.0,0,0,28.7,0.0,0,0,0,0
2026-08-12,S02,P101,Chennai,Hypermarket,North,Dairy,Milk,Aavin,60,52,8,3,SUP01,18000,2850,193,0,139,54,232,2,True,1,139,139,7923.0,3,5.0,1,57.0,695.0,0,1,36.6,6.9,0,0,0,1
2026-08-12,S02,P205,Chennai,Hypermarket,North,Personal Care,Shampoo,GlowCare,120,79,41,730,SUP08,18000,2850,65,0,21,44,45,2,True,1,21,21,2520.0,3,0.0,0,120.0,861.0,0,1,36.6,6.9,0,0,0,1
2026-08-12,S02,P330,Chennai,Hypermarket,North,Beverages,Soft Drink,FizzUp,50,31,19,180,SUP04,18000,2850,339,0,139,200,262,2,True,1,139,139,6950.0,3,0.0,0,50.0,2641.0,0,1,36.6,6.9,0,0,0,1
2026-08-12,S02,P442,Chennai,Hypermarket,North,Snacks,Biscuits,Crispo,35,22,13,240,SUP06,18000,2850,279,0,99,180,212,2,True,1,99,99,3465.0,3,0.0,0,35.0,1287.0,0,1,36.6,6.9,0,0,0,1
2026-08-12,S03,P101,Madurai,Express,South,Dairy,Milk,Aavin,60,52,8,3,SUP01,4200,720,136,0,73,63,141,1,True,1,73,73,4380.0,3,0.0,0,60.0,584.0,0,1,34.8,2.8,0,0,0,0
2026-08-12,S03,P205,Madurai,Express,South,Personal Care,Shampoo,GlowCare,120,79,41,730,SUP08,4200,720,27,0,11,16,20,1,True,1,11,11,1320.0,3,0.0,0,120.0,451.0,0,1,34.8,2.8,0,0,0,0
2026-08-12,S03,P330,Madurai,Express,South,Beverages,Soft Drink,FizzUp,50,31,19,180,SUP04,4200,720,241,0,102,139,164,2,True,1,102,102,4845.0,3,5.0,1,47.5,1683.0,0,1,34.8,2.8,0,0,0,0
2026-08-12,S03,P442,Madurai,Express,South,Snacks,Biscuits,Crispo,35,22,13,240,SUP06,4200,720,83,12,57,38,113,1,True,1,57,57,1995.0,3,0.0,0,35.0,741.0,0,1,34.8,2.8,0,0,0,0
2026-08-12,S04,P101,Salem,Supermarket,Central,Dairy,Milk,Aavin,60,52,8,3,SUP01,7600,1080,227,0,100,127,174,2,True,1,100,100,6000.0,3,0.0,0,60.0,800.0,0,1,28.2,8.6,0,0,0,0
2026-08-12,S04,P205,Salem,Supermarket,Central,Personal Care,Shampoo,GlowCare,120,79,41,730,SUP08,7600,1080,25,19,15,29,30,3,True,1,15,15,1800.0,3,0.0,0,120.0,615.0,0,1,28.2,8.6,0,0,0,0
2026-08-12,S04,P330,Salem,Supermarket,Central,Beverages,Soft Drink,FizzUp,50,31,19,180,SUP04,7600,1080,238,0,121,117,206,4,True,1,121,121,5747.5,3,5.0,1,47.5,1996.5,0,1,28.2,8.6,0,0,0,0
2026-08-12,S04,P442,Salem,Supermarket,Central,Snacks,Biscuits,Crispo,35,22,13,240,SUP06,7600,1080,137,0,74,63,130,2,True,1,74,74,2590.0,3,0.0,0,35.0,962.0,0,1,28.2,8.6,0,0,0,0
2026-08-13,S01,P101,Coimbatore,Supermarket,West,Dairy,Milk,Aavin,60,52,8,3,SUP01,8500,1250,229,120,100,249,172,2,True,1,100,100,6000.0,3,0.0,0,60.0,800.0,0,0,30.8,0.0,0,0,0,0
2026-08-13,S01,P205,Coimbatore,Supermarket,West,Personal Care,Shampoo,GlowCare,120,79,41,730,SUP08,8500,1250,33,0,17,16,29,1,True,1,17,17,2040.0,3,0.0,0,120.0,697.0,0,1,30.8,0.0,0,0,0,0
2026-08-13,S01,P330,Coimbatore,Supermarket,West,Beverages,Soft Drink,FizzUp,50,31,19,180,SUP04,8500,1250,181,0,157,24,261,1,True,1,157,157,7065.0,3,10.0,1,45.0,2198.0,0,1,30.8,0.0,0,0,0,0
2026-08-13,S01,P442,Coimbatore,Supermarket,West,Snacks,Biscuits,Crispo,35,22,13,240,SUP06,8500,1250,151,84,97,138,120,4,True,1,97,97,3225.25,3,5.0,1,33.25,1091.25,0,0,30.8,0.0,0,0,0,0
2026-08-13,S02,P101,Chennai,Hypermarket,North,Dairy,Milk,Aavin,60,52,8,3,SUP01,18000,2850,283,0,141,142,219,3,True,1,141,141,8460.0,3,0.0,0,60.0,1128.0,0,1,32.3,0.0,0,0,0,0
2026-08-13,S02,P205,Chennai,Hypermarket,North,Personal Care,Shampoo,GlowCare,120,79,41,730,SUP08,18000,2850,39,0,23,16,47,3,True,1,23,23,2760.0,3,0.0,0,120.0,943.0,0,1,32.3,0.0,0,0,0,0
2026-08-13,S02,P330,Chennai,Hypermarket,North,Beverages,Soft Drink,FizzUp,50,31,19,180,SUP04,18000,2850,298,101,180,219,273,4,True,1,180,180,8100.0,3,10.0,1,45.0,2520.0,0,1,32.3,0.0,0,0,0,0
2026-08-13,S02,P442,Chennai,Hypermarket,North,Snacks,Biscuits,Crispo,35,22,13,240,SUP06,18000,2850,243,0,105,138,158,2,True,1,105,105,3675.0,3,0.0,0,35.0,1365.0,0,1,32.3,0.0,0,0,0,0
2026-08-13,S03,P101,Madurai,Express,South,Dairy,Milk,Aavin,60,52,8,3,SUP01,4200,720,186,0,74,112,144,3,True,1,74,74,4440.0,3,0.0,0,60.0,592.0,0,1,33.1,10.1,0,0,0,0
2026-08-13,S03,P205,Madurai,Express,South,Personal Care,Shampoo,GlowCare,120,79,41,730,SUP08,4200,720,27,0,11,16,23,1,True,1,11,11,1320.0,3,0.0,0,120.0,451.0,0,1,33.1,10.1,0,0,0,0
2026-08-13,S03,P330,Madurai,Express,South,Beverages,Soft Drink,FizzUp,50,31,19,180,SUP04,4200,720,178,0,79,99,143,3,True,1,79,79,3950.0,3,0.0,0,50.0,1501.0,0,1,33.1,10.1,0,0,0,0
2026-08-13,S03,P442,Madurai,Express,South,Snacks,Biscuits,Crispo,35,22,13,240,SUP06,4200,720,83,0,58,25,81,3,True,1,58,58,2030.0,3,0.0,0,35.0,754.0,0,1,33.1,10.1,0,0,0,0
2026-08-13,S04,P101,Salem,Supermarket,Central,Dairy,Milk,Aavin,60,52,8,3,SUP01,7600,1080,215,0,85,130,158,3,True,1,85,85,5100.0,3,0.0,0,60.0,680.0,0,1,29.1,4.1,0,0,0,0
2026-08-13,S04,P205,Salem,Supermarket,Central,Personal Care,Shampoo,GlowCare,120,79,41,730,SUP08,7600,1080,29,0,15,14,34,1,True,1,15,15,1800.0,3,0.0,0,120.0,615.0,0,1,29.1,4.1,0,0,0,0
2026-08-13,S04,P330,Salem,Supermarket,Central,Beverages,Soft Drink,FizzUp,50,31,19,180,SUP04,7600,1080,246,82,155,173,192,3,True,1,155,155,7362.5,3,5.0,1,47.5,2557.5,0,1,29.1,4.1,0,0,0,0
2026-08-13,S04,P442,Salem,Supermarket,Central,Snacks,Biscuits,Crispo,35,22,13,240,SUP06,7600,1080,115,16,62,69,132,3,True,1,62,62,2170.0,3,0.0,0,35.0,806.0,0,1,29.1,4.1,0,0,0,0
2026-08-14,S01,P101,Coimbatore,Supermarket,West,Dairy,Milk,Aavin,60,52,8,3,SUP01,8500,1250,185,0,100,85,195,3,True,1,100,100,6000.0,3,0.0,0,60.0,800.0,0,1,30.2,5.7,0,0,0,0
2026-08-14,S01,P205,Coimbatore,Supermarket,West,Personal Care,Shampoo,GlowCare,120,79,41,730,SUP08,8500,1250,31,0,20,11,29,3,True,1,20,20,2400.0,3,0.0,0,120.0,820.0,0,1,30.2,5.7,0,0,0,0
2026-08-14,S01,P330,Coimbatore,Supermarket,West,Beverages,Soft Drink,FizzUp,50,31,19,180,SUP04,8500,1250,317,99,127,289,228,2,True,1,127,127,6350.0,3,0.0,0,50.0,2413.0,0,0,30.2,5.7,0,0,0,0
2026-08-14,S01,P442,Coimbatore,Supermarket,West,Snacks,Biscuits,Crispo,35,22,13,240,SUP06,8500,1250,153,0,78,75,140,2,True,1,78,78,2730.0,3,0.0,0,35.0,1014.0,0,1,30.2,5.7,0,0,0,0
2026-08-14,S02,P101,Chennai,Hypermarket,North,Dairy,Milk,Aavin,60,52,8,3,SUP01,18000,2850,248,115,119,244,210,1,True,1,119,119,7140.0,3,0.0,0,60.0,952.0,0,0,32.8,6.9,0,0,0,0
2026-08-14,S02,P205,Chennai,Hypermarket,North,Personal Care,Shampoo,GlowCare,120,79,41,730,SUP08,18000,2850,57,0,26,31,51,3,True,1,26,26,3120.0,3,0.0,0,120.0,1066.0,0,1,32.8,6.9,0,0,0,0
2026-08-14,S02,P330,Chennai,Hypermarket,North,Beverages,Soft Drink,FizzUp,50,31,19,180,SUP04,18000,2850,258,0,167,91,334,3,True,1,167,167,8350.0,3,0.0,0,50.0,3173.0,0,1,32.8,6.9,0,0,0,0
2026-08-14,S02,P442,Chennai,Hypermarket,North,Snacks,Biscuits,Crispo,35,22,13,240,SUP06,18000,2850,211,0,119,92,221,4,True,1,119,119,4165.0,3,0.0,0,35.0,1547.0,0,1,32.8,6.9,0,0,0,0
2026-08-14,S03,P101,Madurai,Express,South,Dairy,Milk,Aavin,60,52,8,3,SUP01,4200,720,160,0,56,104,103,3,True,1,56,56,3360.0,3,0.0,0,60.0,448.0,0,0,35.3,0.0,0,0,0,1
2026-08-14,S03,P205,Madurai,Express,South,Personal Care,Shampoo,GlowCare,120,79,41,730,SUP08,4200,720,29,0,14,15,24,4,True,1,14,14,1680.0,3,0.0,0,120.0,574.0,0,1,35.3,0.0,0,0,0,1
2026-08-14,S03,P330,Madurai,Express,South,Beverages,Soft Drink,FizzUp,50,31,19,180,SUP04,4200,720,197,0,87,110,176,2,True,1,87,87,4350.0,3,0.0,0,50.0,1653.0,0,1,35.3,0.0,0,0,0,1
2026-08-14,S03,P442,Madurai,Express,South,Snacks,Biscuits,Crispo,35,22,13,240,SUP06,4200,720,141,0,62,79,109,4,True,1,62,62,2170.0,3,0.0,0,35.0,806.0,0,1,35.3,0.0,0,0,0,1
2026-08-14,S04,P101,Salem,Supermarket,Central,Dairy,Milk,Aavin,60,52,8,3,SUP01,7600,1080,205,66,99,172,144,3,True,1,99,99,5940.0,3,0.0,1,60.0,792.0,0,0,30.2,3.6,0,0,0,0
2026-08-14,S04,P205,Salem,Supermarket,Central,Personal Care,Shampoo,GlowCare,120,79,41,730,SUP08,7600,1080,34,8,14,28,34,3,True,1,14,14,1680.0,3,0.0,0,120.0,574.0,0,1,30.2,3.6,0,0,0,0
2026-08-14,S04,P330,Salem,Supermarket,Central,Beverages,Soft Drink,FizzUp,50,31,19,180,SUP04,7600,1080,276,0,109,167,235,3,True,1,109,109,5450.0,3,0.0,0,50.0,2071.0,0,1,30.2,3.6,0,0,0,0
2026-08-14,S04,P442,Salem,Supermarket,Central,Snacks,Biscuits,Crispo,35,22,13,240,SUP06,7600,1080,132,0,66,66,128,3,True,1,66,66,2310.0,3,0.0,0,35.0,858.0,0,1,30.2,3.6,0,0,0,0
2026-08-15,S01,P101,Coimbatore,Supermarket,West,Dairy,Milk,Aavin,60,52,8,3,SUP01,8500,1250,200,0,119,81,175,2,True,1,119,119,6069.0,3,15.0,1,51.0,-119.0,0,1,28.6,0.4,1,0,1,1
2026-08-15,S01,P205,Coimbatore,Supermarket,West,Personal Care,Shampoo,GlowCare,120,79,41,730,SUP08,8500,1250,29,0,23,6,34,3,True,1,23,23,2760.0,3,0.0,0,120.0,943.0,0,1,28.6,0.4,1,0,1,1
2026-08-15,S01,P330,Coimbatore,Supermarket,West,Beverages,Soft Drink,FizzUp,50,31,19,180,SUP04,8500,1250,310,0,148,162,260,3,True,1,148,148,7400.0,3,0.0,0,50.0,2812.0,0,1,28.6,0.4,1,0,1,1
2026-08-15,S01,P442,Coimbatore,Supermarket,West,Snacks,Biscuits,Crispo,35,22,13,240,SUP06,8500,1250,117,41,95,63,116,4,True,1,95,95,3325.0,3,0.0,0,35.0,1235.0,0,1,28.6,0.4,1,0,1,1
2026-08-15,S02,P101,Chennai,Hypermarket,North,Dairy,Milk,Aavin,60,52,8,3,SUP01,18000,2850,295,0,155,140,262,2,True,1,155,155,9300.0,3,0.0,0,60.0,1240.0,0,1,31.5,8.6,1,0,1,0
2026-08-15,S02,P205,Chennai,Hypermarket,North,Personal Care,Shampoo,GlowCare,120,79,41,730,SUP08,18000,2850,61,0,24,37,39,3,True,1,24,24,2880.0,3,0.0,0,120.0,984.0,0,1,31.5,8.6,1,0,1,0
2026-08-15,S02,P330,Chennai,Hypermarket,North,Beverages,Soft Drink,FizzUp,50,31,19,180,SUP04,18000,2850,297,0,173,124,319,4,True,1,173,173,8650.0,3,0.0,0,50.0,3287.0,0,1,31.5,8.6,1,0,1,0
2026-08-15,S02,P442,Chennai,Hypermarket,North,Snacks,Biscuits,Crispo,35,22,13,240,SUP06,18000,2850,261,0,110,151,195,2,True,1,110,110,3850.0,3,0.0,0,35.0,1430.0,0,1,31.5,8.6,1,0,1,0
2026-08-15,S03,P101,Madurai,Express,South,Dairy,Milk,Aavin,60,52,8,3,SUP01,4200,720,127,0,79,48,111,1,True,1,79,79,4740.0,3,0.0,1,60.0,632.0,0,1,33.7,3.0,1,0,1,0
2026-08-15,S03,P205,Madurai,Express,South,Personal Care,Shampoo,GlowCare,120,79,41,730,SUP08,4200,720,36,0,15,21,22,3,True,1,15,15,1800.0,3,0.0,0,120.0,615.0,0,1,33.7,3.0,1,0,1,0
2026-08-15,S03,P330,Madurai,Express,South,Beverages,Soft Drink,FizzUp,50,31,19,180,SUP04,4200,720,229,0,117,112,160,1,True,1,117,117,5850.0,3,0.0,0,50.0,2223.0,0,1,33.7,3.0,1,0,1,0
2026-08-15,S03,P442,Madurai,Express,South,Snacks,Biscuits,Crispo,35,22,13,240,SUP06,4200,720,121,19,58,82,89,1,True,1,58,58,2030.0,3,0.0,0,35.0,754.0,0,1,33.7,3.0,1,0,1,0
2026-08-15,S04,P101,Salem,Supermarket,Central,Dairy,Milk,Aavin,60,52,8,3,SUP01,7600,1080,209,0,98,111,148,4,True,1,98,98,5880.0,3,0.0,0,60.0,784.0,0,1,27.4,0.0,1,0,1,0
2026-08-15,S04,P205,Salem,Supermarket,Central,Personal Care,Shampoo,GlowCare,120,79,41,730,SUP08,7600,1080,36,7,20,23,26,4,True,1,20,20,2400.0,3,0.0,0,120.0,820.0,0,1,27.4,0.0,1,0,1,0
2026-08-15,S04,P330,Salem,Supermarket,Central,Beverages,Soft Drink,FizzUp,50,31,19,180,SUP04,7600,1080,260,0,112,148,219,3,True,1,112,112,5600.0,3,0.0,0,50.0,2128.0,0,1,27.4,0.0,1,0,1,0
2026-08-15,S04,P442,Salem,Supermarket,Central,Snacks,Biscuits,Crispo,35,22,13,240,SUP06,7600,1080,181,0,74,107,124,3,True,1,74,74,2590.0,3,0.0,0,35.0,962.0,0,1,27.4,0.0,1,0,1,0
2026-08-16,S01,P101,Coimbatore,Supermarket,West,Dairy,Milk,Aavin,60,52,8,3,SUP01,8500,1250,235,0,117,118,148,1,True,1,117,117,6669.0,3,5.0,1,57.0,585.0,0,1,26.9,7.1,0,0,1,0
2026-08-16,S01,P205,Coimbatore,Supermarket,West,Personal Care,Shampoo,GlowCare,120,79,41,730,SUP08,8500,1250,42,0,21,21,37,3,True,1,21,21,2520.0,3,0.0,0,120.0,861.0,0,1,26.9,7.1,0,0,1,0
2026-08-16,S01,P330,Coimbatore,Supermarket,West,Beverages,Soft Drink,FizzUp,50,31,19,180,SUP04,8500,1250,223,48,105,166,251,2,True,1,105,105,5250.0,3,0.0,0,50.0,1995.0,0,1,26.9,7.1,0,0,1,0
2026-08-16,S01,P442,Coimbatore,Supermarket,West,Snacks,Biscuits,Crispo,35,22,13,240,SUP06,8500,1250,127,0,85,42,135,2,True,1,85,85,2975.0,3,0.0,0,35.0,1105.0,0,1,26.9,7.1,0,0,1,0
2026-08-16,S02,P101,Chennai,Hypermarket,North,Dairy,Milk,Aavin,60,52,8,3,SUP01,18000,2850,311,0,171,140,224,4,True,1,171,171,10260.0,3,0.0,1,60.0,1368.0,0,1,34.0,6.8,0,0,1,0
2026-08-16,S02,P205,Chennai,Hypermarket,North,Personal Care,Shampoo,GlowCare,120,79,41,730,SUP08,18000,2850,50,0,29,21,38,2,True,1,29,29,3480.0,3,0.0,0,120.0,1189.0,0,1,34.0,6.8,0,0,1,0
2026-08-16,S02,P330,Chennai,Hypermarket,North,Beverages,Soft Drink,FizzUp,50,31,19,180,SUP04,18000,2850,415,0,188,227,317,3,True,1,188,188,9400.0,3,0.0,0,50.0,3572.0,0,1,34.0,6.8,0,0,1,0
2026-08-16,S02,P442,Chennai,Hypermarket,North,Snacks,Biscuits,Crispo,35,22,13,240,SUP06,18000,2850,180,78,105,153,204,4,True,1,105,105,3675.0,3,0.0,0,35.0,1365.0,0,1,34.0,6.8,0,0,1,0
2026-08-16,S03,P101,Madurai,Express,South,Dairy,Milk,Aavin,60,52,8,3,SUP01,4200,720,123,10,74,59,103,1,True,1,74,74,4440.0,3,0.0,0,60.0,592.0,0,1,33.4,0.0,0,0,1,0
2026-08-16,S03,P205,Madurai,Express,South,Personal Care,Shampoo,GlowCare,120,79,41,730,SUP08,4200,720,33,0,15,18,22,4,True,1,15,15,1800.0,3,0.0,0,120.0,615.0,0,1,33.4,0.0,0,0,1,0
2026-08-16,S03,P330,Madurai,Express,South,Beverages,Soft Drink,FizzUp,50,31,19,180,SUP04,4200,720,181,0,100,81,186,2,True,1,100,100,5000.0,3,0.0,1,50.0,1900.0,0,1,33.4,0.0,0,0,1,0
2026-08-16,S03,P442,Madurai,Express,South,Snacks,Biscuits,Crispo,35,22,13,240,SUP06,4200,720,127,0,57,70,102,2,True,1,57,57,1995.0,3,0.0,0,35.0,741.0,0,1,33.4,0.0,0,0,1,0
2026-08-16,S04,P101,Salem,Supermarket,Central,Dairy,Milk,Aavin,60,52,8,3,SUP01,7600,1080,176,0,89,87,185,3,True,1,89,89,5340.0,3,0.0,0,60.0,712.0,0,1,30.3,5.4,0,0,1,0
2026-08-16,S04,P205,Salem,Supermarket,Central,Personal Care,Shampoo,GlowCare,120,79,41,730,SUP08,7600,1080,24,0,17,7,26,2,True,1,17,17,2040.0,3,0.0,0,120.0,697.0,0,1,30.3,5.4,0,0,1,0
2026-08-16,S04,P330,Salem,Supermarket,Central,Beverages,Soft Drink,FizzUp,50,31,19,180,SUP04,7600,1080,202,44,133,113,165,1,True,1,133,133,5652.5,3,15.0,1,42.5,1529.5,0,1,30.3,5.4,0,0,1,0
2026-08-16,S04,P442,Salem,Supermarket,Central,Snacks,Biscuits,Crispo,35,22,13,240,SUP06,7600,1080,175,0,78,97,125,1,True,1,78,78,2730.0,3,0.0,0,35.0,1014.0,0,1,30.3,5.4,0,0,1,0
2026-08-17,S01,P101,Coimbatore,Supermarket,West,Dairy,Milk,Aavin,60,52,8,3,SUP01,8500,1250,194,21,92,123,170,1,True,1,92,92,5520.0,3,0.0,0,60.0,736.0,0,1,28.8,4.0,0,0,0,0
2026-08-17,S01,P205,Coimbatore,Supermarket,West,Personal Care,Shampoo,GlowCare,120,79,41,730,SUP08,8500,1250,28,19,16,31,38,3,True,1,16,16,1920.0,3,0.0,0,120.0,656.0,0,1,28.8,4.0,0,0,0,0
2026-08-17,S01,P330,Coimbatore,Supermarket,West,Beverages,Soft Drink,FizzUp,50,31,19,180,SUP04,8500,1250,227,91,140,178,213,3,True,1,140,140,7000.0,3,0.0,1,50.0,2660.0,0,1,28.8,4.0,0,0,0,0
2026-08-17,S01,P442,Coimbatore,Supermarket,West,Snacks,Biscuits,Crispo,35,22,13,240,SUP06,8500,1250,191,22,95,118,155,1,True,1,95,95,3325.0,3,0.0,1,35.0,1235.0,0,1,28.8,4.0,0,0,0,0
2026-08-17,S02,P101,Chennai,Hypermarket,North,Dairy,Milk,Aavin,60,52,8,3,SUP01,18000,2850,258,0,121,137,206,2,True,1,121,121,6534.0,3,10.0,1,54.0,242.0,0,1,34.9,4.1,0,0,0,0
2026-08-17,S02,P205,Chennai,Hypermarket,North,Personal Care,Shampoo,GlowCare,120,79,41,730,SUP08,18000,2850,38,12,27,23,48,1,True,1,27,27,2754.0,3,15.0,1,102.0,621.0,0,1,34.9,4.1,0,0,0,0
2026-08-17,S02,P330,Chennai,Hypermarket,North,Beverages,Soft Drink,FizzUp,50,31,19,180,SUP04,18000,2850,326,155,142,339,283,2,True,1,142,142,7100.0,3,0.0,0,50.0,2698.0,0,0,34.9,4.1,0,0,0,0
2026-08-17,S02,P442,Chennai,Hypermarket,North,Snacks,Biscuits,Crispo,35,22,13,240,SUP06,18000,2850,217,0,106,111,153,3,True,1,106,106,3339.0,3,10.0,1,31.5,1007.0,0,1,34.9,4.1,0,0,0,0
2026-08-17,S03,P101,Madurai,Express,South,Dairy,Milk,Aavin,60,52,8,3,SUP01,4200,720,170,76,70,176,107,2,True,1,70,70,4200.0,3,0.0,0,60.0,560.0,0,0,32.4,9.0,0,0,0,0
2026-08-17,S03,P205,Madurai,Express,South,Personal Care,Shampoo,GlowCare,120,79,41,730,SUP08,4200,720,32,0,15,17,22,4,True,1,15,15,1800.0,3,0.0,0,120.0,615.0,0,1,32.4,9.0,0,0,0,0
2026-08-17,S03,P330,Madurai,Express,South,Beverages,Soft Drink,FizzUp,50,31,19,180,SUP04,4200,720,212,0,93,119,158,2,True,1,93,93,4650.0,3,0.0,0,50.0,1767.0,0,1,32.4,9.0,0,0,0,0
2026-08-17,S03,P442,Madurai,Express,South,Snacks,Biscuits,Crispo,35,22,13,240,SUP06,4200,720,110,0,48,62,87,3,True,1,48,48,1680.0,3,0.0,0,35.0,624.0,0,1,32.4,9.0,0,0,0,0
2026-08-17,S04,P101,Salem,Supermarket,Central,Dairy,Milk,Aavin,60,52,8,3,SUP01,7600,1080,217,0,82,135,137,2,True,1,82,82,4920.0,3,0.0,0,60.0,656.0,0,1,30.7,1.2,0,0,0,0
2026-08-17,S04,P205,Salem,Supermarket,Central,Personal Care,Shampoo,GlowCare,120,79,41,730,SUP08,7600,1080,36,15,18,33,25,1,True,1,18,18,2160.0,3,0.0,0,120.0,738.0,0,0,30.7,1.2,0,0,0,0
2026-08-17,S04,P330,Salem,Supermarket,Central,Beverages,Soft Drink,FizzUp,50,31,19,180,SUP04,7600,1080,287,0,121,166,183,2,True,1,121,121,6050.0,3,0.0,0,50.0,2299.0,0,1,30.7,1.2,0,0,0,0
2026-08-17,S04,P442,Salem,Supermarket,Central,Snacks,Biscuits,Crispo,35,22,13,240,SUP06,7600,1080,180,0,93,87,139,3,True,1,93,93,3255.0,3,0.0,1,35.0,1209.0,0,1,30.7,1.2,0,0,0,0
2026-08-18,S01,P101,Coimbatore,Supermarket,West,Dairy,Milk,Aavin,60,52,8,3,SUP01,8500,1250,241,0,111,130,208,3,True,1,111,111,6660.0,3,0.0,0,60.0,888.0,0,1,31.1,0.0,0,0,0,0
2026-08-18,S01,P205,Coimbatore,Supermarket,West,Personal Care,Shampoo,GlowCare,120,79,41,730,SUP08,8500,1250,32,0,16,16,33,3,True,1,16,16,1920.0,3,0.0,0,120.0,656.0,0,1,31.1,0.0,0,0,0,0
2026-08-18,S01,P330,Coimbatore,Supermarket,West,Beverages,Soft Drink,FizzUp,50,31,19,180,SUP04,8500,1250,325,0,133,192,202,2,True,1,133,133,6650.0,3,0.0,0,50.0,2527.0,0,1,31.1,0.0,0,0,0,0
2026-08-18,S01,P442,Coimbatore,Supermarket,West,Snacks,Biscuits,Crispo,35,22,13,240,SUP06,8500,1250,204,0,92,112,150,4,True,1,92,92,3220.0,3,0.0,0,35.0,1196.0,0,1,31.1,0.0,0,0,0,0
2026-08-18,S02,P101,Chennai,Hypermarket,North,Dairy,Milk,Aavin,60,52,8,3,SUP01,18000,2850,202,0,144,58,237,2,True,1,144,144,8640.0,3,0.0,1,60.0,1152.0,0,1,32.5,1.9,0,0,0,0
2026-08-18,S02,P205,Chennai,Hypermarket,North,Personal Care,Shampoo,GlowCare,120,79,41,730,SUP08,18000,2850,36,0,31,5,46,2,True,1,31,31,3348.0,3,10.0,1,108.0,899.0,0,1,32.5,1.9,0,0,0,0
2026-08-18,S02,P330,Chennai,Hypermarket,North,Beverages,Soft Drink,FizzUp,50,31,19,180,SUP04,18000,2850,373,0,165,208,267,3,True,1,165,165,8250.0,3,0.0,0,50.0,3135.0,0,1,32.5,1.9,0,0,0,0
2026-08-18,S02,P442,Chennai,Hypermarket,North,Snacks,Biscuits,Crispo,35,22,13,240,SUP06,18000,2850,171,115,106,180,191,3,True,1,106,106,3710.0,3,0.0,0,35.0,1378.0,0,1,32.5,1.9,0,0,0,0
2026-08-18,S03,P101,Madurai,Express,South,Dairy,Milk,Aavin,60,52,8,3,SUP01,4200,720,119,0,63,56,118,2,True,1,63,63,3780.0,3,0.0,0,60.0,504.0,0,1,34.0,4.4,0,0,0,0
2026-08-18,S03,P205,Madurai,Express,South,Personal Care,Shampoo,GlowCare,120,79,41,730,SUP08,4200,720,29,0,13,16,25,1,True,1,13,13,1560.0,2,0.0,0,120.0,533.0,0,1,34.0,4.4,0,0,0,0
2026-08-18,S03,P330,Madurai,Express,South,Beverages,Soft Drink,FizzUp,50,31,19,180,SUP04,4200,720,153,0,96,57,132,2,True,1,96,96,4320.0,3,10.0,1,45.0,1344.0,0,1,34.0,4.4,0,0,0,0
2026-08-18,S03,P442,Madurai,Express,South,Snacks,Biscuits,Crispo,35,22,13,240,SUP06,4200,720,136,0,59,77,96,4,True,1,59,59,2065.0,3,0.0,0,35.0,767.0,0,1,34.0,4.4,0,0,0,0
2026-08-18,S04,P101,Salem,Supermarket,Central,Dairy,Milk,Aavin,60,52,8,3,SUP01,7600,1080,153,0,83,70,133,1,True,1,83,83,4980.0,3,0.0,0,60.0,664.0,0,1,31.9,4.7,0,0,0,0
2026-08-18,S04,P205,Salem,Supermarket,Central,Personal Care,Shampoo,GlowCare,120,79,41,730,SUP08,7600,1080,42,4,17,29,29,3,True,1,17,17,1938.0,3,5.0,1,114.0,595.0,0,1,31.9,4.7,0,0,0,0
2026-08-18,S04,P330,Salem,Supermarket,Central,Beverages,Soft Drink,FizzUp,50,31,19,180,SUP04,7600,1080,288,0,141,147,196,2,True,1,141,141,5992.5,3,15.0,1,42.5,1621.5,0,1,31.9,4.7,0,0,0,0
2026-08-18,S04,P442,Salem,Supermarket,Central,Snacks,Biscuits,Crispo,35,22,13,240,SUP06,7600,1080,106,0,86,20,135,1,True,1,86,86,3010.0,3,0.0,0,35.0,1118.0,0,1,31.9,4.7,0,0,0,0
2026-08-19,S01,P101,Coimbatore,Supermarket,West,Dairy,Milk,Aavin,60,52,8,3,SUP01,8500,1250,210,0,110,100,203,3,True,1,110,110,6600.0,3,0.0,0,60.0,880.0,0,1,28.5,0.0,0,0,0,0
2026-08-19,S01,P205,Coimbatore,Supermarket,West,Personal Care,Shampoo,GlowCare,120,79,41,730,SUP08,8500,1250,32,0,19,13,32,3,True,1,19,19,2280.0,3,0.0,0,120.0,779.0,0,1,28.5,0.0,0,0,0,0
2026-08-19,S01,P330,Coimbatore,Supermarket,West,Beverages,Soft Drink,FizzUp,50,31,19,180,SUP04,8500,1250,281,0,113,168,236,2,True,1,113,113,5650.0,3,0.0,0,50.0,2147.0,0,1,28.5,0.0,0,0,0,0
2026-08-19,S01,P442,Coimbatore,Supermarket,West,Snacks,Biscuits,Crispo,35,22,13,240,SUP06,8500,1250,209,34,81,162,147,3,True,1,81,81,2835.0,3,0.0,0,35.0,1053.0,0,0,28.5,0.0,0,0,0,0
2026-08-19,S02,P101,Chennai,Hypermarket,North,Dairy,Milk,Aavin,60,52,8,3,SUP01,18000,2850,251,0,137,114,242,2,True,1,137,137,8220.0,3,0.0,0,60.0,1096.0,0,1,34.7,9.9,0,0,0,0
2026-08-19,S02,P205,Chennai,Hypermarket,North,Personal Care,Shampoo,GlowCare,120,79,41,730,SUP08,18000,2850,65,21,25,61,39,2,True,1,25,25,3000.0,3,0.0,0,120.0,1025.0,0,0,34.7,9.9,0,0,0,0
2026-08-19,S02,P330,Chennai,Hypermarket,North,Beverages,Soft Drink,FizzUp,50,31,19,180,SUP04,18000,2850,378,104,210,272,256,2,True,1,210,210,9975.0,3,5.0,1,47.5,3465.0,0,0,34.7,9.9,0,0,0,0
2026-08-19,S02,P442,Chennai,Hypermarket,North,Snacks,Biscuits,Crispo,35,22,13,240,SUP06,18000,2850,175,0,92,83,179,1,True,1,92,92,3220.0,3,0.0,0,35.0,1196.0,0,1,34.7,9.9,0,0,0,0
2026-08-19,S03,P101,Madurai,Express,South,Dairy,Milk,Aavin,60,52,8,3,SUP01,4200,720,174,57,58,173,134,1,True,1,58,58,3480.0,3,0.0,0,60.0,464.0,0,0,30.0,1.4,0,0,0,1
2026-08-19,S03,P205,Madurai,Express,South,Personal Care,Shampoo,GlowCare,120,79,41,730,SUP08,4200,720,30,0,15,15,28,2,True,1,15,15,1800.0,3,0.0,0,120.0,615.0,0,1,30.0,1.4,0,0,0,1
2026-08-19,S03,P330,Madurai,Express,South,Beverages,Soft Drink,FizzUp,50,31,19,180,SUP04,4200,720,214,0,105,109,154,3,True,1,105,105,5250.0,3,0.0,1,50.0,1995.0,0,1,30.0,1.4,0,0,0,1
2026-08-19,S03,P442,Madurai,Express,South,Snacks,Biscuits,Crispo,35,22,13,240,SUP06,4200,720,104,12,53,63,117,2,True,1,53,53,1855.0,3,0.0,0,35.0,689.0,0,1,30.0,1.4,0,0,0,1
2026-08-19,S04,P101,Salem,Supermarket,Central,Dairy,Milk,Aavin,60,52,8,3,SUP01,7600,1080,169,0,86,83,181,3,True,1,86,86,5160.0,3,0.0,0,60.0,688.0,0,1,28.5,0.4,0,0,0,0
2026-08-19,S04,P205,Salem,Supermarket,Central,Personal Care,Shampoo,GlowCare,120,79,41,730,SUP08,7600,1080,30,0,16,14,34,3,True,1,16,16,1824.0,3,5.0,1,114.0,560.0,0,1,28.5,0.4,0,0,0,0
2026-08-19,S04,P330,Salem,Supermarket,Central,Beverages,Soft Drink,FizzUp,50,31,19,180,SUP04,7600,1080,186,62,111,137,168,2,True,1,111,111,5550.0,3,0.0,0,50.0,2109.0,0,1,28.5,0.4,0,0,0,0
2026-08-19,S04,P442,Salem,Supermarket,Central,Snacks,Biscuits,Crispo,35,22,13,240,SUP06,7600,1080,177,4,70,111,135,3,True,1,70,70,2450.0,3,0.0,0,35.0,910.0,0,1,28.5,0.4,0,0,0,0
2026-08-20,S01,P101,Coimbatore,Supermarket,West,Dairy,Milk,Aavin,60,52,8,3,SUP01,8500,1250,151,0,94,57,199,3,True,1,94,94,5640.0,3,0.0,0,60.0,752.0,0,1,28.9,2.8,0,0,0,0
2026-08-20,S01,P205,Coimbatore,Supermarket,West,Personal Care,Shampoo,GlowCare,120,79,41,730,SUP08,8500,1250,32,5,19,18,33,1,True,1,19,19,2280.0,3,0.0,0,120.0,779.0,0,1,28.9,2.8,0,0,0,0
2026-08-20,S01,P330,Coimbatore,Supermarket,West,Beverages,Soft Drink,FizzUp,50,31,19,180,SUP04,8500,1250,307,0,132,175,251,4,True,1,132,132,6600.0,3,0.0,0,50.0,2508.0,0,1,28.9,2.8,0,0,0,0
2026-08-20,S01,P442,Coimbatore,Supermarket,West,Snacks,Biscuits,Crispo,35,22,13,240,SUP06,8500,1250,202,0,74,128,115,4,True,1,74,74,2590.0,3,0.0,0,35.0,962.0,0,0,28.9,2.8,0,0,0,0
2026-08-20,S02,P101,Chennai,Hypermarket,North,Dairy,Milk,Aavin,60,52,8,3,SUP01,18000,2850,295,0,137,158,202,4,True,1,137,137,8220.0,3,0.0,0,60.0,1096.0,0,1,33.8,7.9,0,0,0,0
2026-08-20,S02,P205,Chennai,Hypermarket,North,Personal Care,Shampoo,GlowCare,120,79,41,730,SUP08,18000,2850,59,0,31,28,50,1,True,1,31,31,3720.0,3,0.0,0,120.0,1271.0,0,1,33.8,7.9,0,0,0,0
2026-08-20,S02,P330,Chennai,Hypermarket,North,Beverages,Soft Drink,FizzUp,50,31,19,180,SUP04,18000,2850,391,0,159,232,243,4,True,1,159,159,7950.0,3,0.0,0,50.0,3021.0,0,1,33.8,7.9,0,0,0,0
2026-08-20,S02,P442,Chennai,Hypermarket,North,Snacks,Biscuits,Crispo,35,22,13,240,SUP06,18000,2850,176,0,116,60,156,4,True,1,116,116,4060.0,3,0.0,0,35.0,1508.0,0,1,33.8,7.9,0,0,0,0
2026-08-20,S03,P101,Madurai,Express,South,Dairy,Milk,Aavin,60,52,8,3,SUP01,4200,720,129,0,75,54,110,2,True,1,75,75,4500.0,3,0.0,0,60.0,600.0,0,1,36.2,0.0,0,0,0,0
2026-08-20,S03,P205,Madurai,Express,South,Personal Care,Shampoo,GlowCare,120,79,41,730,SUP08,4200,720,28,16,13,31,21,1,True,1,13,13,1560.0,3,0.0,0,120.0,533.0,0,0,36.2,0.0,0,0,0,0
2026-08-20,S03,P330,Madurai,Express,South,Beverages,Soft Drink,FizzUp,50,31,19,180,SUP04,4200,720,208,50,118,140,179,2,True,1,118,118,5605.0,3,5.0,1,47.5,1947.0,0,1,36.2,0.0,0,0,0,0
2026-08-20,S03,P442,Madurai,Express,South,Snacks,Biscuits,Crispo,35,22,13,240,SUP06,4200,720,100,0,54,46,117,2,True,1,54,54,1890.0,3,0.0,0,35.0,702.0,0,1,36.2,0.0,0,0,0,0
2026-08-20,S04,P101,Salem,Supermarket,Central,Dairy,Milk,Aavin,60,52,8,3,SUP01,7600,1080,212,0,92,120,139,3,True,1,92,92,5520.0,3,0.0,0,60.0,736.0,0,1,32.2,2.4,0,0,0,0
2026-08-20,S04,P205,Salem,Supermarket,Central,Personal Care,Shampoo,GlowCare,120,79,41,730,SUP08,7600,1080,36,0,17,19,32,4,True,1,17,17,2040.0,3,0.0,0,120.0,697.0,0,1,32.2,2.4,0,0,0,0
2026-08-20,S04,P330,Salem,Supermarket,Central,Beverages,Soft Drink,FizzUp,50,31,19,180,SUP04,7600,1080,177,0,100,77,205,2,True,1,100,100,5000.0,3,0.0,0,50.0,1900.0,0,1,32.2,2.4,0,0,0,0
2026-08-20,S04,P442,Salem,Supermarket,Central,Snacks,Biscuits,Crispo,35,22,13,240,SUP06,7600,1080,167,0,66,101,146,4,True,1,66,66,2310.0,3,0.0,0,35.0,858.0,0,1,32.2,2.4,0,0,0,0
2026-08-21,S01,P101,Coimbatore,Supermarket,West,Dairy,Milk,Aavin,60,52,8,3,SUP01,8500,1250,184,0,78,106,145,2,True,1,78,78,4680.0,3,0.0,0,60.0,624.0,0,1,31.5,11.8,0,0,0,1
2026-08-21,S01,P205,Coimbatore,Supermarket,West,Personal Care,Shampoo,GlowCare,120,79,41,730,SUP08,8500,1250,44,0,19,25,29,3,True,1,19,19,2280.0,3,0.0,0,120.0,779.0,0,1,31.5,11.8,0,0,0,1
2026-08-21,S01,P330,Coimbatore,Supermarket,West,Beverages,Soft Drink,FizzUp,50,31,19,180,SUP04,8500,1250,290,69,119,240,190,4,True,1,119,119,5950.0,3,0.0,0,50.0,2261.0,0,0,31.5,11.8,0,0,0,1
2026-08-21,S01,P442,Coimbatore,Supermarket,West,Snacks,Biscuits,Crispo,35,22,13,240,SUP06,8500,1250,204,0,73,131,149,4,True,1,73,73,2555.0,3,0.0,0,35.0,949.0,0,1,31.5,11.8,0,0,0,1
2026-08-21,S02,P101,Chennai,Hypermarket,North,Dairy,Milk,Aavin,60,52,8,3,SUP01,18000,2850,224,0,104,120,244,4,True,1,104,104,6240.0,3,0.0,0,60.0,832.0,0,1,33.0,0.0,0,0,0,0
2026-08-21,S02,P205,Chennai,Hypermarket,North,Personal Care,Shampoo,GlowCare,120,79,41,730,SUP08,18000,2850,58,0,26,32,47,1,True,1,26,26,3120.0,3,0.0,0,120.0,1066.0,0,1,33.0,0.0,0,0,0,0
2026-08-21,S02,P330,Chennai,Hypermarket,North,Beverages,Soft Drink,FizzUp,50,31,19,180,SUP04,18000,2850,306,0,189,117,307,4,True,1,189,189,9450.0,3,0.0,0,50.0,3591.0,0,1,33.0,0.0,0,0,0,0
2026-08-21,S02,P442,Chennai,Hypermarket,North,Snacks,Biscuits,Crispo,35,22,13,240,SUP06,18000,2850,247,0,121,126,170,4,True,1,121,121,4235.0,3,0.0,1,35.0,1573.0,0,1,33.0,0.0,0,0,0,0
2026-08-21,S03,P101,Madurai,Express,South,Dairy,Milk,Aavin,60,52,8,3,SUP01,4200,720,168,42,90,120,118,3,True,1,90,90,4860.0,3,10.0,1,54.0,180.0,0,0,36.9,2.4,0,0,0,0
2026-08-21,S03,P205,Madurai,Express,South,Personal Care,Shampoo,GlowCare,120,79,41,730,SUP08,4200,720,23,0,15,8,23,4,True,1,15,15,1800.0,3,0.0,1,120.0,615.0,0,1,36.9,2.4,0,0,0,0
2026-08-21,S03,P330,Madurai,Express,South,Beverages,Soft Drink,FizzUp,50,31,19,180,SUP04,4200,720,174,0,97,77,152,3,True,1,97,97,4850.0,3,0.0,0,50.0,1843.0,0,1,36.9,2.4,0,0,0,0
2026-08-21,S03,P442,Madurai,Express,South,Snacks,Biscuits,Crispo,35,22,13,240,SUP06,4200,720,104,0,63,41,85,4,True,1,63,63,2205.0,3,0.0,1,35.0,819.0,0,1,36.9,2.4,0,0,0,0
2026-08-21,S04,P101,Salem,Supermarket,Central,Dairy,Milk,Aavin,60,52,8,3,SUP01,7600,1080,159,0,87,72,183,1,True,1,87,87,5220.0,3,0.0,0,60.0,696.0,0,1,31.7,5.1,0,0,0,0
2026-08-21,S04,P205,Salem,Supermarket,Central,Personal Care,Shampoo,GlowCare,120,79,41,730,SUP08,7600,1080,26,0,21,5,34,4,True,1,21,21,2520.0,3,0.0,1,120.0,861.0,0,1,31.7,5.1,0,0,0,0
2026-08-21,S04,P330,Salem,Supermarket,Central,Beverages,Soft Drink,FizzUp,50,31,19,180,SUP04,7600,1080,188,0,123,65,182,2,True,1,123,123,6150.0,3,0.0,0,50.0,2337.0,0,1,31.7,5.1,0,0,0,0
2026-08-21,S04,P442,Salem,Supermarket,Central,Snacks,Biscuits,Crispo,35,22,13,240,SUP06,7600,1080,133,61,56,138,145,3,True,1,56,56,1960.0,3,0.0,0,35.0,728.0,0,1,31.7,5.1,0,0,0,0
2026-08-22,S01,P101,Coimbatore,Supermarket,West,Dairy,Milk,Aavin,60,52,8,3,SUP01,8500,1250,226,0,107,119,204,4,True,1,107,107,6420.0,3,0.0,0,60.0,856.0,0,1,28.5,0.0,0,0,1,0
2026-08-22,S01,P205,Coimbatore,Supermarket,West,Personal Care,Shampoo,GlowCare,120,79,41,730,SUP08,8500,1250,34,0,18,16,30,2,True,1,18,18,2160.0,3,0.0,0,120.0,738.0,0,1,28.5,0.0,0,0,1,0
2026-08-22,S01,P330,Coimbatore,Supermarket,West,Beverages,Soft Drink,FizzUp,50,31,19,180,SUP04,8500,1250,274,0,151,123,242,2,True,1,151,151,7550.0,3,0.0,0,50.0,2869.0,0,1,28.5,0.0,0,0,1,0
2026-08-22,S01,P442,Coimbatore,Supermarket,West,Snacks,Biscuits,Crispo,35,22,13,240,SUP06,8500,1250,178,33,80,131,154,4,True,1,80,80,2800.0,3,0.0,0,35.0,1040.0,0,1,28.5,0.0,0,0,1,0
2026-08-22,S02,P101,Chennai,Hypermarket,North,Dairy,Milk,Aavin,60,52,8,3,SUP01,18000,2850,197,0,146,51,270,2,True,1,146,146,8760.0,3,0.0,0,60.0,1168.0,0,1,32.6,1.2,0,0,1,0
2026-08-22,S02,P205,Chennai,Hypermarket,North,Personal Care,Shampoo,GlowCare,120,79,41,730,SUP08,18000,2850,57,0,20,37,39,4,True,1,20,20,2400.0,3,0.0,0,120.0,820.0,0,1,32.6,1.2,0,0,1,0
2026-08-22,S02,P330,Chennai,Hypermarket,North,Beverages,Soft Drink,FizzUp,50,31,19,180,SUP04,18000,2850,337,74,179,232,323,1,True,1,179,179,8950.0,3,0.0,0,50.0,3401.0,0,1,32.6,1.2,0,0,1,0
2026-08-22,S02,P442,Chennai,Hypermarket,North,Snacks,Biscuits,Crispo,35,22,13,240,SUP06,18000,2850,212,0,151,61,191,1,True,1,151,151,4756.5,3,10.0,1,31.5,1434.5,0,1,32.6,1.2,0,0,1,0
2026-08-22,S03,P101,Madurai,Express,South,Dairy,Milk,Aavin,60,52,8,3,SUP01,4200,720,107,0,75,32,105,2,True,1,75,75,4500.0,3,0.0,0,60.0,600.0,0,1,36.5,0.0,0,0,1,1
2026-08-22,S03,P205,Madurai,Express,South,Personal Care,Shampoo,GlowCare,120,79,41,730,SUP08,4200,720,36,9,16,29,20,3,True,1,16,16,1920.0,3,0.0,0,120.0,656.0,0,0,36.5,0.0,0,0,1,1
2026-08-22,S03,P330,Madurai,Express,South,Beverages,Soft Drink,FizzUp,50,31,19,180,SUP04,4200,720,168,0,91,77,167,3,True,1,91,91,4550.0,3,0.0,0,50.0,1729.0,0,1,36.5,0.0,0,0,1,1
2026-08-22,S03,P442,Madurai,Express,South,Snacks,Biscuits,Crispo,35,22,13,240,SUP06,4200,720,129,0,59,70,89,2,True,1,59,59,2065.0,3,0.0,0,35.0,767.0,0,1,36.5,0.0,0,0,1,1
2026-08-22,S04,P101,Salem,Supermarket,Central,Dairy,Milk,Aavin,60,52,8,3,SUP01,7600,1080,161,74,115,120,136,2,True,1,115,115,6900.0,3,0.0,0,60.0,920.0,0,1,29.9,0.5,0,0,1,0
2026-08-22,S04,P205,Salem,Supermarket,Central,Personal Care,Shampoo,GlowCare,120,79,41,730,SUP08,7600,1080,41,0,22,19,32,1,True,1,22,22,2640.0,3,0.0,0,120.0,902.0,0,1,29.9,0.5,0,0,1,0
2026-08-22,S04,P330,Salem,Supermarket,Central,Beverages,Soft Drink,FizzUp,50,31,19,180,SUP04,7600,1080,291,0,100,191,191,4,True,1,100,100,5000.0,3,0.0,0,50.0,1900.0,0,1,29.9,0.5,0,0,1,0
2026-08-22,S04,P442,Salem,Supermarket,Central,Snacks,Biscuits,Crispo,35,22,13,240,SUP06,7600,1080,179,0,76,103,122,4,True,1,76,76,2660.0,3,0.0,0,35.0,988.0,0,1,29.9,0.5,0,0,1,0
2026-08-23,S01,P101,Coimbatore,Supermarket,West,Dairy,Milk,Aavin,60,52,8,3,SUP01,8500,1250,233,103,119,217,144,2,True,1,119,119,7140.0,3,0.0,0,60.0,952.0,0,0,28.5,1.2,0,0,1,0
2026-08-23,S01,P205,Coimbatore,Supermarket,West,Personal Care,Shampoo,GlowCare,120,79,41,730,SUP08,8500,1250,41,0,21,20,28,3,True,1,21,21,2520.0,3,0.0,0,120.0,861.0,0,1,28.5,1.2,0,0,1,0
2026-08-23,S01,P330,Coimbatore,Supermarket,West,Beverages,Soft Drink,FizzUp,50,31,19,180,SUP04,8500,1250,227,0,147,80,210,4,True,1,147,147,7350.0,3,0.0,0,50.0,2793.0,0,1,28.5,1.2,0,0,1,0
2026-08-23,S01,P442,Coimbatore,Supermarket,West,Snacks,Biscuits,Crispo,35,22,13,240,SUP06,8500,1250,188,17,77,128,157,2,True,1,77,77,2695.0,3,0.0,0,35.0,1001.0,0,1,28.5,1.2,0,0,1,0
2026-08-23,S02,P101,Chennai,Hypermarket,North,Dairy,Milk,Aavin,60,52,8,3,SUP01,18000,2850,297,0,135,162,196,3,True,1,135,135,8100.0,3,0.0,0,60.0,1080.0,0,1,32.5,0.8,0,0,1,0
2026-08-23,S02,P205,Chennai,Hypermarket,North,Personal Care,Shampoo,GlowCare,120,79,41,730,SUP08,18000,2850,53,0,30,23,44,2,True,1,30,30,3600.0,3,0.0,0,120.0,1230.0,0,1,32.5,0.8,0,0,1,0
2026-08-23,S02,P330,Chennai,Hypermarket,North,Beverages,Soft Drink,FizzUp,50,31,19,180,SUP04,18000,2850,298,0,186,112,356,3,True,1,186,186,9300.0,3,0.0,0,50.0,3534.0,0,1,32.5,0.8,0,0,1,0
2026-08-23,S02,P442,Chennai,Hypermarket,North,Snacks,Biscuits,Crispo,35,22,13,240,SUP06,18000,2850,166,33,127,72,161,1,True,1,127,127,4222.75,3,5.0,1,33.25,1428.75,0,1,32.5,0.8,0,0,1,0
2026-08-23,S03,P101,Madurai,Express,South,Dairy,Milk,Aavin,60,52,8,3,SUP01,4200,720,191,24,90,125,147,1,True,1,90,90,4590.0,3,15.0,1,51.0,-90.0,0,1,33.6,4.2,0,0,1,0
2026-08-23,S03,P205,Madurai,Express,South,Personal Care,Shampoo,GlowCare,120,79,41,730,SUP08,4200,720,30,0,15,15,24,3,True,1,15,15,1800.0,3,0.0,0,120.0,615.0,0,1,33.6,4.2,0,0,1,0
2026-08-23,S03,P330,Madurai,Express,South,Beverages,Soft Drink,FizzUp,50,31,19,180,SUP04,4200,720,164,0,92,72,133,2,True,1,92,92,4600.0,3,0.0,0,50.0,1748.0,0,1,33.6,4.2,0,0,1,0
2026-08-23,S03,P442,Madurai,Express,South,Snacks,Biscuits,Crispo,35,22,13,240,SUP06,4200,720,89,0,60,29,82,1,True,1,60,60,2100.0,3,0.0,0,35.0,780.0,0,1,33.6,4.2,0,0,1,0
2026-08-23,S04,P101,Salem,Supermarket,Central,Dairy,Milk,Aavin,60,52,8,3,SUP01,7600,1080,139,0,91,48,177,4,True,1,91,91,4641.0,3,15.0,1,51.0,-91.0,0,1,30.1,11.0,0,0,1,0
2026-08-23,S04,P205,Salem,Supermarket,Central,Personal Care,Shampoo,GlowCare,120,79,41,730,SUP08,7600,1080,36,3,14,25,26,2,True,1,14,14,1680.0,3,0.0,0,120.0,574.0,0,1,30.1,11.0,0,0,1,0
2026-08-23,S04,P330,Salem,Supermarket,Central,Beverages,Soft Drink,FizzUp,50,31,19,180,SUP04,7600,1080,165,0,109,56,209,4,True,1,109,109,5450.0,3,0.0,0,50.0,2071.0,0,1,30.1,11.0,0,0,1,0
2026-08-23,S04,P442,Salem,Supermarket,Central,Snacks,Biscuits,Crispo,35,22,13,240,SUP06,7600,1080,117,71,74,114,128,2,True,1,74,74,2590.0,3,0.0,0,35.0,962.0,0,1,30.1,11.0,0,0,1,0
2026-08-24,S01,P101,Coimbatore,Supermarket,West,Dairy,Milk,Aavin,60,52,8,3,SUP01,8500,1250,215,0,95,120,163,3,True,1,95,95,5700.0,3,0.0,0,60.0,760.0,0,1,30.6,5.8,0,0,0,0
2026-08-24,S01,P205,Coimbatore,Supermarket,West,Personal Care,Shampoo,GlowCare,120,79,41,730,SUP08,8500,1250,48,20,17,51,28,3,True,1,17,17,2040.0,3,0.0,0,120.0,697.0,0,0,30.6,5.8,0,0,0,0
2026-08-24,S01,P330,Coimbatore,Supermarket,West,Beverages,Soft Drink,FizzUp,50,31,19,180,SUP04,8500,1250,260,66,169,157,217,1,True,1,169,169,7605.0,3,10.0,1,45.0,2366.0,0,1,30.6,5.8,0,0,0,0
2026-08-24,S01,P442,Coimbatore,Supermarket,West,Snacks,Biscuits,Crispo,35,22,13,240,SUP06,8500,1250,114,16,93,37,135,4,True,1,93,93,2766.75,3,15.0,1,29.75,720.75,0,1,30.6,5.8,0,0,0,0
2026-08-24,S02,P101,Chennai,Hypermarket,North,Dairy,Milk,Aavin,60,52,8,3,SUP01,18000,2850,265,0,135,130,260,2,True,1,135,135,8100.0,3,0.0,0,60.0,1080.0,0,1,34.0,3.0,0,0,0,0
2026-08-24,S02,P205,Chennai,Hypermarket,North,Personal Care,Shampoo,GlowCare,120,79,41,730,SUP08,18000,2850,65,0,22,43,48,3,True,1,22,22,2640.0,3,0.0,0,120.0,902.0,0,1,34.0,3.0,0,0,0,0
2026-08-24,S02,P330,Chennai,Hypermarket,North,Beverages,Soft Drink,FizzUp,50,31,19,180,SUP04,18000,2850,412,87,172,327,319,4,True,1,172,172,8600.0,3,0.0,0,50.0,3268.0,0,0,34.0,3.0,0,0,0,0
2026-08-24,S02,P442,Chennai,Hypermarket,North,Snacks,Biscuits,Crispo,35,22,13,240,SUP06,18000,2850,165,107,112,160,178,2,True,1,112,112,3920.0,3,0.0,0,35.0,1456.0,0,1,34.0,3.0,0,0,0,0
2026-08-24,S03,P101,Madurai,Express,South,Dairy,Milk,Aavin,60,52,8,3,SUP01,4200,720,154,0,81,73,126,2,True,1,81,81,4860.0,3,0.0,1,60.0,648.0,0,1,33.9,1.3,0,0,0,1
2026-08-24,S03,P205,Madurai,Express,South,Personal Care,Shampoo,GlowCare,120,79,41,730,SUP08,4200,720,21,0,13,8,22,3,True,1,13,13,1560.0,3,0.0,0,120.0,533.0,0,1,33.9,1.3,0,0,0,1
2026-08-24,S03,P330,Madurai,Express,South,Beverages,Soft Drink,FizzUp,50,31,19,180,SUP04,4200,720,160,0,84,76,150,1,True,1,84,84,4200.0,3,0.0,0,50.0,1596.0,0,1,33.9,1.3,0,0,0,1
2026-08-24,S03,P442,Madurai,Express,South,Snacks,Biscuits,Crispo,35,22,13,240,SUP06,4200,720,81,41,61,61,98,4,True,1,61,61,2135.0,3,0.0,0,35.0,793.0,0,1,33.9,1.3,0,0,0,1
2026-08-24,S04,P101,Salem,Supermarket,Central,Dairy,Milk,Aavin,60,52,8,3,SUP01,7600,1080,194,0,118,76,129,3,True,1,118,118,6018.0,3,15.0,1,51.0,-118.0,0,1,31.0,6.5,0,0,0,0
2026-08-24,S04,P205,Salem,Supermarket,Central,Personal Care,Shampoo,GlowCare,120,79,41,730,SUP08,7600,1080,27,0,15,12,34,2,True,1,15,15,1800.0,3,0.0,0,120.0,615.0,0,1,31.0,6.5,0,0,0,0
2026-08-24,S04,P330,Salem,Supermarket,Central,Beverages,Soft Drink,FizzUp,50,31,19,180,SUP04,7600,1080,236,0,115,121,203,3,True,1,115,115,5750.0,3,0.0,0,50.0,2185.0,0,1,31.0,6.5,0,0,0,0
2026-08-24,S04,P442,Salem,Supermarket,Central,Snacks,Biscuits,Crispo,35,22,13,240,SUP06,7600,1080,176,0,78,98,145,3,True,1,78,78,2730.0,3,0.0,0,35.0,1014.0,0,1,31.0,6.5,0,0,0,0
2026-08-25,S01,P101,Coimbatore,Supermarket,West,Dairy,Milk,Aavin,60,52,8,3,SUP01,8500,1250,171,108,96,183,206,4,True,1,96,96,5760.0,3,0.0,0,60.0,768.0,0,1,27.7,3.2,0,1,0,0
2026-08-25,S01,P205,Coimbatore,Supermarket,West,Personal Care,Shampoo,GlowCare,120,79,41,730,SUP08,8500,1250,44,2,19,27,34,2,True,1,19,19,2280.0,3,0.0,0,120.0,779.0,0,1,27.7,3.2,0,1,0,0
2026-08-25,S01,P330,Coimbatore,Supermarket,West,Beverages,Soft Drink,FizzUp,50,31,19,180,SUP04,8500,1250,305,0,147,158,204,3,True,1,147,147,7350.0,3,0.0,0,50.0,2793.0,0,1,27.7,3.2,0,1,0,0
2026-08-25,S01,P442,Coimbatore,Supermarket,West,Snacks,Biscuits,Crispo,35,22,13,240,SUP06,8500,1250,113,58,106,65,130,4,True,1,106,106,3524.5,3,5.0,1,33.25,1192.5,0,1,27.7,3.2,0,1,0,0
2026-08-25,S02,P101,Chennai,Hypermarket,North,Dairy,Milk,Aavin,60,52,8,3,SUP01,18000,2850,294,160,146,308,238,1,True,1,146,146,8760.0,3,0.0,0,60.0,1168.0,0,0,31.1,7.8,0,1,0,0
2026-08-25,S02,P205,Chennai,Hypermarket,North,Personal Care,Shampoo,GlowCare,120,79,41,730,SUP08,18000,2850,63,0,19,44,47,4,True,1,19,19,2280.0,3,0.0,0,120.0,779.0,0,1,31.1,7.8,0,1,0,0
2026-08-25,S02,P330,Chennai,Hypermarket,North,Beverages,Soft Drink,FizzUp,50,31,19,180,SUP04,18000,2850,425,0,213,212,257,4,True,1,213,213,9585.0,3,10.0,1,45.0,2982.0,0,1,31.1,7.8,0,1,0,0
2026-08-25,S02,P442,Chennai,Hypermarket,North,Snacks,Biscuits,Crispo,35,22,13,240,SUP06,18000,2850,199,0,117,82,189,2,True,1,117,117,4095.0,3,0.0,0,35.0,1521.0,0,1,31.1,7.8,0,1,0,0
2026-08-25,S03,P101,Madurai,Express,South,Dairy,Milk,Aavin,60,52,8,3,SUP01,4200,720,123,0,53,70,125,4,True,1,53,53,3180.0,3,0.0,0,60.0,424.0,0,1,34.7,0.0,0,1,0,0
2026-08-25,S03,P205,Madurai,Express,South,Personal Care,Shampoo,GlowCare,120,79,41,730,SUP08,4200,720,22,0,14,8,27,4,True,1,14,14,1680.0,3,0.0,0,120.0,574.0,0,1,34.7,0.0,0,1,0,0
2026-08-25,S03,P330,Madurai,Express,South,Beverages,Soft Drink,FizzUp,50,31,19,180,SUP04,4200,720,131,0,92,39,176,1,True,1,92,92,4600.0,3,0.0,0,50.0,1748.0,0,1,34.7,0.0,0,1,0,0
2026-08-25,S03,P442,Madurai,Express,South,Snacks,Biscuits,Crispo,35,22,13,240,SUP06,4200,720,93,0,49,44,97,3,True,1,49,49,1715.0,3,0.0,0,35.0,637.0,0,1,34.7,0.0,0,1,0,0
2026-08-25,S04,P101,Salem,Supermarket,Central,Dairy,Milk,Aavin,60,52,8,3,SUP01,7600,1080,142,0,97,45,157,3,True,1,97,97,5820.0,3,0.0,0,60.0,776.0,0,1,31.4,6.7,0,1,0,0
2026-08-25,S04,P205,Salem,Supermarket,Central,Personal Care,Shampoo,GlowCare,120,79,41,730,SUP08,7600,1080,42,0,18,24,32,3,True,1,18,18,2160.0,3,0.0,0,120.0,738.0,0,1,31.4,6.7,0,1,0,0
2026-08-25,S04,P330,Salem,Supermarket,Central,Beverages,Soft Drink,FizzUp,50,31,19,180,SUP04,7600,1080,227,0,163,64,170,1,True,1,163,163,7742.5,3,5.0,1,47.5,2689.5,0,1,31.4,6.7,0,1,0,0
2026-08-25,S04,P442,Salem,Supermarket,Central,Snacks,Biscuits,Crispo,35,22,13,240,SUP06,7600,1080,106,2,84,24,136,3,True,1,84,84,2940.0,3,0.0,1,35.0,1092.0,0,1,31.4,6.7,0,1,0,0
2026-08-26,S01,P101,Coimbatore,Supermarket,West,Dairy,Milk,Aavin,60,52,8,3,SUP01,8500,1250,156,0,98,58,158,4,True,1,98,98,5880.0,3,0.0,0,60.0,784.0,0,1,30.2,2.9,0,1,0,1
2026-08-26,S01,P205,Coimbatore,Supermarket,West,Personal Care,Shampoo,GlowCare,120,79,41,730,SUP08,8500,1250,30,19,20,29,29,4,True,1,20,20,2400.0,3,0.0,0,120.0,820.0,0,1,30.2,2.9,0,1,0,1
2026-08-26,S01,P330,Coimbatore,Supermarket,West,Beverages,Soft Drink,FizzUp,50,31,19,180,SUP04,8500,1250,196,81,114,163,227,2,True,1,114,114,5700.0,3,0.0,0,50.0,2166.0,0,1,30.2,2.9,0,1,0,1
2026-08-26,S01,P442,Coimbatore,Supermarket,West,Snacks,Biscuits,Crispo,35,22,13,240,SUP06,8500,1250,188,0,101,87,142,4,True,1,101,101,3535.0,3,0.0,1,35.0,1313.0,0,1,30.2,2.9,0,1,0,1
2026-08-26,S02,P101,Chennai,Hypermarket,North,Dairy,Milk,Aavin,60,52,8,3,SUP01,18000,2850,195,0,163,32,241,3,True,1,163,163,8802.0,3,10.0,1,54.0,326.0,0,1,33.8,4.6,0,1,0,1
2026-08-26,S02,P205,Chennai,Hypermarket,North,Personal Care,Shampoo,GlowCare,120,79,41,730,SUP08,18000,2850,51,0,25,26,37,2,True,1,25,25,3000.0,3,0.0,0,120.0,1025.0,0,1,33.8,4.6,0,1,0,1
2026-08-26,S02,P330,Chennai,Hypermarket,North,Beverages,Soft Drink,FizzUp,50,31,19,180,SUP04,18000,2850,361,0,185,176,323,1,True,1,185,185,8325.0,3,10.0,1,45.0,2590.0,0,1,33.8,4.6,0,1,0,1
2026-08-26,S02,P442,Chennai,Hypermarket,North,Snacks,Biscuits,Crispo,35,22,13,240,SUP06,18000,2850,193,0,131,62,214,4,True,1,131,131,4585.0,3,0.0,0,35.0,1703.0,0,1,33.8,4.6,0,1,0,1
2026-08-26,S03,P101,Madurai,Express,South,Dairy,Milk,Aavin,60,52,8,3,SUP01,4200,720,103,0,71,32,131,3,True,1,71,71,4260.0,3,0.0,0,60.0,568.0,0,1,31.9,1.8,0,1,0,0
2026-08-26,S03,P205,Madurai,Express,South,Personal Care,Shampoo,GlowCare,120,79,41,730,SUP08,4200,720,24,11,17,18,25,1,True,1,17,17,2040.0,3,0.0,0,120.0,697.0,0,1,31.9,1.8,0,1,0,0
2026-08-26,S03,P330,Madurai,Express,South,Beverages,Soft Drink,FizzUp,50,31,19,180,SUP04,4200,720,159,0,93,66,135,4,True,1,93,93,4650.0,3,0.0,0,50.0,1767.0,0,1,31.9,1.8,0,1,0,0
2026-08-26,S03,P442,Madurai,Express,South,Snacks,Biscuits,Crispo,35,22,13,240,SUP06,4200,720,149,0,70,79,107,3,True,1,70,70,2205.0,3,10.0,1,31.5,665.0,0,1,31.9,1.8,0,1,0,0
2026-08-26,S04,P101,Salem,Supermarket,Central,Dairy,Milk,Aavin,60,52,8,3,SUP01,7600,1080,188,0,123,65,143,4,True,1,123,123,7011.0,3,5.0,1,57.0,615.0,0,1,28.0,8.1,0,1,0,0
2026-08-26,S04,P205,Salem,Supermarket,Central,Personal Care,Shampoo,GlowCare,120,79,41,730,SUP08,7600,1080,28,15,19,24,33,4,True,1,19,19,2280.0,3,0.0,0,120.0,779.0,0,1,28.0,8.1,0,1,0,0
2026-08-26,S04,P330,Salem,Supermarket,Central,Beverages,Soft Drink,FizzUp,50,31,19,180,SUP04,7600,1080,250,62,151,161,204,3,True,1,151,151,6417.5,3,15.0,1,42.5,1736.5,0,1,28.0,8.1,0,1,0,0
2026-08-26,S04,P442,Salem,Supermarket,Central,Snacks,Biscuits,Crispo,35,22,13,240,SUP06,7600,1080,147,36,71,112,115,4,True,1,71,71,2485.0,3,0.0,0,35.0,923.0,0,1,28.0,8.1,0,1,0,0
2026-08-27,S01,P101,Coimbatore,Supermarket,West,Dairy,Milk,Aavin,60,52,8,3,SUP01,8500,1250,207,2,103,106,190,3,True,1,103,103,6180.0,3,0.0,1,60.0,824.0,0,1,28.8,0.9,0,0,0,0
2026-08-27,S01,P205,Coimbatore,Supermarket,West,Personal Care,Shampoo,GlowCare,120,79,41,730,SUP08,8500,1250,29,11,23,17,34,2,True,1,23,23,2346.0,3,15.0,1,102.0,529.0,0,1,28.8,0.9,0,0,0,0
2026-08-27,S01,P330,Coimbatore,Supermarket,West,Beverages,Soft Drink,FizzUp,50,31,19,180,SUP04,8500,1250,191,0,114,77,244,3,True,1,114,114,5700.0,3,0.0,0,50.0,2166.0,0,1,28.8,0.9,0,0,0,0
2026-08-27,S01,P442,Coimbatore,Supermarket,West,Snacks,Biscuits,Crispo,35,22,13,240,SUP06,8500,1250,147,0,88,59,163,4,True,1,88,88,2926.0,3,5.0,1,33.25,990.0,0,1,28.8,0.9,0,0,0,0
2026-08-27,S02,P101,Chennai,Hypermarket,North,Dairy,Milk,Aavin,60,52,8,3,SUP01,18000,2850,229,0,127,102,210,1,True,1,127,127,7620.0,3,0.0,0,60.0,1016.0,0,1,31.1,0.8,0,0,0,0
2026-08-27,S02,P205,Chennai,Hypermarket,North,Personal Care,Shampoo,GlowCare,120,79,41,730,SUP08,18000,2850,65,27,26,66,36,3,True,1,26,26,3120.0,3,0.0,0,120.0,1066.0,0,0,31.1,0.8,0,0,0,0
2026-08-27,S02,P330,Chennai,Hypermarket,North,Beverages,Soft Drink,FizzUp,50,31,19,180,SUP04,18000,2850,259,0,171,88,340,1,True,1,171,171,8550.0,3,0.0,0,50.0,3249.0,0,1,31.1,0.8,0,0,0,0
2026-08-27,S02,P442,Chennai,Hypermarket,North,Snacks,Biscuits,Crispo,35,22,13,240,SUP06,18000,2850,231,105,97,239,220,4,True,1,97,97,3395.0,3,0.0,0,35.0,1261.0,0,0,31.1,0.8,0,0,0,0
2026-08-27,S03,P101,Madurai,Express,South,Dairy,Milk,Aavin,60,52,8,3,SUP01,4200,720,169,0,61,108,114,2,True,1,61,61,3660.0,3,0.0,0,60.0,488.0,0,1,35.1,2.0,0,0,0,0
2026-08-27,S03,P205,Madurai,Express,South,Personal Care,Shampoo,GlowCare,120,79,41,730,SUP08,4200,720,26,0,14,12,19,2,True,1,14,14,1680.0,3,0.0,0,120.0,574.0,0,1,35.1,2.0,0,0,0,0
2026-08-27,S03,P330,Madurai,Express,South,Beverages,Soft Drink,FizzUp,50,31,19,180,SUP04,4200,720,139,0,104,35,154,3,True,1,104,104,5200.0,3,0.0,1,50.0,1976.0,0,1,35.1,2.0,0,0,0,0
2026-08-27,S03,P442,Madurai,Express,South,Snacks,Biscuits,Crispo,35,22,13,240,SUP06,4200,720,133,8,52,89,90,1,True,1,52,52,1820.0,3,0.0,0,35.0,676.0,0,1,35.1,2.0,0,0,0,0
2026-08-27,S04,P101,Salem,Supermarket,Central,Dairy,Milk,Aavin,60,52,8,3,SUP01,7600,1080,149,67,102,114,131,1,True,1,102,102,6120.0,3,0.0,0,60.0,816.0,0,1,30.5,3.0,0,0,0,0
2026-08-27,S04,P205,Salem,Supermarket,Central,Personal Care,Shampoo,GlowCare,120,79,41,730,SUP08,7600,1080,35,0,15,20,26,4,True,1,15,15,1800.0,3,0.0,1,120.0,615.0,0,1,30.5,3.0,0,0,0,0
2026-08-27,S04,P330,Salem,Supermarket,Central,Beverages,Soft Drink,FizzUp,50,31,19,180,SUP04,7600,1080,273,0,150,123,229,3,True,1,150,150,6750.0,3,10.0,1,45.0,2100.0,0,1,30.5,3.0,0,0,0,0
2026-08-27,S04,P442,Salem,Supermarket,Central,Snacks,Biscuits,Crispo,35,22,13,240,SUP06,7600,1080,122,0,71,51,113,2,True,1,71,71,2485.0,3,0.0,0,35.0,923.0,0,1,30.5,3.0,0,0,0,0
2026-08-28,S01,P101,Coimbatore,Supermarket,West,Dairy,Milk,Aavin,60,52,8,3,SUP01,8500,1250,192,0,103,89,187,3,True,1,103,103,6180.0,3,0.0,0,60.0,824.0,0,1,29.2,1.8,0,0,0,0
2026-08-28,S01,P205,Coimbatore,Supermarket,West,Personal Care,Shampoo,GlowCare,120,79,41,730,SUP08,8500,1250,35,0,22,13,30,2,True,1,22,22,2508.0,3,5.0,1,114.0,770.0,0,1,29.2,1.8,0,0,0,0
2026-08-28,S01,P330,Coimbatore,Supermarket,West,Beverages,Soft Drink,FizzUp,50,31,19,180,SUP04,8500,1250,214,1,135,80,192,4,True,1,135,135,6075.0,3,10.0,1,45.0,1890.0,0,1,29.2,1.8,0,0,0,0
2026-08-28,S01,P442,Coimbatore,Supermarket,West,Snacks,Biscuits,Crispo,35,22,13,240,SUP06,8500,1250,189,53,64,178,157,3,True,1,64,64,2240.0,3,0.0,0,35.0,832.0,0,0,29.2,1.8,0,0,0,0
2026-08-28,S02,P101,Chennai,Hypermarket,North,Dairy,Milk,Aavin,60,52,8,3,SUP01,18000,2850,358,0,116,242,199,3,True,1,116,116,6960.0,3,0.0,0,60.0,928.0,0,0,34.7,0.4,0,0,0,0
2026-08-28,S02,P205,Chennai,Hypermarket,North,Personal Care,Shampoo,GlowCare,120,79,41,730,SUP08,18000,2850,41,28,23,46,44,1,True,1,23,23,2760.0,3,0.0,0,120.0,943.0,0,0,34.7,0.4,0,0,0,0
2026-08-28,S02,P330,Chennai,Hypermarket,North,Beverages,Soft Drink,FizzUp,50,31,19,180,SUP04,18000,2850,303,0,157,146,294,2,True,1,157,157,7850.0,3,0.0,0,50.0,2983.0,0,1,34.7,0.4,0,0,0,0
2026-08-28,S02,P442,Chennai,Hypermarket,North,Snacks,Biscuits,Crispo,35,22,13,240,SUP06,18000,2850,257,0,98,159,190,1,True,1,98,98,3430.0,3,0.0,0,35.0,1274.0,0,1,34.7,0.4,0,0,0,0
2026-08-28,S03,P101,Madurai,Express,South,Dairy,Milk,Aavin,60,52,8,3,SUP01,4200,720,175,0,61,114,142,1,True,1,61,61,3660.0,3,0.0,0,60.0,488.0,0,1,33.0,7.9,0,0,0,1
2026-08-28,S03,P205,Madurai,Express,South,Personal Care,Shampoo,GlowCare,120,79,41,730,SUP08,4200,720,35,0,14,21,26,4,True,1,14,14,1680.0,3,0.0,0,120.0,574.0,0,1,33.0,7.9,0,0,0,1
2026-08-28,S03,P330,Madurai,Express,South,Beverages,Soft Drink,FizzUp,50,31,19,180,SUP04,4200,720,231,41,92,180,167,1,True,1,92,92,4600.0,3,0.0,0,50.0,1748.0,0,0,33.0,7.9,0,0,0,1
2026-08-28,S03,P442,Madurai,Express,South,Snacks,Biscuits,Crispo,35,22,13,240,SUP06,4200,720,110,0,51,59,103,2,True,1,51,51,1785.0,3,0.0,0,35.0,663.0,0,1,33.0,7.9,0,0,0,1
2026-08-28,S04,P101,Salem,Supermarket,Central,Dairy,Milk,Aavin,60,52,8,3,SUP01,7600,1080,171,64,69,166,185,3,True,1,69,69,4140.0,3,0.0,0,60.0,552.0,0,1,29.8,6.3,0,0,0,0
2026-08-28,S04,P205,Salem,Supermarket,Central,Personal Care,Shampoo,GlowCare,120,79,41,730,SUP08,7600,1080,40,16,14,42,26,3,True,1,14,14,1680.0,3,0.0,0,120.0,574.0,0,0,29.8,6.3,0,0,0,0
2026-08-28,S04,P330,Salem,Supermarket,Central,Beverages,Soft Drink,FizzUp,50,31,19,180,SUP04,7600,1080,282,0,107,175,219,4,True,1,107,107,5350.0,3,0.0,0,50.0,2033.0,0,1,29.8,6.3,0,0,0,0
2026-08-28,S04,P442,Salem,Supermarket,Central,Snacks,Biscuits,Crispo,35,22,13,240,SUP06,7600,1080,137,0,89,48,103,1,True,1,89,89,3115.0,3,0.0,1,35.0,1157.0,0,1,29.8,6.3,0,0,0,0
2026-08-29,S01,P101,Coimbatore,Supermarket,West,Dairy,Milk,Aavin,60,52,8,3,SUP01,8500,1250,230,0,121,109,195,1,True,1,121,121,7260.0,3,0.0,0,60.0,968.0,0,1,32.0,6.2,0,0,1,0
2026-08-29,S01,P205,Coimbatore,Supermarket,West,Personal Care,Shampoo,GlowCare,120,79,41,730,SUP08,8500,1250,35,0,19,16,31,2,True,1,19,19,2280.0,3,0.0,0,120.0,779.0,0,1,32.0,6.2,0,0,1,0
2026-08-29,S01,P330,Coimbatore,Supermarket,West,Beverages,Soft Drink,FizzUp,50,31,19,180,SUP04,8500,1250,280,0,116,164,204,1,True,1,116,116,5800.0,3,0.0,0,50.0,2204.0,0,1,32.0,6.2,0,0,1,0
2026-08-29,S01,P442,Coimbatore,Supermarket,West,Snacks,Biscuits,Crispo,35,22,13,240,SUP06,8500,1250,194,0,92,102,135,1,True,1,92,92,3220.0,3,0.0,0,35.0,1196.0,0,1,32.0,6.2,0,0,1,0
2026-08-29,S02,P101,Chennai,Hypermarket,North,Dairy,Milk,Aavin,60,52,8,3,SUP01,18000,2850,329,110,158,281,227,1,True,1,158,158,9480.0,3,0.0,0,60.0,1264.0,0,0,34.5,0.0,0,0,1,0
2026-08-29,S02,P205,Chennai,Hypermarket,North,Personal Care,Shampoo,GlowCare,120,79,41,730,SUP08,18000,2850,44,0,26,18,41,2,True,1,26,26,3120.0,3,0.0,0,120.0,1066.0,0,1,34.5,0.0,0,0,1,0
2026-08-29,S02,P330,Chennai,Hypermarket,North,Beverages,Soft Drink,FizzUp,50,31,19,180,SUP04,18000,2850,302,0,177,125,309,4,True,1,177,177,8850.0,3,0.0,0,50.0,3363.0,0,1,34.5,0.0,0,0,1,0
2026-08-29,S02,P442,Chennai,Hypermarket,North,Snacks,Biscuits,Crispo,35,22,13,240,SUP06,18000,2850,202,0,117,85,153,1,True,1,117,117,4095.0,3,0.0,0,35.0,1521.0,0,1,34.5,0.0,0,0,1,0
2026-08-29,S03,P101,Madurai,Express,South,Dairy,Milk,Aavin,60,52,8,3,SUP01,4200,720,148,0,90,58,139,4,True,1,90,90,5130.0,3,5.0,1,57.0,450.0,0,1,34.2,13.8,0,0,1,0
2026-08-29,S03,P205,Madurai,Express,South,Personal Care,Shampoo,GlowCare,120,79,41,730,SUP08,4200,720,29,8,16,21,21,4,True,1,16,16,1920.0,3,0.0,0,120.0,656.0,0,1,34.2,13.8,0,0,1,0
2026-08-29,S03,P330,Madurai,Express,South,Beverages,Soft Drink,FizzUp,50,31,19,180,SUP04,4200,720,199,0,99,100,134,4,True,1,99,99,4950.0,3,0.0,0,50.0,1881.0,0,1,34.2,13.8,0,0,1,0
2026-08-29,S03,P442,Madurai,Express,South,Snacks,Biscuits,Crispo,35,22,13,240,SUP06,4200,720,143,14,67,90,117,2,True,1,67,67,2345.0,3,0.0,0,35.0,871.0,0,1,34.2,13.8,0,0,1,0
2026-08-29,S04,P101,Salem,Supermarket,Central,Dairy,Milk,Aavin,60,52,8,3,SUP01,7600,1080,135,0,115,20,162,3,True,1,115,115,6900.0,3,0.0,1,60.0,920.0,0,1,29.9,0.0,0,0,1,1
2026-08-29,S04,P205,Salem,Supermarket,Central,Personal Care,Shampoo,GlowCare,120,79,41,730,SUP08,7600,1080,27,0,22,5,34,4,True,1,22,22,2640.0,3,0.0,0,120.0,902.0,0,1,29.9,0.0,0,0,1,1
2026-08-29,S04,P330,Salem,Supermarket,Central,Beverages,Soft Drink,FizzUp,50,31,19,180,SUP04,7600,1080,199,0,120,79,216,4,True,1,120,120,6000.0,3,0.0,0,50.0,2280.0,0,1,29.9,0.0,0,0,1,1
2026-08-29,S04,P442,Salem,Supermarket,Central,Snacks,Biscuits,Crispo,35,22,13,240,SUP06,7600,1080,173,0,66,107,123,4,True,1,66,66,2310.0,3,0.0,0,35.0,858.0,0,1,29.9,0.0,0,0,1,1
2026-08-30,S01,P101,Coimbatore,Supermarket,West,Dairy,Milk,Aavin,60,52,8,3,SUP01,8500,1250,237,113,118,232,181,1,True,1,118,118,7080.0,3,0.0,0,60.0,944.0,0,0,30.5,0.0,0,0,1,1
2026-08-30,S01,P205,Coimbatore,Supermarket,West,Personal Care,Shampoo,GlowCare,120,79,41,730,SUP08,8500,1250,33,10,22,21,30,3,True,1,22,22,2640.0,3,0.0,1,120.0,902.0,0,1,30.5,0.0,0,0,1,1
2026-08-30,S01,P330,Coimbatore,Supermarket,West,Beverages,Soft Drink,FizzUp,50,31,19,180,SUP04,8500,1250,259,95,135,219,227,1,True,1,135,135,6750.0,3,0.0,0,50.0,2565.0,0,1,30.5,0.0,0,0,1,1
2026-08-30,S01,P442,Coimbatore,Supermarket,West,Snacks,Biscuits,Crispo,35,22,13,240,SUP06,8500,1250,155,53,87,121,130,4,True,1,87,87,2892.75,3,5.0,1,33.25,978.75,0,1,30.5,0.0,0,0,1,1
2026-08-30,S02,P101,Chennai,Hypermarket,North,Dairy,Milk,Aavin,60,52,8,3,SUP01,18000,2850,347,0,194,153,227,1,True,1,194,194,11640.0,3,0.0,1,60.0,1552.0,0,1,33.0,8.6,0,0,1,0
2026-08-30,S02,P205,Chennai,Hypermarket,North,Personal Care,Shampoo,GlowCare,120,79,41,730,SUP08,18000,2850,61,6,34,33,43,2,True,1,34,34,4080.0,3,0.0,1,120.0,1394.0,0,1,33.0,8.6,0,0,1,0
2026-08-30,S02,P330,Chennai,Hypermarket,North,Beverages,Soft Drink,FizzUp,50,31,19,180,SUP04,18000,2850,265,0,167,98,261,2,True,1,167,167,8350.0,3,0.0,0,50.0,3173.0,0,1,33.0,8.6,0,0,1,0
2026-08-30,S02,P442,Chennai,Hypermarket,North,Snacks,Biscuits,Crispo,35,22,13,240,SUP06,18000,2850,157,0,135,22,210,1,True,1,135,135,4725.0,3,0.0,0,35.0,1755.0,0,1,33.0,8.6,0,0,1,0
2026-08-30,S03,P101,Madurai,Express,South,Dairy,Milk,Aavin,60,52,8,3,SUP01,4200,720,113,0,68,45,144,4,True,1,68,68,4080.0,3,0.0,0,60.0,544.0,0,1,36.3,10.0,0,0,1,0
2026-08-30,S03,P205,Madurai,Express,South,Personal Care,Shampoo,GlowCare,120,79,41,730,SUP08,4200,720,22,0,14,8,21,1,True,1,14,14,1680.0,3,0.0,0,120.0,574.0,0,1,36.3,10.0,0,0,1,0
2026-08-30,S03,P330,Madurai,Express,South,Beverages,Soft Drink,FizzUp,50,31,19,180,SUP04,4200,720,184,0,88,96,145,1,True,1,88,88,4180.0,3,5.0,1,47.5,1452.0,0,1,36.3,10.0,0,0,1,0
2026-08-30,S03,P442,Madurai,Express,South,Snacks,Biscuits,Crispo,35,22,13,240,SUP06,4200,720,94,0,62,32,107,1,True,1,62,62,2170.0,3,0.0,0,35.0,806.0,0,1,36.3,10.0,0,0,1,0
2026-08-30,S04,P101,Salem,Supermarket,Central,Dairy,Milk,Aavin,60,52,8,3,SUP01,7600,1080,175,0,84,91,143,4,True,1,84,84,5040.0,3,0.0,0,60.0,672.0,0,1,28.8,7.7,0,0,1,0
2026-08-30,S04,P205,Salem,Supermarket,Central,Personal Care,Shampoo,GlowCare,120,79,41,730,SUP08,7600,1080,38,0,17,21,25,4,True,1,17,17,2040.0,3,0.0,0,120.0,697.0,0,1,28.8,7.7,0,0,1,0
2026-08-30,S04,P330,Salem,Supermarket,Central,Beverages,Soft Drink,FizzUp,50,31,19,180,SUP04,7600,1080,227,0,145,82,206,3,True,1,145,145,6162.5,3,15.0,1,42.5,1667.5,0,1,28.8,7.7,0,0,1,0
2026-08-30,S04,P442,Salem,Supermarket,Central,Snacks,Biscuits,Crispo,35,22,13,240,SUP06,7600,1080,177,0,66,111,110,4,True,1,66,66,2310.0,3,0.0,0,35.0,858.0,0,0,28.8,7.7,0,0,1,0
2026-08-31,S01,P101,Coimbatore,Supermarket,West,Dairy,Milk,Aavin,60,52,8,3,SUP01,8500,1250,222,0,90,132,189,1,True,1,90,90,5400.0,3,0.0,0,60.0,720.0,0,1,27.7,6.1,0,0,0,0
2026-08-31,S01,P205,Coimbatore,Supermarket,West,Personal Care,Shampoo,GlowCare,120,79,41,730,SUP08,8500,1250,47,0,17,30,34,1,True,1,17,17,2040.0,3,0.0,0,120.0,697.0,0,1,27.7,6.1,0,0,0,0
2026-08-31,S01,P330,Coimbatore,Supermarket,West,Beverages,Soft Drink,FizzUp,50,31,19,180,SUP04,8500,1250,225,0,124,101,205,3,True,1,124,124,6200.0,3,0.0,0,50.0,2356.0,0,1,27.7,6.1,0,0,0,0
2026-08-31,S01,P442,Coimbatore,Supermarket,West,Snacks,Biscuits,Crispo,35,22,13,240,SUP06,8500,1250,151,0,83,68,134,1,True,1,83,83,2905.0,3,0.0,0,35.0,1079.0,0,1,27.7,6.1,0,0,0,0
2026-08-31,S02,P101,Chennai,Hypermarket,North,Dairy,Milk,Aavin,60,52,8,3,SUP01,18000,2850,282,0,134,148,203,1,True,1,134,134,8040.0,3,0.0,0,60.0,1072.0,0,1,30.9,0.0,0,0,0,0
2026-08-31,S02,P205,Chennai,Hypermarket,North,Personal Care,Shampoo,GlowCare,120,79,41,730,SUP08,18000,2850,52,0,26,26,49,2,True,1,26,26,3120.0,3,0.0,0,120.0,1066.0,0,1,30.9,0.0,0,0,0,0
2026-08-31,S02,P330,Chennai,Hypermarket,North,Beverages,Soft Drink,FizzUp,50,31,19,180,SUP04,18000,2850,377,17,146,248,256,3,True,1,146,146,7300.0,3,0.0,0,50.0,2774.0,0,1,30.9,0.0,0,0,0,0
2026-08-31,S02,P442,Chennai,Hypermarket,North,Snacks,Biscuits,Crispo,35,22,13,240,SUP06,18000,2850,250,0,110,140,184,1,True,1,110,110,3850.0,3,0.0,1,35.0,1430.0,0,1,30.9,0.0,0,0,0,0
2026-08-31,S03,P101,Madurai,Express,South,Dairy,Milk,Aavin,60,52,8,3,SUP01,4200,720,123,0,72,51,141,2,True,1,72,72,4320.0,3,0.0,0,60.0,576.0,0,1,32.8,1.7,0,0,0,0
2026-08-31,S03,P205,Madurai,Express,South,Personal Care,Shampoo,GlowCare,120,79,41,730,SUP08,4200,720,21,0,14,7,25,1,True,1,14,14,1680.0,3,0.0,0,120.0,574.0,0,1,32.8,1.7,0,0,0,0
2026-08-31,S03,P330,Madurai,Express,South,Beverages,Soft Drink,FizzUp,50,31,19,180,SUP04,4200,720,197,0,101,96,186,1,True,1,101,101,5050.0,3,0.0,0,50.0,1919.0,0,1,32.8,1.7,0,0,0,0
2026-08-31,S03,P442,Madurai,Express,South,Snacks,Biscuits,Crispo,35,22,13,240,SUP06,4200,720,127,40,57,110,115,2,True,1,57,57,1995.0,3,0.0,0,35.0,741.0,0,1,32.8,1.7,0,0,0,0
2026-08-31,S04,P101,Salem,Supermarket,Central,Dairy,Milk,Aavin,60,52,8,3,SUP01,7600,1080,231,0,89,142,139,4,True,1,89,89,5340.0,3,0.0,0,60.0,712.0,0,0,31.9,9.1,0,0,0,0
2026-08-31,S04,P205,Salem,Supermarket,Central,Personal Care,Shampoo,GlowCare,120,79,41,730,SUP08,7600,1080,36,11,17,30,34,1,True,1,17,17,2040.0,3,0.0,0,120.0,697.0,0,1,31.9,9.1,0,0,0,0
2026-08-31,S04,P330,Salem,Supermarket,Central,Beverages,Soft Drink,FizzUp,50,31,19,180,SUP04,7600,1080,185,0,107,78,200,4,True,1,107,107,5350.0,3,0.0,0,50.0,2033.0,0,1,31.9,9.1,0,0,0,0
2026-08-31,S04,P442,Salem,Supermarket,Central,Snacks,Biscuits,Crispo,35,22,13,240,SUP06,7600,1080,117,63,66,114,108,2,True,1,66,66,2310.0,3,0.0,0,35.0,858.0,0,0,31.9,9.1,0,0,0,0
2026-09-01,S01,P101,Coimbatore,Supermarket,West,Dairy,Milk,Aavin,60,52,8,3,SUP01,8500,1250,237,0,112,125,163,2,True,1,112,112,6720.0,3,0.0,0,60.0,896.0,0,1,29.2,0.9,0,0,0,0
2026-09-01,S01,P205,Coimbatore,Supermarket,West,Personal Care,Shampoo,GlowCare,120,79,41,730,SUP08,8500,1250,46,0,23,23,30,1,True,1,23,23,2760.0,3,0.0,0,120.0,943.0,0,1,29.2,0.9,0,0,0,0
2026-09-01,S01,P330,Coimbatore,Supermarket,West,Beverages,Soft Drink,FizzUp,50,31,19,180,SUP04,8500,1250,230,0,129,101,203,2,True,1,129,129,6450.0,3,0.0,0,50.0,2451.0,0,1,29.2,0.9,0,0,0,0
2026-09-01,S01,P442,Coimbatore,Supermarket,West,Snacks,Biscuits,Crispo,35,22,13,240,SUP06,8500,1250,203,41,100,144,149,3,True,1,100,100,2975.0,3,15.0,1,29.75,775.0,0,1,29.2,0.9,0,0,0,0
2026-09-01,S02,P101,Chennai,Hypermarket,North,Dairy,Milk,Aavin,60,52,8,3,SUP01,18000,2850,219,0,114,105,204,3,True,1,114,114,6840.0,3,0.0,0,60.0,912.0,0,1,29.6,3.0,0,0,0,0
2026-09-01,S02,P205,Chennai,Hypermarket,North,Personal Care,Shampoo,GlowCare,120,79,41,730,SUP08,18000,2850,50,0,25,25,51,2,True,1,25,25,3000.0,3,0.0,0,120.0,1025.0,0,1,29.6,3.0,0,0,0,0
2026-09-01,S02,P330,Chennai,Hypermarket,North,Beverages,Soft Drink,FizzUp,50,31,19,180,SUP04,18000,2850,381,0,148,233,275,3,True,1,148,148,7400.0,3,0.0,0,50.0,2812.0,0,1,29.6,3.0,0,0,0,0
2026-09-01,S02,P442,Chennai,Hypermarket,North,Snacks,Biscuits,Crispo,35,22,13,240,SUP06,18000,2850,196,0,110,86,215,1,True,1,110,110,3850.0,3,0.0,0,35.0,1430.0,0,1,29.6,3.0,0,0,0,0
2026-09-01,S03,P101,Madurai,Express,South,Dairy,Milk,Aavin,60,52,8,3,SUP01,4200,720,162,0,59,103,115,1,True,1,59,59,3540.0,3,0.0,0,60.0,472.0,0,1,36.1,8.1,0,0,0,0
2026-09-01,S03,P205,Madurai,Express,South,Personal Care,Shampoo,GlowCare,120,79,41,730,SUP08,4200,720,23,0,14,9,20,1,True,1,14,14,1680.0,2,0.0,0,120.0,574.0,0,1,36.1,8.1,0,0,0,0
2026-09-01,S03,P330,Madurai,Express,South,Beverages,Soft Drink,FizzUp,50,31,19,180,SUP04,4200,720,155,0,78,77,144,1,True,1,78,78,3900.0,3,0.0,0,50.0,1482.0,0,1,36.1,8.1,0,0,0,0
2026-09-01,S03,P442,Madurai,Express,South,Snacks,Biscuits,Crispo,35,22,13,240,SUP06,4200,720,141,0,46,95,87,4,True,1,46,46,1610.0,3,0.0,0,35.0,598.0,0,0,36.1,8.1,0,0,0,0
2026-09-01,S04,P101,Salem,Supermarket,Central,Dairy,Milk,Aavin,60,52,8,3,SUP01,7600,1080,154,0,74,80,136,4,True,1,74,74,4440.0,3,0.0,0,60.0,592.0,0,1,31.8,0.0,0,0,0,0
2026-09-01,S04,P205,Salem,Supermarket,Central,Personal Care,Shampoo,GlowCare,120,79,41,730,SUP08,7600,1080,29,0,16,13,30,1,True,1,16,16,1920.0,3,0.0,0,120.0,656.0,0,1,31.8,0.0,0,0,0,0
2026-09-01,S04,P330,Salem,Supermarket,Central,Beverages,Soft Drink,FizzUp,50,31,19,180,SUP04,7600,1080,300,0,93,207,207,4,True,1,93,93,4650.0,3,0.0,0,50.0,1767.0,0,1,31.8,0.0,0,0,0,0
2026-09-01,S04,P442,Salem,Supermarket,Central,Snacks,Biscuits,Crispo,35,22,13,240,SUP06,7600,1080,149,0,76,73,106,2,True,1,76,76,2660.0,3,0.0,1,35.0,988.0,0,1,31.8,0.0,0,0,0,0
2026-09-02,S01,P101,Coimbatore,Supermarket,West,Dairy,Milk,Aavin,60,52,8,3,SUP01,8500,1250,242,0,79,163,191,3,True,1,79,79,4740.0,3,0.0,0,60.0,632.0,0,1,27.9,10.2,0,0,0,0
2026-09-02,S01,P205,Coimbatore,Supermarket,West,Personal Care,Shampoo,GlowCare,120,79,41,730,SUP08,8500,1250,43,1,18,26,38,4,True,1,18,18,2160.0,3,0.0,1,120.0,738.0,0,1,27.9,10.2,0,0,0,0
2026-09-02,S01,P330,Coimbatore,Supermarket,West,Beverages,Soft Drink,FizzUp,50,31,19,180,SUP04,8500,1250,234,0,123,111,254,4,True,1,123,123,6150.0,3,0.0,0,50.0,2337.0,0,1,27.9,10.2,0,0,0,0
2026-09-02,S01,P442,Coimbatore,Supermarket,West,Snacks,Biscuits,Crispo,35,22,13,240,SUP06,8500,1250,205,58,69,194,115,3,True,1,69,69,2415.0,3,0.0,0,35.0,897.0,0,0,27.9,10.2,0,0,0,0
2026-09-02,S02,P101,Chennai,Hypermarket,North,Dairy,Milk,Aavin,60,52,8,3,SUP01,18000,2850,206,3,134,75,195,3,True,1,134,134,8040.0,3,0.0,0,60.0,1072.0,0,1,37.0,0.0,0,0,0,0
2026-09-02,S02,P205,Chennai,Hypermarket,North,Personal Care,Shampoo,GlowCare,120,79,41,730,SUP08,18000,2850,43,0,33,10,49,3,True,1,33,33,3960.0,3,0.0,1,120.0,1353.0,0,1,37.0,0.0,0,0,0,0
2026-09-02,S02,P330,Chennai,Hypermarket,North,Beverages,Soft Drink,FizzUp,50,31,19,180,SUP04,18000,2850,387,194,178,403,307,4,True,1,178,178,8900.0,3,0.0,0,50.0,3382.0,0,0,37.0,0.0,0,0,0,0
2026-09-02,S02,P442,Chennai,Hypermarket,North,Snacks,Biscuits,Crispo,35,22,13,240,SUP06,18000,2850,204,0,104,100,208,2,True,1,104,104,3276.0,3,10.0,1,31.5,988.0,0,1,37.0,0.0,0,0,0,0
2026-09-02,S03,P101,Madurai,Express,South,Dairy,Milk,Aavin,60,52,8,3,SUP01,4200,720,174,0,68,106,133,2,True,1,68,68,4080.0,3,0.0,0,60.0,544.0,0,1,33.5,2.1,0,0,0,0
2026-09-02,S03,P205,Madurai,Express,South,Personal Care,Shampoo,GlowCare,120,79,41,730,SUP08,4200,720,35,0,14,21,25,4,True,1,14,14,1680.0,3,0.0,0,120.0,574.0,0,1,33.5,2.1,0,0,0,0
2026-09-02,S03,P330,Madurai,Express,South,Beverages,Soft Drink,FizzUp,50,31,19,180,SUP04,4200,720,150,0,81,69,149,3,True,1,81,81,4050.0,3,0.0,0,50.0,1539.0,0,1,33.5,2.1,0,0,0,0
2026-09-02,S03,P442,Madurai,Express,South,Snacks,Biscuits,Crispo,35,22,13,240,SUP06,4200,720,95,9,58,46,108,2,True,1,58,58,2030.0,3,0.0,0,35.0,754.0,0,1,33.5,2.1,0,0,0,0
2026-09-02,S04,P101,Salem,Supermarket,Central,Dairy,Milk,Aavin,60,52,8,3,SUP01,7600,1080,233,0,81,152,131,4,True,1,81,81,4860.0,3,0.0,0,60.0,648.0,0,0,31.4,2.8,0,0,0,0
2026-09-02,S04,P205,Salem,Supermarket,Central,Personal Care,Shampoo,GlowCare,120,79,41,730,SUP08,7600,1080,28,0,17,11,30,3,True,1,17,17,2040.0,3,0.0,0,120.0,697.0,0,1,31.4,2.8,0,0,0,0
2026-09-02,S04,P330,Salem,Supermarket,Central,Beverages,Soft Drink,FizzUp,50,31,19,180,SUP04,7600,1080,255,0,102,153,183,3,True,1,102,102,5100.0,3,0.0,0,50.0,1938.0,0,1,31.4,2.8,0,0,0,0
2026-09-02,S04,P442,Salem,Supermarket,Central,Snacks,Biscuits,Crispo,35,22,13,240,SUP06,7600,1080,151,0,77,74,123,4,True,1,77,77,2695.0,3,0.0,0,35.0,1001.0,0,1,31.4,2.8,0,0,0,0
2026-09-03,S01,P101,Coimbatore,Supermarket,West,Dairy,Milk,Aavin,60,52,8,3,SUP01,8500,1250,226,0,93,133,174,1,True,1,93,93,5580.0,3,0.0,0,60.0,744.0,0,1,28.3,3.9,0,0,0,0
2026-09-03,S01,P205,Coimbatore,Supermarket,West,Personal Care,Shampoo,GlowCare,120,79,41,730,SUP08,8500,1250,31,0,19,12,37,4,True,1,19,19,2280.0,3,0.0,0,120.0,779.0,0,1,28.3,3.9,0,0,0,0
2026-09-03,S01,P330,Coimbatore,Supermarket,West,Beverages,Soft Drink,FizzUp,50,31,19,180,SUP04,8500,1250,214,0,128,86,263,4,True,1,128,128,6400.0,3,0.0,0,50.0,2432.0,0,1,28.3,3.9,0,0,0,0
2026-09-03,S01,P442,Coimbatore,Supermarket,West,Snacks,Biscuits,Crispo,35,22,13,240,SUP06,8500,1250,146,0,77,69,143,4,True,1,77,77,2695.0,3,0.0,0,35.0,1001.0,0,1,28.3,3.9,0,0,0,0
2026-09-03,S02,P101,Chennai,Hypermarket,North,Dairy,Milk,Aavin,60,52,8,3,SUP01,18000,2850,319,93,137,275,226,4,True,1,137,137,8220.0,3,0.0,0,60.0,1096.0,0,0,33.1,5.7,0,0,0,0
2026-09-03,S02,P205,Chennai,Hypermarket,North,Personal Care,Shampoo,GlowCare,120,79,41,730,SUP08,18000,2850,47,18,28,37,53,3,True,1,28,28,3192.0,3,5.0,1,114.0,980.0,0,1,33.1,5.7,0,0,0,0
2026-09-03,S02,P330,Chennai,Hypermarket,North,Beverages,Soft Drink,FizzUp,50,31,19,180,SUP04,18000,2850,392,0,139,253,245,1,True,1,139,139,6950.0,3,0.0,0,50.0,2641.0,0,0,33.1,5.7,0,0,0,0
2026-09-03,S02,P442,Chennai,Hypermarket,North,Snacks,Biscuits,Crispo,35,22,13,240,SUP06,18000,2850,233,0,102,131,212,4,True,1,102,102,3570.0,3,0.0,0,35.0,1326.0,0,1,33.1,5.7,0,0,0,0
2026-09-03,S03,P101,Madurai,Express,South,Dairy,Milk,Aavin,60,52,8,3,SUP01,4200,720,175,0,72,103,109,1,True,1,72,72,4320.0,3,0.0,1,60.0,576.0,0,1,34.5,0.0,0,0,0,0
2026-09-03,S03,P205,Madurai,Express,South,Personal Care,Shampoo,GlowCare,120,79,41,730,SUP08,4200,720,34,0,12,22,24,3,True,1,12,12,1440.0,3,0.0,0,120.0,492.0,0,1,34.5,0.0,0,0,0,0
2026-09-03,S03,P330,Madurai,Express,South,Beverages,Soft Drink,FizzUp,50,31,19,180,SUP04,4200,720,132,0,107,25,177,1,True,1,107,107,4547.5,3,15.0,1,42.5,1230.5,0,1,34.5,0.0,0,0,0,0
2026-09-03,S03,P442,Madurai,Express,South,Snacks,Biscuits,Crispo,35,22,13,240,SUP06,4200,720,136,0,54,82,118,2,True,1,54,54,1890.0,3,0.0,0,35.0,702.0,0,1,34.5,0.0,0,0,0,0
2026-09-03,S04,P101,Salem,Supermarket,Central,Dairy,Milk,Aavin,60,52,8,3,SUP01,7600,1080,219,100,94,225,179,3,True,1,94,94,5640.0,3,0.0,1,60.0,752.0,0,0,30.7,2.3,0,0,0,1
2026-09-03,S04,P205,Salem,Supermarket,Central,Personal Care,Shampoo,GlowCare,120,79,41,730,SUP08,7600,1080,36,2,19,19,24,2,True,1,19,19,1938.0,3,15.0,1,102.0,437.0,0,1,30.7,2.3,0,0,0,1
2026-09-03,S04,P330,Salem,Supermarket,Central,Beverages,Soft Drink,FizzUp,50,31,19,180,SUP04,7600,1080,210,0,116,94,197,3,True,1,116,116,5800.0,3,0.0,0,50.0,2204.0,0,1,30.7,2.3,0,0,0,1
2026-09-03,S04,P442,Salem,Supermarket,Central,Snacks,Biscuits,Crispo,35,22,13,240,SUP06,7600,1080,111,38,84,65,120,3,True,1,84,84,2940.0,3,0.0,1,35.0,1092.0,0,1,30.7,2.3,0,0,0,1
2026-09-04,S01,P101,Coimbatore,Supermarket,West,Dairy,Milk,Aavin,60,52,8,3,SUP01,8500,1250,181,0,101,80,198,2,True,1,101,101,6060.0,3,0.0,0,60.0,808.0,0,1,26.1,14.8,0,0,0,0
2026-09-04,S01,P205,Coimbatore,Supermarket,West,Personal Care,Shampoo,GlowCare,120,79,41,730,SUP08,8500,1250,50,0,18,32,36,2,True,1,18,18,2160.0,3,0.0,0,120.0,738.0,0,1,26.1,14.8,0,0,0,0
2026-09-04,S01,P330,Coimbatore,Supermarket,West,Beverages,Soft Drink,FizzUp,50,31,19,180,SUP04,8500,1250,288,135,129,294,182,2,True,1,129,129,5805.0,3,10.0,1,45.0,1806.0,0,0,26.1,14.8,0,0,0,0
2026-09-04,S01,P442,Coimbatore,Supermarket,West,Snacks,Biscuits,Crispo,35,22,13,240,SUP06,8500,1250,185,52,71,166,126,4,True,1,71,71,2485.0,3,0.0,0,35.0,923.0,0,0,26.1,14.8,0,0,0,0
2026-09-04,S02,P101,Chennai,Hypermarket,North,Dairy,Milk,Aavin,60,52,8,3,SUP01,18000,2850,342,133,142,333,281,2,True,1,142,142,8520.0,3,0.0,0,60.0,1136.0,0,0,33.0,0.0,0,0,0,0
2026-09-04,S02,P205,Chennai,Hypermarket,North,Personal Care,Shampoo,GlowCare,120,79,41,730,SUP08,18000,2850,58,20,29,49,47,3,True,1,29,29,3306.0,3,5.0,1,114.0,1015.0,0,0,33.0,0.0,0,0,0,0
2026-09-04,S02,P330,Chennai,Hypermarket,North,Beverages,Soft Drink,FizzUp,50,31,19,180,SUP04,18000,2850,271,0,146,125,349,3,True,1,146,146,7300.0,3,0.0,0,50.0,2774.0,0,1,33.0,0.0,0,0,0,0
2026-09-04,S02,P442,Chennai,Hypermarket,North,Snacks,Biscuits,Crispo,35,22,13,240,SUP06,18000,2850,239,0,101,138,207,1,True,1,101,101,3535.0,3,0.0,0,35.0,1313.0,0,1,33.0,0.0,0,0,0,0
2026-09-04,S03,P101,Madurai,Express,South,Dairy,Milk,Aavin,60,52,8,3,SUP01,4200,720,117,0,67,50,140,1,True,1,67,67,4020.0,3,0.0,0,60.0,536.0,0,1,32.1,0.0,0,0,0,0
2026-09-04,S03,P205,Madurai,Express,South,Personal Care,Shampoo,GlowCare,120,79,41,730,SUP08,4200,720,26,0,14,12,24,2,True,1,14,14,1680.0,3,0.0,0,120.0,574.0,0,1,32.1,0.0,0,0,0,0
2026-09-04,S03,P330,Madurai,Express,South,Beverages,Soft Drink,FizzUp,50,31,19,180,SUP04,4200,720,148,0,95,53,163,2,True,1,95,95,4750.0,3,0.0,0,50.0,1805.0,0,1,32.1,0.0,0,0,0,0
2026-09-04,S03,P442,Madurai,Express,South,Snacks,Biscuits,Crispo,35,22,13,240,SUP06,4200,720,101,34,54,81,92,3,True,1,54,54,1890.0,3,0.0,0,35.0,702.0,0,1,32.1,0.0,0,0,0,0
2026-09-04,S04,P101,Salem,Supermarket,Central,Dairy,Milk,Aavin,60,52,8,3,SUP01,7600,1080,145,0,72,73,134,3,True,1,72,72,4320.0,3,0.0,0,60.0,576.0,0,1,32.8,6.4,0,0,0,0
2026-09-04,S04,P205,Salem,Supermarket,Central,Personal Care,Shampoo,GlowCare,120,79,41,730,SUP08,7600,1080,39,0,14,25,31,1,True,1,14,14,1680.0,3,0.0,0,120.0,574.0,0,1,32.8,6.4,0,0,0,0
2026-09-04,S04,P330,Salem,Supermarket,Central,Beverages,Soft Drink,FizzUp,50,31,19,180,SUP04,7600,1080,220,0,85,135,237,2,True,1,85,85,4250.0,3,0.0,0,50.0,1615.0,0,1,32.8,6.4,0,0,0,0
2026-09-04,S04,P442,Salem,Supermarket,Central,Snacks,Biscuits,Crispo,35,22,13,240,SUP06,7600,1080,131,37,70,98,123,2,True,1,70,70,2450.0,3,0.0,0,35.0,910.0,0,1,32.8,6.4,0,0,0,0
2026-09-05,S01,P101,Coimbatore,Supermarket,West,Dairy,Milk,Aavin,60,52,8,3,SUP01,8500,1250,201,0,110,91,168,2,True,1,110,110,6600.0,3,0.0,0,60.0,880.0,0,1,26.6,0.0,0,1,1,0
2026-09-05,S01,P205,Coimbatore,Supermarket,West,Personal Care,Shampoo,GlowCare,120,79,41,730,SUP08,8500,1250,31,18,23,26,38,2,True,1,23,23,2760.0,3,0.0,0,120.0,943.0,0,1,26.6,0.0,0,1,1,0
2026-09-05,S01,P330,Coimbatore,Supermarket,West,Beverages,Soft Drink,FizzUp,50,31,19,180,SUP04,8500,1250,207,0,145,62,208,4,True,1,145,145,7250.0,3,0.0,0,50.0,2755.0,0,1,26.6,0.0,0,1,1,0
2026-09-05,S01,P442,Coimbatore,Supermarket,West,Snacks,Biscuits,Crispo,35,22,13,240,SUP06,8500,1250,113,0,96,17,115,4,True,1,96,96,3360.0,3,0.0,0,35.0,1248.0,0,1,26.6,0.0,0,1,1,0
2026-09-05,S02,P101,Chennai,Hypermarket,North,Dairy,Milk,Aavin,60,52,8,3,SUP01,18000,2850,326,0,175,151,251,1,True,1,175,175,10500.0,3,0.0,0,60.0,1400.0,0,1,32.7,10.0,0,1,1,0
2026-09-05,S02,P205,Chennai,Hypermarket,North,Personal Care,Shampoo,GlowCare,120,79,41,730,SUP08,18000,2850,58,0,31,27,52,4,True,1,31,31,3720.0,3,0.0,0,120.0,1271.0,0,1,32.7,10.0,0,1,1,0
2026-09-05,S02,P330,Chennai,Hypermarket,North,Beverages,Soft Drink,FizzUp,50,31,19,180,SUP04,18000,2850,259,124,178,205,310,3,True,1,178,178,8900.0,3,0.0,0,50.0,3382.0,0,1,32.7,10.0,0,1,1,0
2026-09-05,S02,P442,Chennai,Hypermarket,North,Snacks,Biscuits,Crispo,35,22,13,240,SUP06,18000,2850,250,102,123,229,210,2,True,1,123,123,4305.0,3,0.0,0,35.0,1599.0,0,0,32.7,10.0,0,1,1,0
2026-09-05,S03,P101,Madurai,Express,South,Dairy,Milk,Aavin,60,52,8,3,SUP01,4200,720,108,23,81,50,128,3,True,1,81,81,4860.0,3,0.0,0,60.0,648.0,0,1,35.8,4.9,0,1,1,0
2026-09-05,S03,P205,Madurai,Express,South,Personal Care,Shampoo,GlowCare,120,79,41,730,SUP08,4200,720,24,0,15,9,22,2,True,1,15,15,1800.0,3,0.0,0,120.0,615.0,0,1,35.8,4.9,0,1,1,0
2026-09-05,S03,P330,Madurai,Express,South,Beverages,Soft Drink,FizzUp,50,31,19,180,SUP04,4200,720,186,0,121,65,151,4,True,1,121,121,6050.0,3,0.0,0,50.0,2299.0,0,1,35.8,4.9,0,1,1,0
2026-09-05,S03,P442,Madurai,Express,South,Snacks,Biscuits,Crispo,35,22,13,240,SUP06,4200,720,150,0,60,90,112,2,True,1,60,60,2100.0,3,0.0,0,35.0,780.0,0,1,35.8,4.9,0,1,1,0
2026-09-05,S04,P101,Salem,Supermarket,Central,Dairy,Milk,Aavin,60,52,8,3,SUP01,7600,1080,197,0,119,78,186,3,True,1,119,119,7140.0,3,0.0,1,60.0,952.0,0,1,28.6,0.0,0,1,1,0
2026-09-05,S04,P205,Salem,Supermarket,Central,Personal Care,Shampoo,GlowCare,120,79,41,730,SUP08,7600,1080,24,0,18,6,31,4,True,1,18,18,2160.0,3,0.0,0,120.0,738.0,0,1,28.6,0.0,0,1,1,0
2026-09-05,S04,P330,Salem,Supermarket,Central,Beverages,Soft Drink,FizzUp,50,31,19,180,SUP04,7600,1080,170,0,148,22,199,1,True,1,148,148,7400.0,3,0.0,0,50.0,2812.0,0,1,28.6,0.0,0,1,1,0
2026-09-05,S04,P442,Salem,Supermarket,Central,Snacks,Biscuits,Crispo,35,22,13,240,SUP06,7600,1080,174,0,87,87,140,3,True,1,87,87,3045.0,3,0.0,0,35.0,1131.0,0,1,28.6,0.0,0,1,1,0
2026-09-06,S01,P101,Coimbatore,Supermarket,West,Dairy,Milk,Aavin,60,52,8,3,SUP01,8500,1250,216,0,125,91,145,1,True,1,125,125,7500.0,3,0.0,1,60.0,1000.0,0,1,27.9,11.5,0,0,1,0
2026-09-06,S01,P205,Coimbatore,Supermarket,West,Personal Care,Shampoo,GlowCare,120,79,41,730,SUP08,8500,1250,43,3,25,21,32,3,True,1,25,25,2700.0,3,10.0,1,108.0,725.0,0,1,27.9,11.5,0,0,1,0
2026-09-06,S01,P330,Coimbatore,Supermarket,West,Beverages,Soft Drink,FizzUp,50,31,19,180,SUP04,8500,1250,275,0,130,145,193,1,True,1,130,130,6500.0,3,0.0,0,50.0,2470.0,0,1,27.9,11.5,0,0,1,0
2026-09-06,S01,P442,Coimbatore,Supermarket,West,Snacks,Biscuits,Crispo,35,22,13,240,SUP06,8500,1250,143,0,101,42,132,3,True,1,101,101,3535.0,3,0.0,1,35.0,1313.0,0,1,27.9,11.5,0,0,1,0
2026-09-06,S02,P101,Chennai,Hypermarket,North,Dairy,Milk,Aavin,60,52,8,3,SUP01,18000,2850,246,0,135,111,268,2,True,1,135,135,8100.0,3,0.0,0,60.0,1080.0,0,1,31.0,9.5,0,0,1,0
2026-09-06,S02,P205,Chennai,Hypermarket,North,Personal Care,Shampoo,GlowCare,120,79,41,730,SUP08,18000,2850,55,0,29,26,46,3,True,1,29,29,3480.0,3,0.0,0,120.0,1189.0,0,1,31.0,9.5,0,0,1,0
2026-09-06,S02,P330,Chennai,Hypermarket,North,Beverages,Soft Drink,FizzUp,50,31,19,180,SUP04,18000,2850,322,0,199,123,335,1,True,1,199,199,9950.0,3,0.0,0,50.0,3781.0,0,1,31.0,9.5,0,0,1,0
2026-09-06,S02,P442,Chennai,Hypermarket,North,Snacks,Biscuits,Crispo,35,22,13,240,SUP06,18000,2850,158,33,132,59,200,3,True,1,132,132,4620.0,3,0.0,0,35.0,1716.0,0,1,31.0,9.5,0,0,1,0
2026-09-06,S03,P101,Madurai,Express,South,Dairy,Milk,Aavin,60,52,8,3,SUP01,4200,720,110,0,67,43,132,2,True,1,67,67,4020.0,3,0.0,0,60.0,536.0,0,1,34.6,0.0,0,0,1,1
2026-09-06,S03,P205,Madurai,Express,South,Personal Care,Shampoo,GlowCare,120,79,41,730,SUP08,4200,720,28,16,15,29,23,2,True,1,15,15,1800.0,3,0.0,1,120.0,615.0,0,0,34.6,0.0,0,0,1,1
2026-09-06,S03,P330,Madurai,Express,South,Beverages,Soft Drink,FizzUp,50,31,19,180,SUP04,4200,720,178,0,100,78,185,4,True,1,100,100,5000.0,3,0.0,0,50.0,1900.0,0,1,34.6,0.0,0,0,1,1
2026-09-06,S03,P442,Madurai,Express,South,Snacks,Biscuits,Crispo,35,22,13,240,SUP06,4200,720,101,0,51,50,116,4,True,1,51,51,1785.0,3,0.0,0,35.0,663.0,0,1,34.6,0.0,0,0,1,1
2026-09-06,S04,P101,Salem,Supermarket,Central,Dairy,Milk,Aavin,60,52,8,3,SUP01,7600,1080,175,0,97,78,150,3,True,1,97,97,5820.0,3,0.0,0,60.0,776.0,0,1,29.6,0.0,0,0,1,0
2026-09-06,S04,P205,Salem,Supermarket,Central,Personal Care,Shampoo,GlowCare,120,79,41,730,SUP08,7600,1080,40,0,14,26,25,1,True,1,14,14,1680.0,3,0.0,0,120.0,574.0,0,0,29.6,0.0,0,0,1,0
2026-09-06,S04,P330,Salem,Supermarket,Central,Beverages,Soft Drink,FizzUp,50,31,19,180,SUP04,7600,1080,273,0,116,157,216,2,True,1,116,116,5800.0,3,0.0,0,50.0,2204.0,0,1,29.6,0.0,0,0,1,0
2026-09-06,S04,P442,Salem,Supermarket,Central,Snacks,Biscuits,Crispo,35,22,13,240,SUP06,7600,1080,136,0,75,61,127,3,True,1,75,75,2625.0,3,0.0,0,35.0,975.0,0,1,29.6,0.0,0,0,1,0
2026-09-07,S01,P101,Coimbatore,Supermarket,West,Dairy,Milk,Aavin,60,52,8,3,SUP01,8500,1250,205,103,114,194,194,2,True,1,114,114,6840.0,3,0.0,0,60.0,912.0,0,1,28.9,8.0,0,0,0,0
2026-09-07,S01,P205,Coimbatore,Supermarket,West,Personal Care,Shampoo,GlowCare,120,79,41,730,SUP08,8500,1250,42,0,19,23,38,2,True,1,19,19,2280.0,3,0.0,0,120.0,779.0,0,1,28.9,8.0,0,0,0,0
2026-09-07,S01,P330,Coimbatore,Supermarket,West,Beverages,Soft Drink,FizzUp,50,31,19,180,SUP04,8500,1250,191,31,107,115,199,3,True,1,107,107,5350.0,3,0.0,0,50.0,2033.0,0,1,28.9,8.0,0,0,0,0
2026-09-07,S01,P442,Coimbatore,Supermarket,West,Snacks,Biscuits,Crispo,35,22,13,240,SUP06,8500,1250,134,0,70,64,164,4,True,1,70,70,2450.0,3,0.0,0,35.0,910.0,0,1,28.9,8.0,0,0,0,0
2026-09-07,S02,P101,Chennai,Hypermarket,North,Dairy,Milk,Aavin,60,52,8,3,SUP01,18000,2850,275,0,134,141,263,4,True,1,134,134,8040.0,3,0.0,0,60.0,1072.0,0,1,32.6,7.3,0,0,0,0
2026-09-07,S02,P205,Chennai,Hypermarket,North,Personal Care,Shampoo,GlowCare,120,79,41,730,SUP08,18000,2850,53,0,25,28,50,1,True,1,25,25,3000.0,2,0.0,0,120.0,1025.0,0,1,32.6,7.3,0,0,0,0
2026-09-07,S02,P330,Chennai,Hypermarket,North,Beverages,Soft Drink,FizzUp,50,31,19,180,SUP04,18000,2850,343,195,124,414,294,2,True,1,124,124,6200.0,3,0.0,0,50.0,2356.0,0,0,32.6,7.3,0,0,0,0
2026-09-07,S02,P442,Chennai,Hypermarket,North,Snacks,Biscuits,Crispo,35,22,13,240,SUP06,18000,2850,244,0,108,136,216,4,True,1,108,108,3780.0,3,0.0,0,35.0,1404.0,0,1,32.6,7.3,0,0,0,0
2026-09-07,S03,P101,Madurai,Express,South,Dairy,Milk,Aavin,60,52,8,3,SUP01,4200,720,125,0,76,49,123,2,True,1,76,76,3876.0,3,15.0,1,51.0,-76.0,0,1,36.7,0.0,0,0,0,0
2026-09-07,S03,P205,Madurai,Express,South,Personal Care,Shampoo,GlowCare,120,79,41,730,SUP08,4200,720,24,0,12,12,25,3,True,1,12,12,1440.0,3,0.0,0,120.0,492.0,0,1,36.7,0.0,0,0,0,0
2026-09-07,S03,P330,Madurai,Express,South,Beverages,Soft Drink,FizzUp,50,31,19,180,SUP04,4200,720,159,0,102,57,180,4,True,1,102,102,5100.0,3,0.0,1,50.0,1938.0,0,1,36.7,0.0,0,0,0,0
2026-09-07,S03,P442,Madurai,Express,South,Snacks,Biscuits,Crispo,35,22,13,240,SUP06,4200,720,106,0,64,42,108,2,True,1,64,64,2240.0,3,0.0,1,35.0,832.0,0,1,36.7,0.0,0,0,0,0
2026-09-07,S04,P101,Salem,Supermarket,Central,Dairy,Milk,Aavin,60,52,8,3,SUP01,7600,1080,213,0,88,125,171,1,True,1,88,88,5280.0,3,0.0,0,60.0,704.0,0,1,30.2,11.4,0,0,0,0
2026-09-07,S04,P205,Salem,Supermarket,Central,Personal Care,Shampoo,GlowCare,120,79,41,730,SUP08,7600,1080,34,0,16,18,27,3,True,1,16,16,1920.0,3,0.0,0,120.0,656.0,0,1,30.2,11.4,0,0,0,0
2026-09-07,S04,P330,Salem,Supermarket,Central,Beverages,Soft Drink,FizzUp,50,31,19,180,SUP04,7600,1080,279,119,112,286,213,3,True,1,112,112,5600.0,3,0.0,0,50.0,2128.0,0,0,30.2,11.4,0,0,0,0
2026-09-07,S04,P442,Salem,Supermarket,Central,Snacks,Biscuits,Crispo,35,22,13,240,SUP06,7600,1080,118,76,87,107,104,2,True,1,87,87,3045.0,3,0.0,1,35.0,1131.0,0,0,30.2,11.4,0,0,0,0
2026-09-08,S01,P101,Coimbatore,Supermarket,West,Dairy,Milk,Aavin,60,52,8,3,SUP01,8500,1250,163,0,97,66,157,1,True,1,97,97,5820.0,3,0.0,0,60.0,776.0,0,1,31.9,7.0,0,0,0,0
2026-09-08,S01,P205,Coimbatore,Supermarket,West,Personal Care,Shampoo,GlowCare,120,79,41,730,SUP08,8500,1250,45,19,20,44,27,4,True,1,20,20,2160.0,3,10.0,1,108.0,580.0,0,0,31.9,7.0,0,0,0,0
2026-09-08,S01,P330,Coimbatore,Supermarket,West,Beverages,Soft Drink,FizzUp,50,31,19,180,SUP04,8500,1250,235,0,99,136,263,4,True,1,99,99,4950.0,3,0.0,0,50.0,1881.0,0,1,31.9,7.0,0,0,0,0
2026-09-08,S01,P442,Coimbatore,Supermarket,West,Snacks,Biscuits,Crispo,35,22,13,240,SUP06,8500,1250,158,94,86,166,150,1,True,1,86,86,3010.0,3,0.0,0,35.0,1118.0,0,0,31.9,7.0,0,0,0,0
2026-09-08,S02,P101,Chennai,Hypermarket,North,Dairy,Milk,Aavin,60,52,8,3,SUP01,18000,2850,306,122,183,245,236,4,True,1,183,183,10980.0,3,0.0,1,60.0,1464.0,0,0,34.2,10.5,0,0,0,1
2026-09-08,S02,P205,Chennai,Hypermarket,North,Personal Care,Shampoo,GlowCare,120,79,41,730,SUP08,18000,2850,41,0,22,19,46,1,True,1,22,22,2640.0,3,0.0,0,120.0,902.0,0,1,34.2,10.5,0,0,0,1
2026-09-08,S02,P330,Chennai,Hypermarket,North,Beverages,Soft Drink,FizzUp,50,31,19,180,SUP04,18000,2850,316,136,156,296,295,3,True,1,156,156,7800.0,3,0.0,0,50.0,2964.0,0,0,34.2,10.5,0,0,0,1
2026-09-08,S02,P442,Chennai,Hypermarket,North,Snacks,Biscuits,Crispo,35,22,13,240,SUP06,18000,2850,212,80,127,165,172,1,True,1,127,127,4222.75,3,5.0,1,33.25,1428.75,0,1,34.2,10.5,0,0,0,1
2026-09-08,S03,P101,Madurai,Express,South,Dairy,Milk,Aavin,60,52,8,3,SUP01,4200,720,181,87,74,194,148,3,True,1,74,74,4218.0,3,5.0,1,57.0,370.0,0,0,34.3,4.0,0,0,0,0
2026-09-08,S03,P205,Madurai,Express,South,Personal Care,Shampoo,GlowCare,120,79,41,730,SUP08,4200,720,29,1,13,17,21,3,True,1,13,13,1560.0,3,0.0,0,120.0,533.0,0,1,34.3,4.0,0,0,0,0
2026-09-08,S03,P330,Madurai,Express,South,Beverages,Soft Drink,FizzUp,50,31,19,180,SUP04,4200,720,164,0,69,95,144,1,True,1,69,69,3450.0,3,0.0,0,50.0,1311.0,0,1,34.3,4.0,0,0,0,0
2026-09-08,S03,P442,Madurai,Express,South,Snacks,Biscuits,Crispo,35,22,13,240,SUP06,4200,720,138,0,61,77,84,2,True,1,61,61,2135.0,3,0.0,1,35.0,793.0,0,1,34.3,4.0,0,0,0,0
2026-09-08,S04,P101,Salem,Supermarket,Central,Dairy,Milk,Aavin,60,52,8,3,SUP01,7600,1080,145,0,85,60,132,3,True,1,85,85,4590.0,3,10.0,1,54.0,170.0,0,1,29.2,2.0,0,0,0,0
2026-09-08,S04,P205,Salem,Supermarket,Central,Personal Care,Shampoo,GlowCare,120,79,41,730,SUP08,7600,1080,29,0,14,15,29,2,True,1,14,14,1680.0,3,0.0,0,120.0,574.0,0,1,29.2,2.0,0,0,0,0
2026-09-08,S04,P330,Salem,Supermarket,Central,Beverages,Soft Drink,FizzUp,50,31,19,180,SUP04,7600,1080,183,0,124,59,197,1,True,1,124,124,5890.0,3,5.0,1,47.5,2046.0,0,1,29.2,2.0,0,0,0,0
2026-09-08,S04,P442,Salem,Supermarket,Central,Snacks,Biscuits,Crispo,35,22,13,240,SUP06,7600,1080,138,87,67,158,146,4,True,1,67,67,2345.0,3,0.0,0,35.0,871.0,0,0,29.2,2.0,0,0,0,0
2026-09-09,S01,P101,Coimbatore,Supermarket,West,Dairy,Milk,Aavin,60,52,8,3,SUP01,8500,1250,188,0,124,64,203,3,True,1,124,124,7440.0,3,0.0,1,60.0,992.0,0,1,28.0,4.6,0,0,0,0
2026-09-09,S01,P205,Coimbatore,Supermarket,West,Personal Care,Shampoo,GlowCare,120,79,41,730,SUP08,8500,1250,36,0,19,17,31,3,True,1,19,19,2280.0,3,0.0,0,120.0,779.0,0,1,28.0,4.6,0,0,0,0
2026-09-09,S01,P330,Coimbatore,Supermarket,West,Beverages,Soft Drink,FizzUp,50,31,19,180,SUP04,8500,1250,292,142,110,324,181,3,True,1,110,110,5500.0,3,0.0,0,50.0,2090.0,0,0,28.0,4.6,0,0,0,0
2026-09-09,S01,P442,Coimbatore,Supermarket,West,Snacks,Biscuits,Crispo,35,22,13,240,SUP06,8500,1250,195,0,87,108,141,4,True,1,87,87,3045.0,3,0.0,0,35.0,1131.0,0,1,28.0,4.6,0,0,0,0
2026-09-09,S02,P101,Chennai,Hypermarket,North,Dairy,Milk,Aavin,60,52,8,3,SUP01,18000,2850,336,0,125,211,205,2,True,1,125,125,7500.0,3,0.0,0,60.0,1000.0,0,0,31.7,0.0,0,0,0,0
2026-09-09,S02,P205,Chennai,Hypermarket,North,Personal Care,Shampoo,GlowCare,120,79,41,730,SUP08,18000,2850,41,0,22,19,49,1,True,1,22,22,2640.0,3,0.0,0,120.0,902.0,0,1,31.7,0.0,0,0,0,0
2026-09-09,S02,P330,Chennai,Hypermarket,North,Beverages,Soft Drink,FizzUp,50,31,19,180,SUP04,18000,2850,419,0,150,269,325,3,True,1,150,150,7500.0,3,0.0,0,50.0,2850.0,0,1,31.7,0.0,0,0,0,0
2026-09-09,S02,P442,Chennai,Hypermarket,North,Snacks,Biscuits,Crispo,35,22,13,240,SUP06,18000,2850,240,0,130,110,217,4,True,1,130,130,4322.5,3,5.0,1,33.25,1462.5,0,1,31.7,0.0,0,0,0,0
2026-09-09,S03,P101,Madurai,Express,South,Dairy,Milk,Aavin,60,52,8,3,SUP01,4200,720,184,86,68,202,147,2,True,1,68,68,4080.0,3,0.0,0,60.0,544.0,0,0,33.9,1.3,0,0,0,1
2026-09-09,S03,P205,Madurai,Express,South,Personal Care,Shampoo,GlowCare,120,79,41,730,SUP08,4200,720,22,0,12,10,24,2,True,1,12,12,1440.0,3,0.0,0,120.0,492.0,0,1,33.9,1.3,0,0,0,1
2026-09-09,S03,P330,Madurai,Express,South,Beverages,Soft Drink,FizzUp,50,31,19,180,SUP04,4200,720,133,0,73,60,172,4,True,1,73,73,3650.0,3,0.0,0,50.0,1387.0,0,1,33.9,1.3,0,0,0,1
2026-09-09,S03,P442,Madurai,Express,South,Snacks,Biscuits,Crispo,35,22,13,240,SUP06,4200,720,132,0,61,71,118,3,True,1,61,61,2135.0,3,0.0,0,35.0,793.0,0,1,33.9,1.3,0,0,0,1
2026-09-09,S04,P101,Salem,Supermarket,Central,Dairy,Milk,Aavin,60,52,8,3,SUP01,7600,1080,198,0,84,114,168,4,True,1,84,84,5040.0,3,0.0,0,60.0,672.0,0,1,30.4,0.0,0,0,0,0
2026-09-09,S04,P205,Salem,Supermarket,Central,Personal Care,Shampoo,GlowCare,120,79,41,730,SUP08,7600,1080,43,20,16,47,25,2,True,1,16,16,1920.0,3,0.0,0,120.0,656.0,0,0,30.4,0.0,0,0,0,0
2026-09-09,S04,P330,Salem,Supermarket,Central,Beverages,Soft Drink,FizzUp,50,31,19,180,SUP04,7600,1080,232,0,138,94,235,1,True,1,138,138,6900.0,3,0.0,1,50.0,2622.0,0,1,30.4,0.0,0,0,0,0
2026-09-09,S04,P442,Salem,Supermarket,Central,Snacks,Biscuits,Crispo,35,22,13,240,SUP06,7600,1080,147,0,72,75,139,2,True,1,72,72,2520.0,3,0.0,0,35.0,936.0,0,1,30.4,0.0,0,0,0,0
2026-09-10,S01,P101,Coimbatore,Supermarket,West,Dairy,Milk,Aavin,60,52,8,3,SUP01,8500,1250,231,0,107,124,149,2,True,1,107,107,6420.0,3,0.0,0,60.0,856.0,0,1,30.3,9.6,0,0,0,0
2026-09-10,S01,P205,Coimbatore,Supermarket,West,Personal Care,Shampoo,GlowCare,120,79,41,730,SUP08,8500,1250,48,0,19,29,39,1,True,1,19,19,2280.0,3,0.0,0,120.0,779.0,0,1,30.3,9.6,0,0,0,0
2026-09-10,S01,P330,Coimbatore,Supermarket,West,Beverages,Soft Drink,FizzUp,50,31,19,180,SUP04,8500,1250,315,0,140,175,231,2,True,1,140,140,6300.0,3,10.0,1,45.0,1960.0,0,1,30.3,9.6,0,0,0,0
2026-09-10,S01,P442,Coimbatore,Supermarket,West,Snacks,Biscuits,Crispo,35,22,13,240,SUP06,8500,1250,131,81,75,137,116,4,True,1,75,75,2625.0,3,0.0,0,35.0,975.0,0,0,30.3,9.6,0,0,0,0
2026-09-10,S02,P101,Chennai,Hypermarket,North,Dairy,Milk,Aavin,60,52,8,3,SUP01,18000,2850,316,0,113,203,252,4,True,1,113,113,6780.0,3,0.0,0,60.0,904.0,0,1,31.9,6.2,0,0,0,0
2026-09-10,S02,P205,Chennai,Hypermarket,North,Personal Care,Shampoo,GlowCare,120,79,41,730,SUP08,18000,2850,39,0,22,17,38,3,True,1,22,22,2640.0,3,0.0,0,120.0,902.0,0,1,31.9,6.2,0,0,0,0
2026-09-10,S02,P330,Chennai,Hypermarket,North,Beverages,Soft Drink,FizzUp,50,31,19,180,SUP04,18000,2850,360,0,173,187,276,4,True,1,173,173,8650.0,3,0.0,0,50.0,3287.0,0,1,31.9,6.2,0,0,0,0
2026-09-10,S02,P442,Chennai,Hypermarket,North,Snacks,Biscuits,Crispo,35,22,13,240,SUP06,18000,2850,175,0,106,69,185,3,True,1,106,106,3710.0,3,0.0,0,35.0,1378.0,0,1,31.9,6.2,0,0,0,0
2026-09-10,S03,P101,Madurai,Express,South,Dairy,Milk,Aavin,60,52,8,3,SUP01,4200,720,156,0,67,89,147,4,True,1,67,67,4020.0,3,0.0,0,60.0,536.0,0,1,32.2,4.5,0,0,0,0
2026-09-10,S03,P205,Madurai,Express,South,Personal Care,Shampoo,GlowCare,120,79,41,730,SUP08,4200,720,34,0,16,18,25,4,True,1,16,16,1920.0,3,0.0,1,120.0,656.0,0,1,32.2,4.5,0,0,0,0
2026-09-10,S03,P330,Madurai,Express,South,Beverages,Soft Drink,FizzUp,50,31,19,180,SUP04,4200,720,214,0,107,107,178,4,True,1,107,107,4547.5,3,15.0,1,42.5,1230.5,0,1,32.2,4.5,0,0,0,0
2026-09-10,S03,P442,Madurai,Express,South,Snacks,Biscuits,Crispo,35,22,13,240,SUP06,4200,720,132,42,45,129,107,1,True,1,45,45,1575.0,3,0.0,0,35.0,585.0,0,0,32.2,4.5,0,0,0,0
2026-09-10,S04,P101,Salem,Supermarket,Central,Dairy,Milk,Aavin,60,52,8,3,SUP01,7600,1080,186,0,95,91,162,3,True,1,95,95,5700.0,3,0.0,0,60.0,760.0,0,1,26.0,2.4,0,0,0,0
2026-09-10,S04,P205,Salem,Supermarket,Central,Personal Care,Shampoo,GlowCare,120,79,41,730,SUP08,7600,1080,39,0,18,21,32,1,True,1,18,18,2160.0,3,0.0,0,120.0,738.0,0,1,26.0,2.4,0,0,0,0
2026-09-10,S04,P330,Salem,Supermarket,Central,Beverages,Soft Drink,FizzUp,50,31,19,180,SUP04,7600,1080,219,67,96,190,187,3,True,1,96,96,4800.0,3,0.0,0,50.0,1824.0,0,0,26.0,2.4,0,0,0,0
2026-09-10,S04,P442,Salem,Supermarket,Central,Snacks,Biscuits,Crispo,35,22,13,240,SUP06,7600,1080,109,8,59,58,130,4,True,1,59,59,2065.0,3,0.0,0,35.0,767.0,0,1,26.0,2.4,0,0,0,0
2026-09-11,S01,P101,Coimbatore,Supermarket,West,Dairy,Milk,Aavin,60,52,8,3,SUP01,8500,1250,203,0,89,114,178,4,True,1,89,89,5340.0,3,0.0,0,60.0,712.0,0,1,27.7,12.7,0,0,0,0
2026-09-11,S01,P205,Coimbatore,Supermarket,West,Personal Care,Shampoo,GlowCare,120,79,41,730,SUP08,8500,1250,48,9,18,39,31,4,True,1,18,18,2160.0,3,0.0,0,120.0,738.0,0,0,27.7,12.7,0,0,0,0
2026-09-11,S01,P330,Coimbatore,Supermarket,West,Beverages,Soft Drink,FizzUp,50,31,19,180,SUP04,8500,1250,293,0,115,178,219,4,True,1,115,115,5750.0,3,0.0,0,50.0,2185.0,0,1,27.7,12.7,0,0,0,0
2026-09-11,S01,P442,Coimbatore,Supermarket,West,Snacks,Biscuits,Crispo,35,22,13,240,SUP06,8500,1250,141,86,75,152,124,3,True,1,75,75,2625.0,3,0.0,0,35.0,975.0,0,0,27.7,12.7,0,0,0,0
2026-09-11,S02,P101,Chennai,Hypermarket,North,Dairy,Milk,Aavin,60,52,8,3,SUP01,18000,2850,313,0,139,174,237,1,True,1,139,139,8340.0,3,0.0,0,60.0,1112.0,0,1,32.8,0.0,0,0,0,0
2026-09-11,S02,P205,Chennai,Hypermarket,North,Personal Care,Shampoo,GlowCare,120,79,41,730,SUP08,18000,2850,58,0,22,36,41,1,True,1,22,22,2640.0,3,0.0,0,120.0,902.0,0,1,32.8,0.0,0,0,0,0
2026-09-11,S02,P330,Chennai,Hypermarket,North,Beverages,Soft Drink,FizzUp,50,31,19,180,SUP04,18000,2850,260,0,191,69,290,1,True,1,191,191,9550.0,3,0.0,0,50.0,3629.0,0,1,32.8,0.0,0,0,0,0
2026-09-11,S02,P442,Chennai,Hypermarket,North,Snacks,Biscuits,Crispo,35,22,13,240,SUP06,18000,2850,255,0,105,150,153,2,True,1,105,105,3675.0,3,0.0,0,35.0,1365.0,0,1,32.8,0.0,0,0,0,0
2026-09-11,S03,P101,Madurai,Express,South,Dairy,Milk,Aavin,60,52,8,3,SUP01,4200,720,110,0,70,40,146,2,True,1,70,70,4200.0,3,0.0,0,60.0,560.0,0,1,37.5,1.7,0,0,0,0
2026-09-11,S03,P205,Madurai,Express,South,Personal Care,Shampoo,GlowCare,120,79,41,730,SUP08,4200,720,29,10,14,25,26,4,True,1,14,14,1680.0,3,0.0,0,120.0,574.0,0,1,37.5,1.7,0,0,0,0
2026-09-11,S03,P330,Madurai,Express,South,Beverages,Soft Drink,FizzUp,50,31,19,180,SUP04,4200,720,203,0,92,111,164,2,True,1,92,92,4600.0,3,0.0,0,50.0,1748.0,0,1,37.5,1.7,0,0,0,0
2026-09-11,S03,P442,Madurai,Express,South,Snacks,Biscuits,Crispo,35,22,13,240,SUP06,4200,720,138,70,53,155,90,2,True,1,53,53,1855.0,3,0.0,0,35.0,689.0,0,0,37.5,1.7,0,0,0,0
2026-09-11,S04,P101,Salem,Supermarket,Central,Dairy,Milk,Aavin,60,52,8,3,SUP01,7600,1080,234,22,104,152,142,2,True,1,104,104,5928.0,3,5.0,1,57.0,520.0,0,0,29.3,3.9,0,0,0,0
2026-09-11,S04,P205,Salem,Supermarket,Central,Personal Care,Shampoo,GlowCare,120,79,41,730,SUP08,7600,1080,27,0,16,11,27,2,True,1,16,16,1920.0,3,0.0,0,120.0,656.0,0,1,29.3,3.9,0,0,0,0
2026-09-11,S04,P330,Salem,Supermarket,Central,Beverages,Soft Drink,FizzUp,50,31,19,180,SUP04,7600,1080,269,0,100,169,185,1,True,1,100,100,5000.0,3,0.0,0,50.0,1900.0,0,1,29.3,3.9,0,0,0,0
2026-09-11,S04,P442,Salem,Supermarket,Central,Snacks,Biscuits,Crispo,35,22,13,240,SUP06,7600,1080,177,33,57,153,139,2,True,1,57,57,1995.0,3,0.0,0,35.0,741.0,0,0,29.3,3.9,0,0,0,0
2026-09-12,S01,P101,Coimbatore,Supermarket,West,Dairy,Milk,Aavin,60,52,8,3,SUP01,8500,1250,222,0,102,120,175,1,True,1,102,102,6120.0,3,0.0,0,60.0,816.0,0,1,30.6,0.2,0,0,1,0
2026-09-12,S01,P205,Coimbatore,Supermarket,West,Personal Care,Shampoo,GlowCare,120,79,41,730,SUP08,8500,1250,27,20,19,28,34,1,True,1,19,19,2280.0,3,0.0,0,120.0,779.0,0,1,30.6,0.2,0,0,1,0
2026-09-12,S01,P330,Coimbatore,Supermarket,West,Beverages,Soft Drink,FizzUp,50,31,19,180,SUP04,8500,1250,231,0,138,93,250,4,True,1,138,138,6900.0,3,0.0,0,50.0,2622.0,0,1,30.6,0.2,0,0,1,0
2026-09-12,S01,P442,Coimbatore,Supermarket,West,Snacks,Biscuits,Crispo,35,22,13,240,SUP06,8500,1250,147,0,83,64,138,3,True,1,83,83,2905.0,3,0.0,0,35.0,1079.0,0,1,30.6,0.2,0,0,1,0
2026-09-12,S02,P101,Chennai,Hypermarket,North,Dairy,Milk,Aavin,60,52,8,3,SUP01,18000,2850,239,0,184,55,221,2,True,1,184,184,9384.0,3,15.0,1,51.0,-184.0,0,1,33.1,5.3,0,0,1,0
2026-09-12,S02,P205,Chennai,Hypermarket,North,Personal Care,Shampoo,GlowCare,120,79,41,730,SUP08,18000,2850,52,0,29,23,52,4,True,1,29,29,3480.0,3,0.0,0,120.0,1189.0,0,1,33.1,5.3,0,0,1,0
2026-09-12,S02,P330,Chennai,Hypermarket,North,Beverages,Soft Drink,FizzUp,50,31,19,180,SUP04,18000,2850,389,0,184,205,270,2,True,1,184,184,9200.0,3,0.0,0,50.0,3496.0,0,1,33.1,5.3,0,0,1,0
2026-09-12,S02,P442,Chennai,Hypermarket,North,Snacks,Biscuits,Crispo,35,22,13,240,SUP06,18000,2850,218,0,130,88,184,3,True,1,130,130,4550.0,3,0.0,0,35.0,1690.0,0,1,33.1,5.3,0,0,1,0
2026-09-12,S03,P101,Madurai,Express,South,Dairy,Milk,Aavin,60,52,8,3,SUP01,4200,720,171,0,83,88,118,1,True,1,83,83,4980.0,3,0.0,1,60.0,664.0,0,1,34.4,0.0,0,0,1,0
2026-09-12,S03,P205,Madurai,Express,South,Personal Care,Shampoo,GlowCare,120,79,41,730,SUP08,4200,720,32,0,15,17,20,1,True,1,15,15,1800.0,3,0.0,0,120.0,615.0,0,1,34.4,0.0,0,0,1,0
2026-09-12,S03,P330,Madurai,Express,South,Beverages,Soft Drink,FizzUp,50,31,19,180,SUP04,4200,720,183,68,98,153,174,4,True,1,98,98,4900.0,3,0.0,0,50.0,1862.0,0,1,34.4,0.0,0,0,1,0
2026-09-12,S03,P442,Madurai,Express,South,Snacks,Biscuits,Crispo,35,22,13,240,SUP06,4200,720,109,0,57,52,103,3,True,1,57,57,1995.0,3,0.0,0,35.0,741.0,0,1,34.4,0.0,0,0,1,0
2026-09-12,S04,P101,Salem,Supermarket,Central,Dairy,Milk,Aavin,60,52,8,3,SUP01,7600,1080,231,0,90,141,165,2,True,1,90,90,5130.0,3,5.0,1,57.0,450.0,0,1,30.6,7.6,0,0,1,0
2026-09-12,S04,P205,Salem,Supermarket,Central,Personal Care,Shampoo,GlowCare,120,79,41,730,SUP08,7600,1080,32,0,20,12,29,1,True,1,20,20,2400.0,3,0.0,0,120.0,820.0,0,1,30.6,7.6,0,0,1,0
2026-09-12,S04,P330,Salem,Supermarket,Central,Beverages,Soft Drink,FizzUp,50,31,19,180,SUP04,7600,1080,231,46,106,171,175,4,True,1,106,106,5300.0,3,0.0,0,50.0,2014.0,0,1,30.6,7.6,0,0,1,0
2026-09-12,S04,P442,Salem,Supermarket,Central,Snacks,Biscuits,Crispo,35,22,13,240,SUP06,7600,1080,185,26,87,124,132,3,True,1,87,87,2740.5,3,10.0,1,31.5,826.5,0,1,30.6,7.6,0,0,1,0
2026-09-13,S01,P101,Coimbatore,Supermarket,West,Dairy,Milk,Aavin,60,52,8,3,SUP01,8500,1250,235,70,107,198,201,4,True,1,107,107,6420.0,3,0.0,0,60.0,856.0,0,1,28.1,5.1,0,0,1,0
2026-09-13,S01,P205,Coimbatore,Supermarket,West,Personal Care,Shampoo,GlowCare,120,79,41,730,SUP08,8500,1250,36,0,23,13,31,1,True,1,23,23,2760.0,3,0.0,0,120.0,943.0,0,1,28.1,5.1,0,0,1,0
2026-09-13,S01,P330,Coimbatore,Supermarket,West,Beverages,Soft Drink,FizzUp,50,31,19,180,SUP04,8500,1250,218,0,143,75,188,4,True,1,143,143,7150.0,3,0.0,0,50.0,2717.0,0,1,28.1,5.1,0,0,1,0
2026-09-13,S01,P442,Coimbatore,Supermarket,West,Snacks,Biscuits,Crispo,35,22,13,240,SUP06,8500,1250,170,34,83,121,120,1,True,1,83,83,2905.0,3,0.0,0,35.0,1079.0,0,0,28.1,5.1,0,0,1,0
2026-09-13,S02,P101,Chennai,Hypermarket,North,Dairy,Milk,Aavin,60,52,8,3,SUP01,18000,2850,338,5,138,205,259,2,True,1,138,138,8280.0,3,0.0,0,60.0,1104.0,0,1,33.4,0.0,0,0,1,0
2026-09-13,S02,P205,Chennai,Hypermarket,North,Personal Care,Shampoo,GlowCare,120,79,41,730,SUP08,18000,2850,56,0,22,34,47,4,True,1,22,22,2640.0,3,0.0,0,120.0,902.0,0,1,33.4,0.0,0,0,1,0
2026-09-13,S02,P330,Chennai,Hypermarket,North,Beverages,Soft Drink,FizzUp,50,31,19,180,SUP04,18000,2850,291,0,202,89,343,3,True,1,202,202,10100.0,3,0.0,0,50.0,3838.0,0,1,33.4,0.0,0,0,1,0
2026-09-13,S02,P442,Chennai,Hypermarket,North,Snacks,Biscuits,Crispo,35,22,13,240,SUP06,18000,2850,232,0,104,128,166,4,True,1,104,104,3640.0,3,0.0,0,35.0,1352.0,0,1,33.4,0.0,0,0,1,0
2026-09-13,S03,P101,Madurai,Express,South,Dairy,Milk,Aavin,60,52,8,3,SUP01,4200,720,118,0,76,42,115,2,True,1,76,76,4560.0,3,0.0,0,60.0,608.0,0,1,33.3,0.0,0,0,1,0
2026-09-13,S03,P205,Madurai,Express,South,Personal Care,Shampoo,GlowCare,120,79,41,730,SUP08,4200,720,25,0,13,12,19,1,True,1,13,13,1560.0,3,0.0,0,120.0,533.0,0,1,33.3,0.0,0,0,1,0
2026-09-13,S03,P330,Madurai,Express,South,Beverages,Soft Drink,FizzUp,50,31,19,180,SUP04,4200,720,179,0,88,91,148,1,True,1,88,88,4400.0,3,0.0,0,50.0,1672.0,0,1,33.3,0.0,0,0,1,0
2026-09-13,S03,P442,Madurai,Express,South,Snacks,Biscuits,Crispo,35,22,13,240,SUP06,4200,720,111,0,66,45,107,1,True,1,66,66,2310.0,3,0.0,0,35.0,858.0,0,1,33.3,0.0,0,0,1,0
2026-09-13,S04,P101,Salem,Supermarket,Central,Dairy,Milk,Aavin,60,52,8,3,SUP01,7600,1080,169,0,98,71,163,1,True,1,98,98,5880.0,3,0.0,1,60.0,784.0,0,1,31.2,4.2,0,0,1,0
2026-09-13,S04,P205,Salem,Supermarket,Central,Personal Care,Shampoo,GlowCare,120,79,41,730,SUP08,7600,1080,39,0,20,19,31,4,True,1,20,20,2400.0,3,0.0,0,120.0,820.0,0,1,31.2,4.2,0,0,1,0
2026-09-13,S04,P330,Salem,Supermarket,Central,Beverages,Soft Drink,FizzUp,50,31,19,180,SUP04,7600,1080,239,0,142,97,165,3,True,1,142,142,6390.0,3,10.0,1,45.0,1988.0,0,1,31.2,4.2,0,0,1,0
2026-09-13,S04,P442,Salem,Supermarket,Central,Snacks,Biscuits,Crispo,35,22,13,240,SUP06,7600,1080,105,0,92,13,118,1,True,1,92,92,3220.0,3,0.0,0,35.0,1196.0,0,1,31.2,4.2,0,0,1,0
2026-09-14,S01,P101,Coimbatore,Supermarket,West,Dairy,Milk,Aavin,60,52,8,3,SUP01,8500,1250,152,0,90,62,182,4,True,1,90,90,5400.0,3,0.0,0,60.0,720.0,0,1,28.8,0.0,0,0,0,0
2026-09-14,S01,P205,Coimbatore,Supermarket,West,Personal Care,Shampoo,GlowCare,120,79,41,730,SUP08,8500,1250,46,0,17,29,34,1,True,1,17,17,2040.0,3,0.0,0,120.0,697.0,0,1,28.8,0.0,0,0,0,0
2026-09-14,S01,P330,Coimbatore,Supermarket,West,Beverages,Soft Drink,FizzUp,50,31,19,180,SUP04,8500,1250,180,0,107,73,197,3,True,1,107,107,5350.0,3,0.0,0,50.0,2033.0,0,1,28.8,0.0,0,0,0,0
2026-09-14,S01,P442,Coimbatore,Supermarket,West,Snacks,Biscuits,Crispo,35,22,13,240,SUP06,8500,1250,144,73,75,142,123,3,True,1,75,75,2625.0,3,0.0,0,35.0,975.0,0,0,28.8,0.0,0,0,0,0
2026-09-14,S02,P101,Chennai,Hypermarket,North,Dairy,Milk,Aavin,60,52,8,3,SUP01,18000,2850,225,3,121,107,248,2,True,1,121,121,7260.0,3,0.0,0,60.0,968.0,0,1,33.4,1.1,0,0,0,0
2026-09-14,S02,P205,Chennai,Hypermarket,North,Personal Care,Shampoo,GlowCare,120,79,41,730,SUP08,18000,2850,67,0,26,41,40,4,True,1,26,26,3120.0,3,0.0,0,120.0,1066.0,0,0,33.4,1.1,0,0,0,0
2026-09-14,S02,P330,Chennai,Hypermarket,North,Beverages,Soft Drink,FizzUp,50,31,19,180,SUP04,18000,2850,262,0,157,105,258,1,True,1,157,157,7850.0,3,0.0,0,50.0,2983.0,0,1,33.4,1.1,0,0,0,0
2026-09-14,S02,P442,Chennai,Hypermarket,North,Snacks,Biscuits,Crispo,35,22,13,240,SUP06,18000,2850,267,0,112,155,173,4,True,1,112,112,3920.0,3,0.0,0,35.0,1456.0,0,1,33.4,1.1,0,0,0,0
2026-09-14,S03,P101,Madurai,Express,South,Dairy,Milk,Aavin,60,52,8,3,SUP01,4200,720,169,0,70,99,145,3,True,1,70,70,4200.0,3,0.0,0,60.0,560.0,0,1,30.8,9.7,0,0,0,0
2026-09-14,S03,P205,Madurai,Express,South,Personal Care,Shampoo,GlowCare,120,79,41,730,SUP08,4200,720,34,0,12,22,22,4,True,1,12,12,1440.0,3,0.0,0,120.0,492.0,0,1,30.8,9.7,0,0,0,0
2026-09-14,S03,P330,Madurai,Express,South,Beverages,Soft Drink,FizzUp,50,31,19,180,SUP04,4200,720,135,0,84,51,133,3,True,1,84,84,4200.0,3,0.0,0,50.0,1596.0,0,1,30.8,9.7,0,0,0,0
2026-09-14,S03,P442,Madurai,Express,South,Snacks,Biscuits,Crispo,35,22,13,240,SUP06,4200,720,82,0,59,23,84,1,True,1,59,59,2065.0,3,0.0,0,35.0,767.0,0,1,30.8,9.7,0,0,0,0
2026-09-14,S04,P101,Salem,Supermarket,Central,Dairy,Milk,Aavin,60,52,8,3,SUP01,7600,1080,224,66,73,217,155,1,True,1,73,73,4380.0,3,0.0,0,60.0,584.0,0,0,30.5,0.0,0,0,0,0
2026-09-14,S04,P205,Salem,Supermarket,Central,Personal Care,Shampoo,GlowCare,120,79,41,730,SUP08,7600,1080,38,1,17,22,27,2,True,1,17,17,2040.0,3,0.0,0,120.0,697.0,0,1,30.5,0.0,0,0,0,0
2026-09-14,S04,P330,Salem,Supermarket,Central,Beverages,Soft Drink,FizzUp,50,31,19,180,SUP04,7600,1080,277,0,112,165,186,2,True,1,112,112,5600.0,3,0.0,0,50.0,2128.0,0,1,30.5,0.0,0,0,0,0
2026-09-14,S04,P442,Salem,Supermarket,Central,Snacks,Biscuits,Crispo,35,22,13,240,SUP06,7600,1080,119,0,66,53,146,2,True,1,66,66,2310.0,3,0.0,0,35.0,858.0,0,1,30.5,0.0,0,0,0,0
2026-09-15,S01,P101,Coimbatore,Supermarket,West,Dairy,Milk,Aavin,60,52,8,3,SUP01,8500,1250,222,109,84,247,185,1,True,1,84,84,5040.0,3,0.0,0,60.0,672.0,0,0,29.8,6.9,1,0,0,0
2026-09-15,S01,P205,Coimbatore,Supermarket,West,Personal Care,Shampoo,GlowCare,120,79,41,730,SUP08,8500,1250,40,7,19,28,38,4,True,1,19,19,2280.0,3,0.0,0,120.0,779.0,0,1,29.8,6.9,1,0,0,0
2026-09-15,S01,P330,Coimbatore,Supermarket,West,Beverages,Soft Drink,FizzUp,50,31,19,180,SUP04,8500,1250,313,95,116,292,210,2,True,1,116,116,5800.0,3,0.0,0,50.0,2204.0,0,0,29.8,6.9,1,0,0,0
2026-09-15,S01,P442,Coimbatore,Supermarket,West,Snacks,Biscuits,Crispo,35,22,13,240,SUP06,8500,1250,193,0,77,116,129,2,True,1,77,77,2695.0,3,0.0,0,35.0,1001.0,0,1,29.8,6.9,1,0,0,0
2026-09-15,S02,P101,Chennai,Hypermarket,North,Dairy,Milk,Aavin,60,52,8,3,SUP01,18000,2850,221,0,113,108,210,4,True,1,113,113,6780.0,3,0.0,0,60.0,904.0,0,1,33.9,1.1,1,0,0,0
2026-09-15,S02,P205,Chennai,Hypermarket,North,Personal Care,Shampoo,GlowCare,120,79,41,730,SUP08,18000,2850,59,0,29,30,42,4,True,1,29,29,3480.0,3,0.0,0,120.0,1189.0,0,1,33.9,1.1,1,0,0,0
2026-09-15,S02,P330,Chennai,Hypermarket,North,Beverages,Soft Drink,FizzUp,50,31,19,180,SUP04,18000,2850,382,176,156,402,271,1,True,1,156,156,7800.0,3,0.0,0,50.0,2964.0,0,0,33.9,1.1,1,0,0,0
2026-09-15,S02,P442,Chennai,Hypermarket,North,Snacks,Biscuits,Crispo,35,22,13,240,SUP06,18000,2850,244,0,112,132,170,3,True,1,112,112,3920.0,3,0.0,1,35.0,1456.0,0,1,33.9,1.1,1,0,0,0
2026-09-15,S03,P101,Madurai,Express,South,Dairy,Milk,Aavin,60,52,8,3,SUP01,4200,720,104,0,75,29,130,4,True,1,75,75,4500.0,3,0.0,0,60.0,600.0,0,1,36.0,0.0,1,0,0,0
2026-09-15,S03,P205,Madurai,Express,South,Personal Care,Shampoo,GlowCare,120,79,41,730,SUP08,4200,720,28,0,11,17,27,4,True,1,11,11,1320.0,3,0.0,0,120.0,451.0,0,1,36.0,0.0,1,0,0,0
2026-09-15,S03,P330,Madurai,Express,South,Beverages,Soft Drink,FizzUp,50,31,19,180,SUP04,4200,720,165,0,101,64,182,3,True,1,101,101,4292.5,3,15.0,1,42.5,1161.5,0,1,36.0,0.0,1,0,0,0
2026-09-15,S03,P442,Madurai,Express,South,Snacks,Biscuits,Crispo,35,22,13,240,SUP06,4200,720,125,3,62,66,104,2,True,1,62,62,2170.0,3,0.0,1,35.0,806.0,0,1,36.0,0.0,1,0,0,0
2026-09-15,S04,P101,Salem,Supermarket,Central,Dairy,Milk,Aavin,60,52,8,3,SUP01,7600,1080,150,0,91,59,135,4,True,1,91,91,5460.0,3,0.0,0,60.0,728.0,0,1,30.2,10.3,1,0,0,0
2026-09-15,S04,P205,Salem,Supermarket,Central,Personal Care,Shampoo,GlowCare,120,79,41,730,SUP08,7600,1080,27,0,19,8,32,4,True,1,19,19,2280.0,3,0.0,0,120.0,779.0,0,1,30.2,10.3,1,0,0,0
2026-09-15,S04,P330,Salem,Supermarket,Central,Beverages,Soft Drink,FizzUp,50,31,19,180,SUP04,7600,1080,269,116,113,272,181,4,True,1,113,113,5650.0,3,0.0,0,50.0,2147.0,0,0,30.2,10.3,1,0,0,0
2026-09-15,S04,P442,Salem,Supermarket,Central,Snacks,Biscuits,Crispo,35,22,13,240,SUP06,7600,1080,175,0,66,109,135,3,True,1,66,66,2310.0,3,0.0,0,35.0,858.0,0,1,30.2,10.3,1,0,0,0
