date,Store,Product,Category,Brand,Current_Stock,Incoming_Stock,7_Day_Forecast,Safety_Stock,Stockout_Probability,Risk_Level,Recommended_Order_Qty,Key_Reasons,Manager_Action
2026-08-15,S02,P330,Beverages,FizzUp,124,0,1234,58,1.0,HIGH,1168,Current closing stock (124 units) is at or below reorder threshold (319 units) | Critically low days of inventory (0.7 days remaining based on 7-day trend) | 7-day forecasted demand (1232 units) exceeds available stock (124 units) | Supplier replenishment lead time is relatively high (4 days),CRITICAL: Issue emergency purchase order immediately to prevent stockout
2026-08-15,S02,P101,Dairy,Aavin,140,0,960,57,1.0,HIGH,877,Current closing stock (140 units) is at or below reorder threshold (262 units) | Critically low days of inventory (0.9 days remaining based on 7-day trend) | 7-day forecasted demand (960 units) exceeds available stock (140 units),CRITICAL: Issue emergency purchase order immediately to prevent stockout
2026-08-15,S01,P330,Beverages,FizzUp,162,0,912,47,1.0,HIGH,797,Current closing stock (162 units) is at or below reorder threshold (260 units) | Critically low days of inventory (1.3 days remaining based on 7-day trend) | 7-day forecasted demand (893 units) exceeds available stock (162 units) | Supplier replenishment lead time is relatively high (3 days),CRITICAL: Issue emergency purchase order immediately to prevent stockout
2026-08-15,S04,P330,Beverages,FizzUp,148,0,829,52,1.0,HIGH,733,Current closing stock (148 units) is at or below reorder threshold (219 units) | Critically low days of inventory (1.1 days remaining based on 7-day trend) | 7-day forecasted demand (829 units) exceeds available stock (148 units) | Supplier replenishment lead time is relatively high (3 days),CRITICAL: Issue emergency purchase order immediately to prevent stockout
2026-08-15,S02,P442,Snacks,Crispo,151,0,811,26,1.0,HIGH,686,Current closing stock (151 units) is at or below reorder threshold (195 units) | Critically low days of inventory (1.4 days remaining based on 7-day trend) | 7-day forecasted demand (797 units) exceeds available stock (151 units),CRITICAL: Issue emergency purchase order immediately to prevent stockout
2026-08-15,S01,P101,Dairy,Aavin,81,0,715,45,1.0,HIGH,679,Current closing stock (81 units) is at or below reorder threshold (175 units) | Critically low days of inventory (0.8 days remaining based on 7-day trend) | 7-day forecasted demand (709 units) exceeds available stock (81 units),CRITICAL: Issue emergency purchase order immediately to prevent stockout
2026-08-15,S03,P330,Beverages,FizzUp,112,0,693,15,1.0,HIGH,596,Current closing stock (112 units) is at or below reorder threshold (160 units) | Critically low days of inventory (1.2 days remaining based on 7-day trend) | 7-day forecasted demand (700 units) exceeds available stock (112 units),CRITICAL: Issue emergency purchase order immediately to prevent stockout
2026-08-15,S04,P101,Dairy,Aavin,111,0,648,31,1.0,HIGH,568,Current closing stock (111 units) is at or below reorder threshold (148 units) | Critically low days of inventory (1.1 days remaining based on 7-day trend) | 7-day forecasted demand (634 units) exceeds available stock (111 units) | Supplier replenishment lead time is relatively high (4 days),CRITICAL: Issue emergency purchase order immediately to prevent stockout
2026-08-15,S01,P442,Snacks,Crispo,63,41,580,40,1.0,HIGH,516,Current closing stock (63 units) is at or below reorder threshold (116 units) | Critically low days of inventory (0.8 days remaining based on 7-day trend) | 7-day forecasted demand (580 units) exceeds available stock (63 units) | Supplier replenishment lead time is relatively high (4 days),CRITICAL: Issue emergency purchase order immediately to prevent stockout
2026-08-15,S03,P101,Dairy,Aavin,48,0,506,23,1.0,HIGH,481,Current closing stock (48 units) is at or below reorder threshold (111 units) | Critically low days of inventory (0.7 days remaining based on 7-day trend) | 7-day forecasted demand (505 units) exceeds available stock (48 units),CRITICAL: Issue emergency purchase order immediately to prevent stockout
2026-08-15,S04,P442,Snacks,Crispo,107,0,525,20,1.0,HIGH,438,Current closing stock (107 units) is at or below reorder threshold (124 units) | Critically low days of inventory (1.5 days remaining based on 7-day trend) | 7-day forecasted demand (525 units) exceeds available stock (107 units) | Supplier replenishment lead time is relatively high (3 days),CRITICAL: Issue emergency purchase order immediately to prevent stockout
2026-08-15,S03,P442,Snacks,Crispo,82,19,394,12,1.0,HIGH,305,Current closing stock (82 units) is at or below reorder threshold (89 units) | Critically low days of inventory (1.4 days remaining based on 7-day trend) | 7-day forecasted demand (393 units) exceeds available stock (82 units),CRITICAL: Issue emergency purchase order immediately to prevent stockout
2026-08-15,S02,P205,Personal Care,GlowCare,37,0,188,9,1.0,HIGH,160,Current closing stock (37 units) is at or below reorder threshold (39 units) | Critically low days of inventory (1.5 days remaining based on 7-day trend) | 7-day forecasted demand (189 units) exceeds available stock (37 units) | Supplier replenishment lead time is relatively high (3 days),CRITICAL: Issue emergency purchase order immediately to prevent stockout
2026-08-15,S01,P205,Personal Care,GlowCare,6,0,130,9,1.0,HIGH,133,Current closing stock (6 units) is at or below reorder threshold (34 units) | Critically low days of inventory (0.3 days remaining based on 7-day trend) | 7-day forecasted demand (128 units) exceeds available stock (6 units) | Supplier replenishment lead time is relatively high (3 days),CRITICAL: Issue emergency purchase order immediately to prevent stockout
2026-08-15,S04,P205,Personal Care,GlowCare,23,7,125,7,1.0,HIGH,102,Current closing stock (23 units) is at or below reorder threshold (26 units) | Critically low days of inventory (1.4 days remaining based on 7-day trend) | 7-day forecasted demand (128 units) exceeds available stock (23 units) | Supplier replenishment lead time is relatively high (4 days),CRITICAL: Issue emergency purchase order immediately to prevent stockout
2026-08-15,S03,P205,Personal Care,GlowCare,21,0,102,6,1.0,HIGH,87,Current closing stock (21 units) is at or below reorder threshold (22 units) | Critically low days of inventory (1.6 days remaining based on 7-day trend) | 7-day forecasted demand (102 units) exceeds available stock (21 units) | Supplier replenishment lead time is relatively high (3 days),URGENT: Place purchase order within 24 hours to replenish stock
2026-08-16,S02,P330,Beverages,FizzUp,227,0,1237,50,1.0,HIGH,1060,Current closing stock (227 units) is at or below reorder threshold (317 units) | Critically low days of inventory (1.3 days remaining based on 7-day trend) | 7-day forecasted demand (1230 units) exceeds available stock (227 units) | Supplier replenishment lead time is relatively high (3 days),CRITICAL: Issue emergency purchase order immediately to prevent stockout
2026-08-16,S02,P101,Dairy,Aavin,140,0,940,71,1.0,HIGH,871,Current closing stock (140 units) is at or below reorder threshold (224 units) | Critically low days of inventory (1.0 days remaining based on 7-day trend) | 7-day forecasted demand (924 units) exceeds available stock (140 units) | Supplier replenishment lead time is relatively high (4 days),CRITICAL: Issue emergency purchase order immediately to prevent stockout
2026-08-16,S01,P330,Beverages,FizzUp,166,48,929,39,1.0,HIGH,754,Current closing stock (166 units) is at or below reorder threshold (251 units) | Critically low days of inventory (1.2 days remaining based on 7-day trend) | 7-day forecasted demand (935 units) exceeds available stock (166 units),CRITICAL: Issue emergency purchase order immediately to prevent stockout
2026-08-16,S04,P330,Beverages,FizzUp,113,44,826,31,1.0,HIGH,700,Current closing stock (113 units) is at or below reorder threshold (165 units) | Critically low days of inventory (0.9 days remaining based on 7-day trend) | 7-day forecasted demand (805 units) exceeds available stock (113 units),CRITICAL: Issue emergency purchase order immediately to prevent stockout
2026-08-16,S01,P101,Dairy,Aavin,118,0,718,33,1.0,HIGH,633,Current closing stock (118 units) is at or below reorder threshold (148 units) | Critically low days of inventory (1.1 days remaining based on 7-day trend) | 7-day forecasted demand (711 units) exceeds available stock (118 units),CRITICAL: Issue emergency purchase order immediately to prevent stockout
2026-08-16,S02,P442,Snacks,Crispo,153,78,828,33,1.0,HIGH,630,Current closing stock (153 units) is at or below reorder threshold (204 units) | Critically low days of inventory (1.4 days remaining based on 7-day trend) | 7-day forecasted demand (819 units) exceeds available stock (153 units) | Supplier replenishment lead time is relatively high (4 days),CRITICAL: Issue emergency purchase order immediately to prevent stockout
2026-08-16,S03,P330,Beverages,FizzUp,81,0,673,31,1.0,HIGH,623,Current closing stock (81 units) is at or below reorder threshold (186 units) | Critically low days of inventory (0.8 days remaining based on 7-day trend) | 7-day forecasted demand (692 units) exceeds available stock (81 units),CRITICAL: Issue emergency purchase order immediately to prevent stockout
2026-08-16,S04,P101,Dairy,Aavin,87,0,645,27,1.0,HIGH,585,Current closing stock (87 units) is at or below reorder threshold (185 units) | Critically low days of inventory (0.9 days remaining based on 7-day trend) | 7-day forecasted demand (636 units) exceeds available stock (87 units) | Supplier replenishment lead time is relatively high (3 days),CRITICAL: Issue emergency purchase order immediately to prevent stockout
2026-08-16,S01,P442,Snacks,Crispo,42,0,578,31,1.0,HIGH,567,Current closing stock (42 units) is at or below reorder threshold (135 units) | Critically low days of inventory (0.5 days remaining based on 7-day trend) | 7-day forecasted demand (572 units) exceeds available stock (42 units),CRITICAL: Issue emergency purchase order immediately to prevent stockout
2026-08-16,S03,P101,Dairy,Aavin,59,10,515,23,1.0,HIGH,469,Current closing stock (59 units) is at or below reorder threshold (103 units) | Critically low days of inventory (0.8 days remaining based on 7-day trend) | 7-day forecasted demand (521 units) exceeds available stock (59 units),CRITICAL: Issue emergency purchase order immediately to prevent stockout
2026-08-16,S04,P442,Snacks,Crispo,97,0,522,11,1.0,HIGH,436,Current closing stock (97 units) is at or below reorder threshold (125 units) | Critically low days of inventory (1.4 days remaining based on 7-day trend) | 7-day forecasted demand (521 units) exceeds available stock (97 units),CRITICAL: Issue emergency purchase order immediately to prevent stockout
2026-08-16,S03,P442,Snacks,Crispo,70,0,397,17,1.0,HIGH,344,Current closing stock (70 units) is at or below reorder threshold (102 units) | Critically low days of inventory (1.2 days remaining based on 7-day trend) | 7-day forecasted demand (396 units) exceeds available stock (70 units),CRITICAL: Issue emergency purchase order immediately to prevent stockout
2026-08-16,S02,P205,Personal Care,GlowCare,21,0,189,5,1.0,HIGH,173,Current closing stock (21 units) is at or below reorder threshold (38 units) | Critically low days of inventory (0.9 days remaining based on 7-day trend) | 7-day forecasted demand (190 units) exceeds available stock (21 units),CRITICAL: Issue emergency purchase order immediately to prevent stockout
2026-08-16,S04,P205,Personal Care,GlowCare,7,0,124,5,1.0,HIGH,122,Current closing stock (7 units) is at or below reorder threshold (26 units) | Critically low days of inventory (0.4 days remaining based on 7-day trend) | 7-day forecasted demand (125 units) exceeds available stock (7 units),CRITICAL: Issue emergency purchase order immediately to prevent stockout
2026-08-16,S01,P205,Personal Care,GlowCare,21,0,130,9,1.0,HIGH,118,Current closing stock (21 units) is at or below reorder threshold (37 units) | Critically low days of inventory (1.1 days remaining based on 7-day trend) | 7-day forecasted demand (128 units) exceeds available stock (21 units) | Supplier replenishment lead time is relatively high (3 days),CRITICAL: Issue emergency purchase order immediately to prevent stockout
2026-08-16,S03,P205,Personal Care,GlowCare,18,0,102,7,1.0,HIGH,91,Current closing stock (18 units) is at or below reorder threshold (22 units) | Critically low days of inventory (1.3 days remaining based on 7-day trend) | 7-day forecasted demand (102 units) exceeds available stock (18 units) | Supplier replenishment lead time is relatively high (4 days),URGENT: Place purchase order within 24 hours to replenish stock
2026-08-17,S02,P101,Dairy,Aavin,137,0,955,56,1.0,HIGH,874,Current closing stock (137 units) is at or below reorder threshold (206 units) | Critically low days of inventory (0.9 days remaining based on 7-day trend) | 7-day forecasted demand (938 units) exceeds available stock (137 units),CRITICAL: Issue emergency purchase order immediately to prevent stockout
2026-08-17,S02,P442,Snacks,Crispo,111,0,829,20,1.0,HIGH,738,Current closing stock (111 units) is at or below reorder threshold (153 units) | Critically low days of inventory (1.0 days remaining based on 7-day trend) | 7-day forecasted demand (825 units) exceeds available stock (111 units) | Supplier replenishment lead time is relatively high (3 days),CRITICAL: Issue emergency purchase order immediately to prevent stockout
2026-08-17,S04,P330,Beverages,FizzUp,166,0,822,38,1.0,HIGH,694,Current closing stock (166 units) is at or below reorder threshold (183 units) | Critically low days of inventory (1.4 days remaining based on 7-day trend) | 7-day forecasted demand (799 units) exceeds available stock (166 units),CRITICAL: Issue emergency purchase order immediately to prevent stockout
2026-08-17,S01,P101,Dairy,Aavin,123,21,718,21,1.0,HIGH,595,Current closing stock (123 units) is at or below reorder threshold (170 units) | Critically low days of inventory (1.2 days remaining based on 7-day trend) | 7-day forecasted demand (714 units) exceeds available stock (123 units),CRITICAL: Issue emergency purchase order immediately to prevent stockout
2026-08-17,S03,P330,Beverages,FizzUp,119,0,667,31,1.0,HIGH,579,Current closing stock (119 units) is at or below reorder threshold (158 units) | Critically low days of inventory (1.2 days remaining based on 7-day trend) | 7-day forecasted demand (683 units) exceeds available stock (119 units),CRITICAL: Issue emergency purchase order immediately to prevent stockout
2026-08-17,S04,P101,Dairy,Aavin,135,0,659,20,1.0,HIGH,544,Current closing stock (135 units) is at or below reorder threshold (137 units) | Critically low days of inventory (1.4 days remaining based on 7-day trend) | 7-day forecasted demand (672 units) exceeds available stock (135 units),CRITICAL: Issue emergency purchase order immediately to prevent stockout
2026-08-17,S01,P442,Snacks,Crispo,118,22,575,21,1.0,HIGH,456,Current closing stock (118 units) is at or below reorder threshold (155 units) | Critically low days of inventory (1.4 days remaining based on 7-day trend) | 7-day forecasted demand (570 units) exceeds available stock (118 units),CRITICAL: Issue emergency purchase order immediately to prevent stockout
2026-08-17,S04,P442,Snacks,Crispo,87,0,510,21,1.0,HIGH,444,Current closing stock (87 units) is at or below reorder threshold (139 units) | Critically low days of inventory (1.2 days remaining based on 7-day trend) | 7-day forecasted demand (506 units) exceeds available stock (87 units) | Supplier replenishment lead time is relatively high (3 days),CRITICAL: Issue emergency purchase order immediately to prevent stockout
2026-08-17,S03,P442,Snacks,Crispo,62,0,408,15,1.0,HIGH,361,Current closing stock (62 units) is at or below reorder threshold (87 units) | Critically low days of inventory (1.1 days remaining based on 7-day trend) | 7-day forecasted demand (409 units) exceeds available stock (62 units) | Supplier replenishment lead time is relatively high (3 days),CRITICAL: Issue emergency purchase order immediately to prevent stockout
2026-08-17,S02,P205,Personal Care,GlowCare,23,12,185,5,1.0,HIGH,155,Current closing stock (23 units) is at or below reorder threshold (48 units) | Critically low days of inventory (0.9 days remaining based on 7-day trend) | 7-day forecasted demand (185 units) exceeds available stock (23 units),CRITICAL: Issue emergency purchase order immediately to prevent stockout
2026-08-17,S01,P205,Personal Care,GlowCare,31,19,134,8,1.0,HIGH,92,Current closing stock (31 units) is at or below reorder threshold (38 units) | Critically low days of inventory (1.6 days remaining based on 7-day trend) | 7-day forecasted demand (129 units) exceeds available stock (31 units) | Supplier replenishment lead time is relatively high (3 days),URGENT: Place purchase order within 24 hours to replenish stock
2026-08-17,S03,P205,Personal Care,GlowCare,17,0,101,7,1.0,HIGH,91,Current closing stock (17 units) is at or below reorder threshold (22 units) | Critically low days of inventory (1.2 days remaining based on 7-day trend) | 7-day forecasted demand (100 units) exceeds available stock (17 units) | Supplier replenishment lead time is relatively high (4 days),URGENT: Place purchase order within 24 hours to replenish stock
2026-08-17,S02,P330,Beverages,FizzUp,339,155,1267,43,0.0,LOW,816,Critically low days of inventory (1.9 days remaining based on 7-day trend) | 7-day forecasted demand (1260 units) exceeds available stock (339 units),CRITICAL: Issue emergency purchase order immediately to prevent stockout
2026-08-17,S03,P101,Dairy,Aavin,176,76,524,32,0.0,LOW,304,Critically low days of inventory (2.5 days remaining based on 7-day trend) | 7-day forecasted demand (532 units) exceeds available stock (176 units),CRITICAL: Issue emergency purchase order immediately to prevent stockout
2026-08-17,S04,P205,Personal Care,GlowCare,33,15,123,4,0.0,LOW,79,Critically low days of inventory (2.0 days remaining based on 7-day trend) | 7-day forecasted demand (122 units) exceeds available stock (33 units),URGENT: Place purchase order within 24 hours to replenish stock
2026-08-17,S01,P330,Beverages,FizzUp,178,91,947,54,0.4242,MEDIUM,732,Current closing stock (178 units) is at or below reorder threshold (213 units) | Critically low days of inventory (1.4 days remaining based on 7-day trend) | 7-day forecasted demand (964 units) exceeds available stock (178 units) | Supplier replenishment lead time is relatively high (3 days),CRITICAL: Issue emergency purchase order immediately to prevent stockout
2026-08-18,S02,P330,Beverages,FizzUp,208,0,1293,63,1.0,HIGH,1148,Current closing stock (208 units) is at or below reorder threshold (267 units) | Critically low days of inventory (1.2 days remaining based on 7-day trend) | 7-day forecasted demand (1308 units) exceeds available stock (208 units) | Supplier replenishment lead time is relatively high (3 days),CRITICAL: Issue emergency purchase order immediately to prevent stockout
2026-08-18,S02,P101,Dairy,Aavin,58,0,948,58,1.0,HIGH,948,Current closing stock (58 units) is at or below reorder threshold (237 units) | Critically low days of inventory (0.4 days remaining based on 7-day trend) | 7-day forecasted demand (940 units) exceeds available stock (58 units),CRITICAL: Issue emergency purchase order immediately to prevent stockout
2026-08-18,S01,P330,Beverages,FizzUp,192,0,973,44,1.0,HIGH,825,Current closing stock (192 units) is at or below reorder threshold (202 units) | Critically low days of inventory (1.5 days remaining based on 7-day trend) | 7-day forecasted demand (978 units) exceeds available stock (192 units),CRITICAL: Issue emergency purchase order immediately to prevent stockout
2026-08-18,S04,P330,Beverages,FizzUp,147,0,823,38,1.0,HIGH,714,Current closing stock (147 units) is at or below reorder threshold (196 units) | Critically low days of inventory (1.2 days remaining based on 7-day trend) | 7-day forecasted demand (821 units) exceeds available stock (147 units),CRITICAL: Issue emergency purchase order immediately to prevent stockout
2026-08-18,S03,P330,Beverages,FizzUp,57,0,676,31,1.0,HIGH,650,Current closing stock (57 units) is at or below reorder threshold (132 units) | Critically low days of inventory (0.6 days remaining based on 7-day trend) | 7-day forecasted demand (679 units) exceeds available stock (57 units),CRITICAL: Issue emergency purchase order immediately to prevent stockout
2026-08-18,S04,P101,Dairy,Aavin,70,0,678,17,1.0,HIGH,625,Current closing stock (70 units) is at or below reorder threshold (133 units) | Critically low days of inventory (0.7 days remaining based on 7-day trend) | 7-day forecasted demand (686 units) exceeds available stock (70 units),CRITICAL: Issue emergency purchase order immediately to prevent stockout
2026-08-18,S01,P101,Dairy,Aavin,130,0,713,36,1.0,HIGH,619,Current closing stock (130 units) is at or below reorder threshold (208 units) | Critically low days of inventory (1.3 days remaining based on 7-day trend) | 7-day forecasted demand (699 units) exceeds available stock (130 units) | Supplier replenishment lead time is relatively high (3 days),CRITICAL: Issue emergency purchase order immediately to prevent stockout
2026-08-18,S02,P442,Snacks,Crispo,180,115,833,18,1.0,HIGH,556,Current closing stock (180 units) is at or below reorder threshold (191 units) | Critically low days of inventory (1.7 days remaining based on 7-day trend) | 7-day forecasted demand (836 units) exceeds available stock (180 units) | Supplier replenishment lead time is relatively high (3 days),CRITICAL: Issue emergency purchase order immediately to prevent stockout
2026-08-18,S01,P442,Snacks,Crispo,112,0,583,45,1.0,HIGH,516,Current closing stock (112 units) is at or below reorder threshold (150 units) | Critically low days of inventory (1.3 days remaining based on 7-day trend) | 7-day forecasted demand (584 units) exceeds available stock (112 units) | Supplier replenishment lead time is relatively high (4 days),CRITICAL: Issue emergency purchase order immediately to prevent stockout
2026-08-18,S04,P442,Snacks,Crispo,20,0,507,19,1.0,HIGH,506,Current closing stock (20 units) is at or below reorder threshold (135 units) | Critically low days of inventory (0.3 days remaining based on 7-day trend) | 7-day forecasted demand (504 units) exceeds available stock (20 units),CRITICAL: Issue emergency purchase order immediately to prevent stockout
2026-08-18,S03,P101,Dairy,Aavin,56,0,513,27,1.0,HIGH,484,Current closing stock (56 units) is at or below reorder threshold (118 units) | Critically low days of inventory (0.8 days remaining based on 7-day trend) | 7-day forecasted demand (522 units) exceeds available stock (56 units),CRITICAL: Issue emergency purchase order immediately to prevent stockout
2026-08-18,S03,P442,Snacks,Crispo,77,0,400,15,1.0,HIGH,338,Current closing stock (77 units) is at or below reorder threshold (96 units) | Critically low days of inventory (1.4 days remaining based on 7-day trend) | 7-day forecasted demand (399 units) exceeds available stock (77 units) | Supplier replenishment lead time is relatively high (4 days),CRITICAL: Issue emergency purchase order immediately to prevent stockout
2026-08-18,S02,P205,Personal Care,GlowCare,5,0,179,7,1.0,HIGH,181,Current closing stock (5 units) is at or below reorder threshold (46 units) | Critically low days of inventory (0.2 days remaining based on 7-day trend) | 7-day forecasted demand (173 units) exceeds available stock (5 units),CRITICAL: Issue emergency purchase order immediately to prevent stockout
2026-08-18,S01,P205,Personal Care,GlowCare,16,0,133,8,1.0,HIGH,125,Current closing stock (16 units) is at or below reorder threshold (33 units) | Critically low days of inventory (0.8 days remaining based on 7-day trend) | 7-day forecasted demand (132 units) exceeds available stock (16 units) | Supplier replenishment lead time is relatively high (3 days),CRITICAL: Issue emergency purchase order immediately to prevent stockout
2026-08-18,S04,P205,Personal Care,GlowCare,29,4,124,7,1.0,HIGH,98,Current closing stock (29 units) is at or below reorder threshold (29 units) | Critically low days of inventory (1.7 days remaining based on 7-day trend) | 7-day forecasted demand (123 units) exceeds available stock (29 units) | Supplier replenishment lead time is relatively high (3 days),URGENT: Place purchase order within 24 hours to replenish stock
2026-08-18,S03,P205,Personal Care,GlowCare,16,0,102,4,1.0,HIGH,90,Current closing stock (16 units) is at or below reorder threshold (25 units) | Critically low days of inventory (1.1 days remaining based on 7-day trend) | 7-day forecasted demand (101 units) exceeds available stock (16 units),URGENT: Place purchase order within 24 hours to replenish stock
2026-08-19,S02,P101,Dairy,Aavin,114,0,962,43,1.0,HIGH,891,Current closing stock (114 units) is at or below reorder threshold (242 units) | Critically low days of inventory (0.8 days remaining based on 7-day trend) | 7-day forecasted demand (966 units) exceeds available stock (114 units),CRITICAL: Issue emergency purchase order immediately to prevent stockout
2026-08-19,S01,P330,Beverages,FizzUp,168,0,966,43,1.0,HIGH,841,Current closing stock (168 units) is at or below reorder threshold (236 units) | Critically low days of inventory (1.3 days remaining based on 7-day trend) | 7-day forecasted demand (979 units) exceeds available stock (168 units),CRITICAL: Issue emergency purchase order immediately to prevent stockout
2026-08-19,S02,P442,Snacks,Crispo,83,0,857,11,1.0,HIGH,785,Current closing stock (83 units) is at or below reorder threshold (179 units) | Critically low days of inventory (0.8 days remaining based on 7-day trend) | 7-day forecasted demand (875 units) exceeds available stock (83 units),CRITICAL: Issue emergency purchase order immediately to prevent stockout
2026-08-19,S04,P330,Beverages,FizzUp,137,62,845,39,1.0,HIGH,685,Current closing stock (137 units) is at or below reorder threshold (168 units) | Critically low days of inventory (1.1 days remaining based on 7-day trend) | 7-day forecasted demand (861 units) exceeds available stock (137 units),CRITICAL: Issue emergency purchase order immediately to prevent stockout
2026-08-19,S04,P101,Dairy,Aavin,83,0,711,23,1.0,HIGH,651,Current closing stock (83 units) is at or below reorder threshold (181 units) | Critically low days of inventory (0.9 days remaining based on 7-day trend) | 7-day forecasted demand (723 units) exceeds available stock (83 units) | Supplier replenishment lead time is relatively high (3 days),CRITICAL: Issue emergency purchase order immediately to prevent stockout
2026-08-19,S01,P101,Dairy,Aavin,100,0,693,30,1.0,HIGH,623,Current closing stock (100 units) is at or below reorder threshold (203 units) | Critically low days of inventory (0.9 days remaining based on 7-day trend) | 7-day forecasted demand (687 units) exceeds available stock (100 units) | Supplier replenishment lead time is relatively high (3 days),CRITICAL: Issue emergency purchase order immediately to prevent stockout
2026-08-19,S03,P330,Beverages,FizzUp,109,0,662,35,1.0,HIGH,588,Current closing stock (109 units) is at or below reorder threshold (154 units) | Critically low days of inventory (1.1 days remaining based on 7-day trend) | 7-day forecasted demand (667 units) exceeds available stock (109 units) | Supplier replenishment lead time is relatively high (3 days),CRITICAL: Issue emergency purchase order immediately to prevent stockout
2026-08-19,S04,P442,Snacks,Crispo,111,4,508,31,1.0,HIGH,424,Current closing stock (111 units) is at or below reorder threshold (135 units) | Critically low days of inventory (1.5 days remaining based on 7-day trend) | 7-day forecasted demand (505 units) exceeds available stock (111 units) | Supplier replenishment lead time is relatively high (3 days),CRITICAL: Issue emergency purchase order immediately to prevent stockout
2026-08-19,S03,P442,Snacks,Crispo,63,12,413,11,1.0,HIGH,349,Current closing stock (63 units) is at or below reorder threshold (117 units) | Critically low days of inventory (1.1 days remaining based on 7-day trend) | 7-day forecasted demand (416 units) exceeds available stock (63 units),CRITICAL: Issue emergency purchase order immediately to prevent stockout
2026-08-19,S01,P205,Personal Care,GlowCare,13,0,134,8,1.0,HIGH,129,Current closing stock (13 units) is at or below reorder threshold (32 units) | Critically low days of inventory (0.7 days remaining based on 7-day trend) | 7-day forecasted demand (133 units) exceeds available stock (13 units) | Supplier replenishment lead time is relatively high (3 days),CRITICAL: Issue emergency purchase order immediately to prevent stockout
2026-08-19,S04,P205,Personal Care,GlowCare,14,0,124,6,1.0,HIGH,116,Current closing stock (14 units) is at or below reorder threshold (34 units) | Critically low days of inventory (0.8 days remaining based on 7-day trend) | 7-day forecasted demand (126 units) exceeds available stock (14 units) | Supplier replenishment lead time is relatively high (3 days),CRITICAL: Issue emergency purchase order immediately to prevent stockout
2026-08-19,S03,P205,Personal Care,GlowCare,15,0,103,5,1.0,HIGH,93,Current closing stock (15 units) is at or below reorder threshold (28 units) | Critically low days of inventory (1.1 days remaining based on 7-day trend) | 7-day forecasted demand (103 units) exceeds available stock (15 units),URGENT: Place purchase order within 24 hours to replenish stock
2026-08-19,S01,P442,Snacks,Crispo,162,34,607,27,0.0,LOW,438,Critically low days of inventory (1.8 days remaining based on 7-day trend) | 7-day forecasted demand (604 units) exceeds available stock (162 units) | Supplier replenishment lead time is relatively high (3 days),CRITICAL: Issue emergency purchase order immediately to prevent stockout
2026-08-19,S03,P101,Dairy,Aavin,173,57,523,13,0.0,LOW,306,Critically low days of inventory (2.5 days remaining based on 7-day trend) | 7-day forecasted demand (535 units) exceeds available stock (173 units),CRITICAL: Issue emergency purchase order immediately to prevent stockout
2026-08-19,S02,P205,Personal Care,GlowCare,61,21,180,9,0.0,LOW,107,Critically low days of inventory (2.4 days remaining based on 7-day trend) | 7-day forecasted demand (173 units) exceeds available stock (61 units),CRITICAL: Issue emergency purchase order immediately to prevent stockout
2026-08-19,S02,P330,Beverages,FizzUp,272,104,1278,43,0.4242,MEDIUM,945,Critically low days of inventory (1.6 days remaining based on 7-day trend) | 7-day forecasted demand (1283 units) exceeds available stock (272 units),CRITICAL: Issue emergency purchase order immediately to prevent stockout
2026-08-20,S02,P330,Beverages,FizzUp,232,0,1281,70,1.0,HIGH,1119,Current closing stock (232 units) is at or below reorder threshold (243 units) | Critically low days of inventory (1.3 days remaining based on 7-day trend) | 7-day forecasted demand (1295 units) exceeds available stock (232 units) | Supplier replenishment lead time is relatively high (4 days),CRITICAL: Issue emergency purchase order immediately to prevent stockout
2026-08-20,S02,P101,Dairy,Aavin,158,0,961,61,1.0,HIGH,864,Current closing stock (158 units) is at or below reorder threshold (202 units) | Critically low days of inventory (1.1 days remaining based on 7-day trend) | 7-day forecasted demand (956 units) exceeds available stock (158 units) | Supplier replenishment lead time is relatively high (4 days),CRITICAL: Issue emergency purchase order immediately to prevent stockout
2026-08-20,S04,P330,Beverages,FizzUp,77,0,884,41,1.0,HIGH,848,Current closing stock (77 units) is at or below reorder threshold (205 units) | Critically low days of inventory (0.6 days remaining based on 7-day trend) | 7-day forecasted demand (911 units) exceeds available stock (77 units),CRITICAL: Issue emergency purchase order immediately to prevent stockout
2026-08-20,S01,P330,Beverages,FizzUp,175,0,942,62,1.0,HIGH,829,Current closing stock (175 units) is at or below reorder threshold (251 units) | Critically low days of inventory (1.3 days remaining based on 7-day trend) | 7-day forecasted demand (961 units) exceeds available stock (175 units) | Supplier replenishment lead time is relatively high (4 days),CRITICAL: Issue emergency purchase order immediately to prevent stockout
2026-08-20,S02,P442,Snacks,Crispo,60,0,833,27,1.0,HIGH,800,Current closing stock (60 units) is at or below reorder threshold (156 units) | Critically low days of inventory (0.6 days remaining based on 7-day trend) | 7-day forecasted demand (856 units) exceeds available stock (60 units) | Supplier replenishment lead time is relatively high (4 days),CRITICAL: Issue emergency purchase order immediately to prevent stockout
2026-08-20,S01,P101,Dairy,Aavin,57,0,718,29,1.0,HIGH,690,Current closing stock (57 units) is at or below reorder threshold (199 units) | Critically low days of inventory (0.5 days remaining based on 7-day trend) | 7-day forecasted demand (696 units) exceeds available stock (57 units) | Supplier replenishment lead time is relatively high (3 days),CRITICAL: Issue emergency purchase order immediately to prevent stockout
2026-08-20,S04,P101,Dairy,Aavin,120,0,719,20,1.0,HIGH,619,Current closing stock (120 units) is at or below reorder threshold (139 units) | Critically low days of inventory (1.4 days remaining based on 7-day trend) | 7-day forecasted demand (733 units) exceeds available stock (120 units) | Supplier replenishment lead time is relatively high (3 days),CRITICAL: Issue emergency purchase order immediately to prevent stockout
2026-08-20,S03,P330,Beverages,FizzUp,140,50,655,29,1.0,HIGH,494,Current closing stock (140 units) is at or below reorder threshold (179 units) | Critically low days of inventory (1.4 days remaining based on 7-day trend) | 7-day forecasted demand (653 units) exceeds available stock (140 units),CRITICAL: Issue emergency purchase order immediately to prevent stockout
2026-08-20,S03,P101,Dairy,Aavin,54,0,518,21,1.0,HIGH,485,Current closing stock (54 units) is at or below reorder threshold (110 units) | Critically low days of inventory (0.8 days remaining based on 7-day trend) | 7-day forecasted demand (521 units) exceeds available stock (54 units),CRITICAL: Issue emergency purchase order immediately to prevent stockout
2026-08-20,S04,P442,Snacks,Crispo,101,0,512,37,1.0,HIGH,448,Current closing stock (101 units) is at or below reorder threshold (146 units) | Critically low days of inventory (1.3 days remaining based on 7-day trend) | 7-day forecasted demand (510 units) exceeds available stock (101 units) | Supplier replenishment lead time is relatively high (4 days),CRITICAL: Issue emergency purchase order immediately to prevent stockout
2026-08-20,S03,P442,Snacks,Crispo,46,0,412,11,1.0,HIGH,377,Current closing stock (46 units) is at or below reorder threshold (117 units) | Critically low days of inventory (0.8 days remaining based on 7-day trend) | 7-day forecasted demand (414 units) exceeds available stock (46 units),CRITICAL: Issue emergency purchase order immediately to prevent stockout
2026-08-20,S02,P205,Personal Care,GlowCare,28,0,173,5,1.0,HIGH,150,Current closing stock (28 units) is at or below reorder threshold (50 units) | Critically low days of inventory (1.1 days remaining based on 7-day trend) | 7-day forecasted demand (168 units) exceeds available stock (28 units),CRITICAL: Issue emergency purchase order immediately to prevent stockout
2026-08-20,S01,P205,Personal Care,GlowCare,18,5,136,5,1.0,HIGH,118,Current closing stock (18 units) is at or below reorder threshold (33 units) | Critically low days of inventory (0.9 days remaining based on 7-day trend) | 7-day forecasted demand (137 units) exceeds available stock (18 units),CRITICAL: Issue emergency purchase order immediately to prevent stockout
2026-08-20,S04,P205,Personal Care,GlowCare,19,0,124,7,1.0,HIGH,112,Current closing stock (19 units) is at or below reorder threshold (32 units) | Critically low days of inventory (1.1 days remaining based on 7-day trend) | 7-day forecasted demand (124 units) exceeds available stock (19 units) | Supplier replenishment lead time is relatively high (4 days),CRITICAL: Issue emergency purchase order immediately to prevent stockout
2026-08-20,S01,P442,Snacks,Crispo,128,0,616,26,0.0172,LOW,514,Critically low days of inventory (1.4 days remaining based on 7-day trend) | 7-day forecasted demand (618 units) exceeds available stock (128 units) | Supplier replenishment lead time is relatively high (4 days),CRITICAL: Issue emergency purchase order immediately to prevent stockout
2026-08-20,S03,P205,Personal Care,GlowCare,31,16,103,3,0.0,LOW,59,Critically low days of inventory (2.2 days remaining based on 7-day trend) | 7-day forecasted demand (104 units) exceeds available stock (31 units),URGENT: Place purchase order within 24 hours to replenish stock
2026-08-21,S02,P330,Beverages,FizzUp,117,0,1257,72,1.0,HIGH,1212,Current closing stock (117 units) is at or below reorder threshold (307 units) | Critically low days of inventory (0.7 days remaining based on 7-day trend) | 7-day forecasted demand (1263 units) exceeds available stock (117 units) | Supplier replenishment lead time is relatively high (4 days),CRITICAL: Issue emergency purchase order immediately to prevent stockout
2026-08-21,S02,P101,Dairy,Aavin,120,0,964,61,1.0,HIGH,905,Current closing stock (120 units) is at or below reorder threshold (244 units) | Critically low days of inventory (0.8 days remaining based on 7-day trend) | 7-day forecasted demand (968 units) exceeds available stock (120 units) | Supplier replenishment lead time is relatively high (4 days),CRITICAL: Issue emergency purchase order immediately to prevent stockout
2026-08-21,S04,P330,Beverages,FizzUp,65,0,880,34,1.0,HIGH,849,Current closing stock (65 units) is at or below reorder threshold (182 units) | Critically low days of inventory (0.6 days remaining based on 7-day trend) | 7-day forecasted demand (895 units) exceeds available stock (65 units),CRITICAL: Issue emergency purchase order immediately to prevent stockout
2026-08-21,S02,P442,Snacks,Crispo,126,0,824,29,1.0,HIGH,727,Current closing stock (126 units) is at or below reorder threshold (170 units) | Critically low days of inventory (1.2 days remaining based on 7-day trend) | 7-day forecasted demand (833 units) exceeds available stock (126 units) | Supplier replenishment lead time is relatively high (4 days),CRITICAL: Issue emergency purchase order immediately to prevent stockout
2026-08-21,S04,P101,Dairy,Aavin,72,0,713,12,1.0,HIGH,653,Current closing stock (72 units) is at or below reorder threshold (183 units) | Critically low days of inventory (0.8 days remaining based on 7-day trend) | 7-day forecasted demand (715 units) exceeds available stock (72 units),CRITICAL: Issue emergency purchase order immediately to prevent stockout
2026-08-21,S01,P101,Dairy,Aavin,106,0,722,26,1.0,HIGH,642,Current closing stock (106 units) is at or below reorder threshold (145 units) | Critically low days of inventory (1.0 days remaining based on 7-day trend) | 7-day forecasted demand (721 units) exceeds available stock (106 units),CRITICAL: Issue emergency purchase order immediately to prevent stockout
2026-08-21,S03,P330,Beverages,FizzUp,77,0,653,34,1.0,HIGH,610,Current closing stock (77 units) is at or below reorder threshold (152 units) | Critically low days of inventory (0.8 days remaining based on 7-day trend) | 7-day forecasted demand (648 units) exceeds available stock (77 units) | Supplier replenishment lead time is relatively high (3 days),CRITICAL: Issue emergency purchase order immediately to prevent stockout
2026-08-21,S03,P442,Snacks,Crispo,41,0,404,16,1.0,HIGH,379,Current closing stock (41 units) is at or below reorder threshold (85 units) | Critically low days of inventory (0.7 days remaining based on 7-day trend) | 7-day forecasted demand (402 units) exceeds available stock (41 units) | Supplier replenishment lead time is relatively high (4 days),CRITICAL: Issue emergency purchase order immediately to prevent stockout
2026-08-21,S02,P205,Personal Care,GlowCare,32,0,169,5,1.0,HIGH,142,Current closing stock (32 units) is at or below reorder threshold (47 units) | Critically low days of inventory (1.2 days remaining based on 7-day trend) | 7-day forecasted demand (165 units) exceeds available stock (32 units),CRITICAL: Issue emergency purchase order immediately to prevent stockout
2026-08-21,S01,P205,Personal Care,GlowCare,25,0,139,8,1.0,HIGH,122,Current closing stock (25 units) is at or below reorder threshold (29 units) | Critically low days of inventory (1.3 days remaining based on 7-day trend) | 7-day forecasted demand (140 units) exceeds available stock (25 units) | Supplier replenishment lead time is relatively high (3 days),CRITICAL: Issue emergency purchase order immediately to prevent stockout
2026-08-21,S04,P205,Personal Care,GlowCare,5,0,119,7,1.0,HIGH,121,Current closing stock (5 units) is at or below reorder threshold (34 units) | Critically low days of inventory (0.3 days remaining based on 7-day trend) | 7-day forecasted demand (117 units) exceeds available stock (5 units) | Supplier replenishment lead time is relatively high (4 days),CRITICAL: Issue emergency purchase order immediately to prevent stockout
2026-08-21,S03,P205,Personal Care,GlowCare,8,0,103,4,1.0,HIGH,99,Current closing stock (8 units) is at or below reorder threshold (23 units) | Critically low days of inventory (0.6 days remaining based on 7-day trend) | 7-day forecasted demand (103 units) exceeds available stock (8 units) | Supplier replenishment lead time is relatively high (4 days),URGENT: Place purchase order within 24 hours to replenish stock
2026-08-21,S01,P330,Beverages,FizzUp,240,69,971,50,0.0,LOW,712,Critically low days of inventory (1.9 days remaining based on 7-day trend) | 7-day forecasted demand (977 units) exceeds available stock (240 units) | Supplier replenishment lead time is relatively high (4 days),CRITICAL: Issue emergency purchase order immediately to prevent stockout
2026-08-21,S03,P101,Dairy,Aavin,120,42,499,26,0.0172,LOW,363,Critically low days of inventory (1.8 days remaining based on 7-day trend) | 7-day forecasted demand (492 units) exceeds available stock (120 units) | Supplier replenishment lead time is relatively high (3 days),CRITICAL: Issue emergency purchase order immediately to prevent stockout
2026-08-21,S01,P442,Snacks,Crispo,131,0,611,28,0.4242,MEDIUM,508,Current closing stock (131 units) is at or below reorder threshold (149 units) | Critically low days of inventory (1.5 days remaining based on 7-day trend) | 7-day forecasted demand (609 units) exceeds available stock (131 units) | Supplier replenishment lead time is relatively high (4 days),CRITICAL: Issue emergency purchase order immediately to prevent stockout
2026-08-21,S04,P442,Snacks,Crispo,138,61,534,30,0.4242,MEDIUM,365,Current closing stock (138 units) is at or below reorder threshold (145 units) | Critically low days of inventory (1.8 days remaining based on 7-day trend) | 7-day forecasted demand (543 units) exceeds available stock (138 units) | Supplier replenishment lead time is relatively high (3 days),CRITICAL: Issue emergency purchase order immediately to prevent stockout
2026-08-22,S02,P330,Beverages,FizzUp,232,74,1256,38,1.0,HIGH,988,Current closing stock (232 units) is at or below reorder threshold (323 units) | Critically low days of inventory (1.3 days remaining based on 7-day trend) | 7-day forecasted demand (1261 units) exceeds available stock (232 units),CRITICAL: Issue emergency purchase order immediately to prevent stockout
2026-08-22,S02,P101,Dairy,Aavin,51,0,985,51,1.0,HIGH,985,Current closing stock (51 units) is at or below reorder threshold (270 units) | Critically low days of inventory (0.4 days remaining based on 7-day trend) | 7-day forecasted demand (980 units) exceeds available stock (51 units),CRITICAL: Issue emergency purchase order immediately to prevent stockout
2026-08-22,S01,P330,Beverages,FizzUp,123,0,940,36,1.0,HIGH,853,Current closing stock (123 units) is at or below reorder threshold (242 units) | Critically low days of inventory (1.0 days remaining based on 7-day trend) | 7-day forecasted demand (942 units) exceeds available stock (123 units),CRITICAL: Issue emergency purchase order immediately to prevent stockout
2026-08-22,S02,P442,Snacks,Crispo,61,0,819,16,1.0,HIGH,774,Current closing stock (61 units) is at or below reorder threshold (191 units) | Critically low days of inventory (0.6 days remaining based on 7-day trend) | 7-day forecasted demand (799 units) exceeds available stock (61 units),CRITICAL: Issue emergency purchase order immediately to prevent stockout
2026-08-22,S04,P330,Beverages,FizzUp,191,0,878,46,1.0,HIGH,733,Current closing stock (191 units) is at or below reorder threshold (191 units) | Critically low days of inventory (1.6 days remaining based on 7-day trend) | 7-day forecasted demand (915 units) exceeds available stock (191 units) | Supplier replenishment lead time is relatively high (4 days),CRITICAL: Issue emergency purchase order immediately to prevent stockout
2026-08-22,S01,P101,Dairy,Aavin,119,0,724,51,1.0,HIGH,656,Current closing stock (119 units) is at or below reorder threshold (204 units) | Critically low days of inventory (1.2 days remaining based on 7-day trend) | 7-day forecasted demand (735 units) exceeds available stock (119 units) | Supplier replenishment lead time is relatively high (4 days),CRITICAL: Issue emergency purchase order immediately to prevent stockout
2026-08-22,S03,P330,Beverages,FizzUp,77,0,653,29,1.0,HIGH,605,Current closing stock (77 units) is at or below reorder threshold (167 units) | Critically low days of inventory (0.7 days remaining based on 7-day trend) | 7-day forecasted demand (656 units) exceeds available stock (77 units) | Supplier replenishment lead time is relatively high (3 days),CRITICAL: Issue emergency purchase order immediately to prevent stockout
2026-08-22,S04,P101,Dairy,Aavin,120,74,713,13,1.0,HIGH,532,Current closing stock (120 units) is at or below reorder threshold (136 units) | Critically low days of inventory (1.4 days remaining based on 7-day trend) | 7-day forecasted demand (715 units) exceeds available stock (120 units),CRITICAL: Issue emergency purchase order immediately to prevent stockout
2026-08-22,S03,P101,Dairy,Aavin,32,0,505,25,1.0,HIGH,498,Current closing stock (32 units) is at or below reorder threshold (105 units) | Critically low days of inventory (0.4 days remaining based on 7-day trend) | 7-day forecasted demand (507 units) exceeds available stock (32 units),CRITICAL: Issue emergency purchase order immediately to prevent stockout
2026-08-22,S04,P442,Snacks,Crispo,103,0,525,41,1.0,HIGH,463,Current closing stock (103 units) is at or below reorder threshold (122 units) | Critically low days of inventory (1.4 days remaining based on 7-day trend) | 7-day forecasted demand (533 units) exceeds available stock (103 units) | Supplier replenishment lead time is relatively high (4 days),CRITICAL: Issue emergency purchase order immediately to prevent stockout
2026-08-22,S03,P442,Snacks,Crispo,70,0,407,12,1.0,HIGH,349,Current closing stock (70 units) is at or below reorder threshold (89 units) | Critically low days of inventory (1.2 days remaining based on 7-day trend) | 7-day forecasted demand (410 units) exceeds available stock (70 units),CRITICAL: Issue emergency purchase order immediately to prevent stockout
2026-08-22,S02,P205,Personal Care,GlowCare,37,0,174,10,1.0,HIGH,147,Current closing stock (37 units) is at or below reorder threshold (39 units) | Critically low days of inventory (1.3 days remaining based on 7-day trend) | 7-day forecasted demand (171 units) exceeds available stock (37 units) | Supplier replenishment lead time is relatively high (4 days),CRITICAL: Issue emergency purchase order immediately to prevent stockout
2026-08-22,S01,P205,Personal Care,GlowCare,16,0,140,6,1.0,HIGH,130,Current closing stock (16 units) is at or below reorder threshold (30 units) | Critically low days of inventory (0.8 days remaining based on 7-day trend) | 7-day forecasted demand (141 units) exceeds available stock (16 units),CRITICAL: Issue emergency purchase order immediately to prevent stockout
2026-08-22,S04,P205,Personal Care,GlowCare,19,0,119,4,1.0,HIGH,104,Current closing stock (19 units) is at or below reorder threshold (32 units) | Critically low days of inventory (1.1 days remaining based on 7-day trend) | 7-day forecasted demand (117 units) exceeds available stock (19 units),CRITICAL: Issue emergency purchase order immediately to prevent stockout
2026-08-22,S03,P205,Personal Care,GlowCare,29,9,103,3,0.0,LOW,68,Critically low days of inventory (2.0 days remaining based on 7-day trend) | 7-day forecasted demand (103 units) exceeds available stock (29 units) | Supplier replenishment lead time is relatively high (3 days),URGENT: Place purchase order within 24 hours to replenish stock
2026-08-22,S01,P442,Snacks,Crispo,131,33,619,32,0.4242,MEDIUM,487,Current closing stock (131 units) is at or below reorder threshold (154 units) | Critically low days of inventory (1.5 days remaining based on 7-day trend) | 7-day forecasted demand (621 units) exceeds available stock (131 units) | Supplier replenishment lead time is relatively high (4 days),CRITICAL: Issue emergency purchase order immediately to prevent stockout
2026-08-23,S02,P330,Beverages,FizzUp,112,0,1246,65,1.0,HIGH,1199,Current closing stock (112 units) is at or below reorder threshold (356 units) | Critically low days of inventory (0.6 days remaining based on 7-day trend) | 7-day forecasted demand (1242 units) exceeds available stock (112 units) | Supplier replenishment lead time is relatively high (3 days),CRITICAL: Issue emergency purchase order immediately to prevent stockout
2026-08-23,S04,P330,Beverages,FizzUp,56,0,924,52,1.0,HIGH,920,Current closing stock (56 units) is at or below reorder threshold (209 units) | Critically low days of inventory (0.5 days remaining based on 7-day trend) | 7-day forecasted demand (951 units) exceeds available stock (56 units) | Supplier replenishment lead time is relatively high (4 days),CRITICAL: Issue emergency purchase order immediately to prevent stockout
2026-08-23,S02,P101,Dairy,Aavin,162,0,1019,60,1.0,HIGH,917,Current closing stock (162 units) is at or below reorder threshold (196 units) | Critically low days of inventory (1.2 days remaining based on 7-day trend) | 7-day forecasted demand (1039 units) exceeds available stock (162 units) | Supplier replenishment lead time is relatively high (3 days),CRITICAL: Issue emergency purchase order immediately to prevent stockout
2026-08-23,S01,P330,Beverages,FizzUp,80,0,920,54,1.0,HIGH,894,Current closing stock (80 units) is at or below reorder threshold (210 units) | Critically low days of inventory (0.6 days remaining based on 7-day trend) | 7-day forecasted demand (930 units) exceeds available stock (80 units) | Supplier replenishment lead time is relatively high (4 days),CRITICAL: Issue emergency purchase order immediately to prevent stockout
2026-08-23,S02,P442,Snacks,Crispo,72,33,814,31,1.0,HIGH,740,Current closing stock (72 units) is at or below reorder threshold (161 units) | Critically low days of inventory (0.6 days remaining based on 7-day trend) | 7-day forecasted demand (807 units) exceeds available stock (72 units),CRITICAL: Issue emergency purchase order immediately to prevent stockout
2026-08-23,S04,P101,Dairy,Aavin,48,0,700,38,1.0,HIGH,690,Current closing stock (48 units) is at or below reorder threshold (177 units) | Critically low days of inventory (0.5 days remaining based on 7-day trend) | 7-day forecasted demand (708 units) exceeds available stock (48 units) | Supplier replenishment lead time is relatively high (4 days),CRITICAL: Issue emergency purchase order immediately to prevent stockout
2026-08-23,S03,P330,Beverages,FizzUp,72,0,655,22,1.0,HIGH,605,Current closing stock (72 units) is at or below reorder threshold (133 units) | Critically low days of inventory (0.7 days remaining based on 7-day trend) | 7-day forecasted demand (652 units) exceeds available stock (72 units),CRITICAL: Issue emergency purchase order immediately to prevent stockout
2026-08-23,S03,P442,Snacks,Crispo,29,0,409,9,1.0,HIGH,389,Current closing stock (29 units) is at or below reorder threshold (82 units) | Critically low days of inventory (0.5 days remaining based on 7-day trend) | 7-day forecasted demand (412 units) exceeds available stock (29 units),CRITICAL: Issue emergency purchase order immediately to prevent stockout
2026-08-23,S04,P442,Snacks,Crispo,114,71,522,29,1.0,HIGH,366,Current closing stock (114 units) is at or below reorder threshold (128 units) | Critically low days of inventory (1.5 days remaining based on 7-day trend) | 7-day forecasted demand (525 units) exceeds available stock (114 units),CRITICAL: Issue emergency purchase order immediately to prevent stockout
2026-08-23,S02,P205,Personal Care,GlowCare,23,0,178,10,1.0,HIGH,165,Current closing stock (23 units) is at or below reorder threshold (44 units) | Critically low days of inventory (0.8 days remaining based on 7-day trend) | 7-day forecasted demand (175 units) exceeds available stock (23 units),CRITICAL: Issue emergency purchase order immediately to prevent stockout
2026-08-23,S01,P205,Personal Care,GlowCare,20,0,141,6,1.0,HIGH,127,Current closing stock (20 units) is at or below reorder threshold (28 units) | Critically low days of inventory (1.1 days remaining based on 7-day trend) | 7-day forecasted demand (142 units) exceeds available stock (20 units) | Supplier replenishment lead time is relatively high (3 days),CRITICAL: Issue emergency purchase order immediately to prevent stockout
2026-08-23,S04,P205,Personal Care,GlowCare,25,3,123,6,1.0,HIGH,101,Current closing stock (25 units) is at or below reorder threshold (26 units) | Critically low days of inventory (1.4 days remaining based on 7-day trend) | 7-day forecasted demand (120 units) exceeds available stock (25 units),CRITICAL: Issue emergency purchase order immediately to prevent stockout
2026-08-23,S03,P205,Personal Care,GlowCare,15,0,102,4,1.0,HIGH,91,Current closing stock (15 units) is at or below reorder threshold (24 units) | Critically low days of inventory (1.0 days remaining based on 7-day trend) | 7-day forecasted demand (102 units) exceeds available stock (15 units) | Supplier replenishment lead time is relatively high (3 days),URGENT: Place purchase order within 24 hours to replenish stock
2026-08-23,S01,P101,Dairy,Aavin,217,103,731,33,0.0,LOW,444,Critically low days of inventory (2.1 days remaining based on 7-day trend) | 7-day forecasted demand (734 units) exceeds available stock (217 units),CRITICAL: Issue emergency purchase order immediately to prevent stockout
2026-08-23,S01,P442,Snacks,Crispo,128,17,625,20,0.4242,MEDIUM,500,Current closing stock (128 units) is at or below reorder threshold (157 units) | Critically low days of inventory (1.5 days remaining based on 7-day trend) | 7-day forecasted demand (631 units) exceeds available stock (128 units),CRITICAL: Issue emergency purchase order immediately to prevent stockout
2026-08-23,S03,P101,Dairy,Aavin,125,24,495,17,0.4242,MEDIUM,363,Current closing stock (125 units) is at or below reorder threshold (147 units) | Critically low days of inventory (1.7 days remaining based on 7-day trend) | 7-day forecasted demand (485 units) exceeds available stock (125 units),CRITICAL: Issue emergency purchase order immediately to prevent stockout
2026-08-24,S02,P101,Dairy,Aavin,130,0,1009,35,1.0,HIGH,914,Current closing stock (130 units) is at or below reorder threshold (260 units) | Critically low days of inventory (1.0 days remaining based on 7-day trend) | 7-day forecasted demand (1038 units) exceeds available stock (130 units),CRITICAL: Issue emergency purchase order immediately to prevent stockout
2026-08-24,S04,P330,Beverages,FizzUp,121,0,892,42,1.0,HIGH,813,Current closing stock (121 units) is at or below reorder threshold (203 units) | Critically low days of inventory (1.1 days remaining based on 7-day trend) | 7-day forecasted demand (943 units) exceeds available stock (121 units) | Supplier replenishment lead time is relatively high (3 days),CRITICAL: Issue emergency purchase order immediately to prevent stockout
2026-08-24,S01,P330,Beverages,FizzUp,157,66,892,23,1.0,HIGH,692,Current closing stock (157 units) is at or below reorder threshold (217 units) | Critically low days of inventory (1.2 days remaining based on 7-day trend) | 7-day forecasted demand (885 units) exceeds available stock (157 units),CRITICAL: Issue emergency purchase order immediately to prevent stockout
2026-08-24,S01,P101,Dairy,Aavin,120,0,724,41,1.0,HIGH,645,Current closing stock (120 units) is at or below reorder threshold (163 units) | Critically low days of inventory (1.2 days remaining based on 7-day trend) | 7-day forecasted demand (729 units) exceeds available stock (120 units) | Supplier replenishment lead time is relatively high (3 days),CRITICAL: Issue emergency purchase order immediately to prevent stockout
2026-08-24,S04,P101,Dairy,Aavin,76,0,686,33,1.0,HIGH,643,Current closing stock (76 units) is at or below reorder threshold (129 units) | Critically low days of inventory (0.8 days remaining based on 7-day trend) | 7-day forecasted demand (679 units) exceeds available stock (76 units) | Supplier replenishment lead time is relatively high (3 days),CRITICAL: Issue emergency purchase order immediately to prevent stockout
2026-08-24,S03,P330,Beverages,FizzUp,76,0,663,16,1.0,HIGH,603,Current closing stock (76 units) is at or below reorder threshold (150 units) | Critically low days of inventory (0.8 days remaining based on 7-day trend) | 7-day forecasted demand (669 units) exceeds available stock (76 units),CRITICAL: Issue emergency purchase order immediately to prevent stockout
2026-08-24,S01,P442,Snacks,Crispo,37,16,618,29,1.0,HIGH,594,Current closing stock (37 units) is at or below reorder threshold (135 units) | Critically low days of inventory (0.5 days remaining based on 7-day trend) | 7-day forecasted demand (621 units) exceeds available stock (37 units) | Supplier replenishment lead time is relatively high (4 days),CRITICAL: Issue emergency purchase order immediately to prevent stockout
2026-08-24,S02,P442,Snacks,Crispo,160,107,802,45,1.0,HIGH,580,Current closing stock (160 units) is at or below reorder threshold (178 units) | Critically low days of inventory (1.4 days remaining based on 7-day trend) | 7-day forecasted demand (805 units) exceeds available stock (160 units),CRITICAL: Issue emergency purchase order immediately to prevent stockout
2026-08-24,S04,P442,Snacks,Crispo,98,0,510,36,1.0,HIGH,448,Current closing stock (98 units) is at or below reorder threshold (145 units) | Critically low days of inventory (1.3 days remaining based on 7-day trend) | 7-day forecasted demand (513 units) exceeds available stock (98 units) | Supplier replenishment lead time is relatively high (3 days),CRITICAL: Issue emergency purchase order immediately to prevent stockout
2026-08-24,S03,P101,Dairy,Aavin,73,0,489,29,1.0,HIGH,445,Current closing stock (73 units) is at or below reorder threshold (126 units) | Critically low days of inventory (1.0 days remaining based on 7-day trend) | 7-day forecasted demand (476 units) exceeds available stock (73 units),CRITICAL: Issue emergency purchase order immediately to prevent stockout
2026-08-24,S03,P442,Snacks,Crispo,61,41,405,17,1.0,HIGH,320,Current closing stock (61 units) is at or below reorder threshold (98 units) | Critically low days of inventory (1.1 days remaining based on 7-day trend) | 7-day forecasted demand (408 units) exceeds available stock (61 units) | Supplier replenishment lead time is relatively high (4 days),CRITICAL: Issue emergency purchase order immediately to prevent stockout
2026-08-24,S02,P205,Personal Care,GlowCare,43,0,181,12,1.0,HIGH,150,Current closing stock (43 units) is at or below reorder threshold (48 units) | Critically low days of inventory (1.6 days remaining based on 7-day trend) | 7-day forecasted demand (179 units) exceeds available stock (43 units) | Supplier replenishment lead time is relatively high (3 days),CRITICAL: Issue emergency purchase order immediately to prevent stockout
2026-08-24,S04,P205,Personal Care,GlowCare,12,0,121,7,1.0,HIGH,116,Current closing stock (12 units) is at or below reorder threshold (34 units) | Critically low days of inventory (0.7 days remaining based on 7-day trend) | 7-day forecasted demand (122 units) exceeds available stock (12 units),CRITICAL: Issue emergency purchase order immediately to prevent stockout
2026-08-24,S03,P205,Personal Care,GlowCare,8,0,102,4,1.0,HIGH,98,Current closing stock (8 units) is at or below reorder threshold (22 units) | Critically low days of inventory (0.6 days remaining based on 7-day trend) | 7-day forecasted demand (103 units) exceeds available stock (8 units) | Supplier replenishment lead time is relatively high (3 days),URGENT: Place purchase order within 24 hours to replenish stock
2026-08-24,S02,P330,Beverages,FizzUp,327,87,1181,74,0.0,LOW,841,Critically low days of inventory (1.9 days remaining based on 7-day trend) | 7-day forecasted demand (1216 units) exceeds available stock (327 units) | Supplier replenishment lead time is relatively high (4 days),CRITICAL: Issue emergency purchase order immediately to prevent stockout
2026-08-24,S01,P205,Personal Care,GlowCare,51,20,142,6,0.0,LOW,77,Critically low days of inventory (2.8 days remaining based on 7-day trend) | 7-day forecasted demand (142 units) exceeds available stock (51 units) | Supplier replenishment lead time is relatively high (3 days),URGENT: Place purchase order within 24 hours to replenish stock
2026-08-25,S02,P330,Beverages,FizzUp,212,0,1156,57,1.0,HIGH,1001,Current closing stock (212 units) is at or below reorder threshold (257 units) | Critically low days of inventory (1.2 days remaining based on 7-day trend) | 7-day forecasted demand (1151 units) exceeds available stock (212 units) | Supplier replenishment lead time is relatively high (4 days),CRITICAL: Issue emergency purchase order immediately to prevent stockout
2026-08-25,S04,P330,Beverages,FizzUp,64,0,866,24,1.0,HIGH,826,Current closing stock (64 units) is at or below reorder threshold (170 units) | Critically low days of inventory (0.6 days remaining based on 7-day trend) | 7-day forecasted demand (873 units) exceeds available stock (64 units),CRITICAL: Issue emergency purchase order immediately to prevent stockout
2026-08-25,S01,P330,Beverages,FizzUp,158,0,880,56,1.0,HIGH,778,Current closing stock (158 units) is at or below reorder threshold (204 units) | Critically low days of inventory (1.1 days remaining based on 7-day trend) | 7-day forecasted demand (867 units) exceeds available stock (158 units) | Supplier replenishment lead time is relatively high (3 days),CRITICAL: Issue emergency purchase order immediately to prevent stockout
2026-08-25,S02,P442,Snacks,Crispo,82,0,799,44,1.0,HIGH,761,Current closing stock (82 units) is at or below reorder threshold (189 units) | Critically low days of inventory (0.7 days remaining based on 7-day trend) | 7-day forecasted demand (798 units) exceeds available stock (82 units),CRITICAL: Issue emergency purchase order immediately to prevent stockout
2026-08-25,S04,P101,Dairy,Aavin,45,0,643,42,1.0,HIGH,640,Current closing stock (45 units) is at or below reorder threshold (157 units) | Critically low days of inventory (0.5 days remaining based on 7-day trend) | 7-day forecasted demand (656 units) exceeds available stock (45 units) | Supplier replenishment lead time is relatively high (3 days),CRITICAL: Issue emergency purchase order immediately to prevent stockout
2026-08-25,S03,P330,Beverages,FizzUp,39,0,657,19,1.0,HIGH,637,Current closing stock (39 units) is at or below reorder threshold (176 units) | Critically low days of inventory (0.4 days remaining based on 7-day trend) | 7-day forecasted demand (655 units) exceeds available stock (39 units),CRITICAL: Issue emergency purchase order immediately to prevent stockout
2026-08-25,S01,P442,Snacks,Crispo,65,58,617,27,1.0,HIGH,521,Current closing stock (65 units) is at or below reorder threshold (130 units) | Critically low days of inventory (0.8 days remaining based on 7-day trend) | 7-day forecasted demand (615 units) exceeds available stock (65 units) | Supplier replenishment lead time is relatively high (4 days),CRITICAL: Issue emergency purchase order immediately to prevent stockout
2026-08-25,S04,P442,Snacks,Crispo,24,2,506,28,1.0,HIGH,508,Current closing stock (24 units) is at or below reorder threshold (136 units) | Critically low days of inventory (0.3 days remaining based on 7-day trend) | 7-day forecasted demand (505 units) exceeds available stock (24 units) | Supplier replenishment lead time is relatively high (3 days),CRITICAL: Issue emergency purchase order immediately to prevent stockout
2026-08-25,S03,P101,Dairy,Aavin,70,0,488,41,1.0,HIGH,459,Current closing stock (70 units) is at or below reorder threshold (125 units) | Critically low days of inventory (0.9 days remaining based on 7-day trend) | 7-day forecasted demand (482 units) exceeds available stock (70 units) | Supplier replenishment lead time is relatively high (4 days),CRITICAL: Issue emergency purchase order immediately to prevent stockout
2026-08-25,S03,P442,Snacks,Crispo,44,0,405,11,1.0,HIGH,372,Current closing stock (44 units) is at or below reorder threshold (97 units) | Critically low days of inventory (0.8 days remaining based on 7-day trend) | 7-day forecasted demand (405 units) exceeds available stock (44 units) | Supplier replenishment lead time is relatively high (3 days),CRITICAL: Issue emergency purchase order immediately to prevent stockout
2026-08-25,S02,P205,Personal Care,GlowCare,44,0,185,15,1.0,HIGH,156,Current closing stock (44 units) is at or below reorder threshold (47 units) | Critically low days of inventory (1.7 days remaining based on 7-day trend) | 7-day forecasted demand (185 units) exceeds available stock (44 units) | Supplier replenishment lead time is relatively high (4 days),CRITICAL: Issue emergency purchase order immediately to prevent stockout
2026-08-25,S01,P205,Personal Care,GlowCare,27,2,144,4,1.0,HIGH,119,Current closing stock (27 units) is at or below reorder threshold (34 units) | Critically low days of inventory (1.5 days remaining based on 7-day trend) | 7-day forecasted demand (146 units) exceeds available stock (27 units),CRITICAL: Issue emergency purchase order immediately to prevent stockout
2026-08-25,S04,P205,Personal Care,GlowCare,24,0,120,9,1.0,HIGH,105,Current closing stock (24 units) is at or below reorder threshold (32 units) | Critically low days of inventory (1.4 days remaining based on 7-day trend) | 7-day forecasted demand (120 units) exceeds available stock (24 units) | Supplier replenishment lead time is relatively high (3 days),CRITICAL: Issue emergency purchase order immediately to prevent stockout
2026-08-25,S03,P205,Personal Care,GlowCare,8,0,103,5,1.0,HIGH,100,Current closing stock (8 units) is at or below reorder threshold (27 units) | Critically low days of inventory (0.6 days remaining based on 7-day trend) | 7-day forecasted demand (103 units) exceeds available stock (8 units) | Supplier replenishment lead time is relatively high (4 days),URGENT: Place purchase order within 24 hours to replenish stock
2026-08-25,S02,P101,Dairy,Aavin,308,160,1008,23,0.0,LOW,563,Critically low days of inventory (2.3 days remaining based on 7-day trend) | 7-day forecasted demand (1006 units) exceeds available stock (308 units),CRITICAL: Issue emergency purchase order immediately to prevent stockout
2026-08-25,S01,P101,Dairy,Aavin,183,108,737,46,0.4242,MEDIUM,492,Current closing stock (183 units) is at or below reorder threshold (206 units) | Critically low days of inventory (1.8 days remaining based on 7-day trend) | 7-day forecasted demand (745 units) exceeds available stock (183 units) | Supplier replenishment lead time is relatively high (4 days),CRITICAL: Issue emergency purchase order immediately to prevent stockout
2026-08-26,S02,P330,Beverages,FizzUp,176,0,1141,33,1.0,HIGH,998,Current closing stock (176 units) is at or below reorder threshold (323 units) | Critically low days of inventory (0.9 days remaining based on 7-day trend) | 7-day forecasted demand (1144 units) exceeds available stock (176 units),CRITICAL: Issue emergency purchase order immediately to prevent stockout
2026-08-26,S02,P101,Dairy,Aavin,32,0,984,41,1.0,HIGH,993,Current closing stock (32 units) is at or below reorder threshold (241 units) | Critically low days of inventory (0.2 days remaining based on 7-day trend) | 7-day forecasted demand (977 units) exceeds available stock (32 units) | Supplier replenishment lead time is relatively high (3 days),CRITICAL: Issue emergency purchase order immediately to prevent stockout
2026-08-26,S02,P442,Snacks,Crispo,62,0,790,59,1.0,HIGH,787,Current closing stock (62 units) is at or below reorder threshold (214 units) | Critically low days of inventory (0.5 days remaining based on 7-day trend) | 7-day forecasted demand (771 units) exceeds available stock (62 units) | Supplier replenishment lead time is relatively high (4 days),CRITICAL: Issue emergency purchase order immediately to prevent stockout
2026-08-26,S01,P101,Dairy,Aavin,58,0,723,45,1.0,HIGH,710,Current closing stock (58 units) is at or below reorder threshold (158 units) | Critically low days of inventory (0.6 days remaining based on 7-day trend) | 7-day forecasted demand (726 units) exceeds available stock (58 units) | Supplier replenishment lead time is relatively high (4 days),CRITICAL: Issue emergency purchase order immediately to prevent stockout
2026-08-26,S01,P330,Beverages,FizzUp,163,81,882,46,1.0,HIGH,684,Current closing stock (163 units) is at or below reorder threshold (227 units) | Critically low days of inventory (1.2 days remaining based on 7-day trend) | 7-day forecasted demand (876 units) exceeds available stock (163 units),CRITICAL: Issue emergency purchase order immediately to prevent stockout
2026-08-26,S04,P330,Beverages,FizzUp,161,62,818,63,1.0,HIGH,658,Current closing stock (161 units) is at or below reorder threshold (204 units) | Critically low days of inventory (1.4 days remaining based on 7-day trend) | 7-day forecasted demand (824 units) exceeds available stock (161 units) | Supplier replenishment lead time is relatively high (3 days),CRITICAL: Issue emergency purchase order immediately to prevent stockout
2026-08-26,S03,P330,Beverages,FizzUp,66,0,654,38,1.0,HIGH,626,Current closing stock (66 units) is at or below reorder threshold (135 units) | Critically low days of inventory (0.7 days remaining based on 7-day trend) | 7-day forecasted demand (643 units) exceeds available stock (66 units) | Supplier replenishment lead time is relatively high (4 days),CRITICAL: Issue emergency purchase order immediately to prevent stockout
2026-08-26,S04,P101,Dairy,Aavin,65,0,638,44,1.0,HIGH,617,Current closing stock (65 units) is at or below reorder threshold (143 units) | Critically low days of inventory (0.7 days remaining based on 7-day trend) | 7-day forecasted demand (614 units) exceeds available stock (65 units) | Supplier replenishment lead time is relatively high (4 days),CRITICAL: Issue emergency purchase order immediately to prevent stockout
2026-08-26,S01,P442,Snacks,Crispo,87,0,582,40,1.0,HIGH,535,Current closing stock (87 units) is at or below reorder threshold (142 units) | Critically low days of inventory (1.0 days remaining based on 7-day trend) | 7-day forecasted demand (583 units) exceeds available stock (87 units) | Supplier replenishment lead time is relatively high (4 days),CRITICAL: Issue emergency purchase order immediately to prevent stockout
2026-08-26,S03,P101,Dairy,Aavin,32,0,485,42,1.0,HIGH,495,Current closing stock (32 units) is at or below reorder threshold (131 units) | Critically low days of inventory (0.4 days remaining based on 7-day trend) | 7-day forecasted demand (479 units) exceeds available stock (32 units) | Supplier replenishment lead time is relatively high (3 days),CRITICAL: Issue emergency purchase order immediately to prevent stockout
2026-08-26,S04,P442,Snacks,Crispo,112,36,518,31,1.0,HIGH,401,Current closing stock (112 units) is at or below reorder threshold (115 units) | Critically low days of inventory (1.6 days remaining based on 7-day trend) | 7-day forecasted demand (511 units) exceeds available stock (112 units) | Supplier replenishment lead time is relatively high (4 days),CRITICAL: Issue emergency purchase order immediately to prevent stockout
2026-08-26,S03,P442,Snacks,Crispo,79,0,396,15,1.0,HIGH,332,Current closing stock (79 units) is at or below reorder threshold (107 units) | Critically low days of inventory (1.4 days remaining based on 7-day trend) | 7-day forecasted demand (393 units) exceeds available stock (79 units) | Supplier replenishment lead time is relatively high (3 days),CRITICAL: Issue emergency purchase order immediately to prevent stockout
2026-08-26,S02,P205,Personal Care,GlowCare,26,0,193,11,1.0,HIGH,178,Current closing stock (26 units) is at or below reorder threshold (37 units) | Critically low days of inventory (1.1 days remaining based on 7-day trend) | 7-day forecasted demand (193 units) exceeds available stock (26 units),CRITICAL: Issue emergency purchase order immediately to prevent stockout
2026-08-26,S01,P205,Personal Care,GlowCare,29,19,143,5,1.0,HIGH,100,Current closing stock (29 units) is at or below reorder threshold (29 units) | Critically low days of inventory (1.5 days remaining based on 7-day trend) | 7-day forecasted demand (144 units) exceeds available stock (29 units) | Supplier replenishment lead time is relatively high (4 days),URGENT: Place purchase order within 24 hours to replenish stock
2026-08-26,S04,P205,Personal Care,GlowCare,24,15,119,10,1.0,HIGH,90,Current closing stock (24 units) is at or below reorder threshold (33 units) | Critically low days of inventory (1.4 days remaining based on 7-day trend) | 7-day forecasted demand (118 units) exceeds available stock (24 units) | Supplier replenishment lead time is relatively high (4 days),URGENT: Place purchase order within 24 hours to replenish stock
2026-08-26,S03,P205,Personal Care,GlowCare,18,11,101,2,1.0,HIGH,74,Current closing stock (18 units) is at or below reorder threshold (25 units) | Critically low days of inventory (1.2 days remaining based on 7-day trend) | 7-day forecasted demand (100 units) exceeds available stock (18 units),URGENT: Place purchase order within 24 hours to replenish stock
2026-08-27,S02,P330,Beverages,FizzUp,88,0,1120,28,1.0,HIGH,1060,Current closing stock (88 units) is at or below reorder threshold (340 units) | Critically low days of inventory (0.5 days remaining based on 7-day trend) | 7-day forecasted demand (1112 units) exceeds available stock (88 units),CRITICAL: Issue emergency purchase order immediately to prevent stockout
2026-08-27,S02,P101,Dairy,Aavin,102,0,981,30,1.0,HIGH,909,Current closing stock (102 units) is at or below reorder threshold (210 units) | Critically low days of inventory (0.7 days remaining based on 7-day trend) | 7-day forecasted demand (987 units) exceeds available stock (102 units),CRITICAL: Issue emergency purchase order immediately to prevent stockout
2026-08-27,S01,P330,Beverages,FizzUp,77,0,887,56,1.0,HIGH,866,Current closing stock (77 units) is at or below reorder threshold (244 units) | Critically low days of inventory (0.6 days remaining based on 7-day trend) | 7-day forecasted demand (890 units) exceeds available stock (77 units) | Supplier replenishment lead time is relatively high (3 days),CRITICAL: Issue emergency purchase order immediately to prevent stockout
2026-08-27,S04,P330,Beverages,FizzUp,123,0,793,71,1.0,HIGH,741,Current closing stock (123 units) is at or below reorder threshold (229 units) | Critically low days of inventory (1.0 days remaining based on 7-day trend) | 7-day forecasted demand (790 units) exceeds available stock (123 units) | Supplier replenishment lead time is relatively high (3 days),CRITICAL: Issue emergency purchase order immediately to prevent stockout
2026-08-27,S03,P330,Beverages,FizzUp,35,0,656,31,1.0,HIGH,652,Current closing stock (35 units) is at or below reorder threshold (154 units) | Critically low days of inventory (0.4 days remaining based on 7-day trend) | 7-day forecasted demand (646 units) exceeds available stock (35 units) | Supplier replenishment lead time is relatively high (3 days),CRITICAL: Issue emergency purchase order immediately to prevent stockout
2026-08-27,S01,P101,Dairy,Aavin,106,2,717,36,1.0,HIGH,645,Current closing stock (106 units) is at or below reorder threshold (190 units) | Critically low days of inventory (1.1 days remaining based on 7-day trend) | 7-day forecasted demand (716 units) exceeds available stock (106 units) | Supplier replenishment lead time is relatively high (3 days),CRITICAL: Issue emergency purchase order immediately to prevent stockout
2026-08-27,S01,P442,Snacks,Crispo,59,0,576,45,1.0,HIGH,562,Current closing stock (59 units) is at or below reorder threshold (163 units) | Critically low days of inventory (0.7 days remaining based on 7-day trend) | 7-day forecasted demand (572 units) exceeds available stock (59 units) | Supplier replenishment lead time is relatively high (4 days),CRITICAL: Issue emergency purchase order immediately to prevent stockout
2026-08-27,S04,P442,Snacks,Crispo,51,0,519,22,1.0,HIGH,490,Current closing stock (51 units) is at or below reorder threshold (113 units) | Critically low days of inventory (0.7 days remaining based on 7-day trend) | 7-day forecasted demand (524 units) exceeds available stock (51 units),CRITICAL: Issue emergency purchase order immediately to prevent stockout
2026-08-27,S04,P101,Dairy,Aavin,114,67,618,25,1.0,HIGH,462,Current closing stock (114 units) is at or below reorder threshold (131 units) | Critically low days of inventory (1.1 days remaining based on 7-day trend) | 7-day forecasted demand (606 units) exceeds available stock (114 units),CRITICAL: Issue emergency purchase order immediately to prevent stockout
2026-08-27,S03,P101,Dairy,Aavin,108,0,496,30,1.0,HIGH,418,Current closing stock (108 units) is at or below reorder threshold (114 units) | Critically low days of inventory (1.4 days remaining based on 7-day trend) | 7-day forecasted demand (490 units) exceeds available stock (108 units),CRITICAL: Issue emergency purchase order immediately to prevent stockout
2026-08-27,S03,P442,Snacks,Crispo,89,8,394,11,1.0,HIGH,308,Current closing stock (89 units) is at or below reorder threshold (90 units) | Critically low days of inventory (1.5 days remaining based on 7-day trend) | 7-day forecasted demand (395 units) exceeds available stock (89 units),CRITICAL: Issue emergency purchase order immediately to prevent stockout
2026-08-27,S01,P205,Personal Care,GlowCare,17,11,140,4,1.0,HIGH,116,Current closing stock (17 units) is at or below reorder threshold (34 units) | Critically low days of inventory (0.9 days remaining based on 7-day trend) | 7-day forecasted demand (140 units) exceeds available stock (17 units),CRITICAL: Issue emergency purchase order immediately to prevent stockout
2026-08-27,S04,P205,Personal Care,GlowCare,20,0,120,10,1.0,HIGH,110,Current closing stock (20 units) is at or below reorder threshold (26 units) | Critically low days of inventory (1.1 days remaining based on 7-day trend) | 7-day forecasted demand (122 units) exceeds available stock (20 units) | Supplier replenishment lead time is relatively high (4 days),CRITICAL: Issue emergency purchase order immediately to prevent stockout
2026-08-27,S03,P205,Personal Care,GlowCare,12,0,98,4,1.0,HIGH,90,Current closing stock (12 units) is at or below reorder threshold (19 units) | Critically low days of inventory (0.8 days remaining based on 7-day trend) | 7-day forecasted demand (98 units) exceeds available stock (12 units),URGENT: Place purchase order within 24 hours to replenish stock
2026-08-27,S02,P442,Snacks,Crispo,239,105,789,44,0.0,LOW,489,Critically low days of inventory (1.9 days remaining based on 7-day trend) | 7-day forecasted demand (776 units) exceeds available stock (239 units) | Supplier replenishment lead time is relatively high (4 days),CRITICAL: Issue emergency purchase order immediately to prevent stockout
2026-08-27,S02,P205,Personal Care,GlowCare,66,27,193,14,0.0,LOW,114,Critically low days of inventory (2.7 days remaining based on 7-day trend) | 7-day forecasted demand (195 units) exceeds available stock (66 units) | Supplier replenishment lead time is relatively high (3 days),CRITICAL: Issue emergency purchase order immediately to prevent stockout
2026-08-28,S02,P330,Beverages,FizzUp,146,0,1109,34,1.0,HIGH,997,Current closing stock (146 units) is at or below reorder threshold (294 units) | Critically low days of inventory (0.8 days remaining based on 7-day trend) | 7-day forecasted demand (1101 units) exceeds available stock (146 units),CRITICAL: Issue emergency purchase order immediately to prevent stockout
2026-08-28,S01,P330,Beverages,FizzUp,80,1,884,72,1.0,HIGH,875,Current closing stock (80 units) is at or below reorder threshold (192 units) | Critically low days of inventory (0.6 days remaining based on 7-day trend) | 7-day forecasted demand (884 units) exceeds available stock (80 units) | Supplier replenishment lead time is relatively high (4 days),CRITICAL: Issue emergency purchase order immediately to prevent stockout
2026-08-28,S04,P330,Beverages,FizzUp,175,0,784,81,1.0,HIGH,690,Current closing stock (175 units) is at or below reorder threshold (219 units) | Critically low days of inventory (1.3 days remaining based on 7-day trend) | 7-day forecasted demand (768 units) exceeds available stock (175 units) | Supplier replenishment lead time is relatively high (4 days),CRITICAL: Issue emergency purchase order immediately to prevent stockout
2026-08-28,S02,P442,Snacks,Crispo,159,0,801,28,1.0,HIGH,670,Current closing stock (159 units) is at or below reorder threshold (190 units) | Critically low days of inventory (1.3 days remaining based on 7-day trend) | 7-day forecasted demand (779 units) exceeds available stock (159 units),CRITICAL: Issue emergency purchase order immediately to prevent stockout
2026-08-28,S01,P101,Dairy,Aavin,89,0,715,36,1.0,HIGH,662,Current closing stock (89 units) is at or below reorder threshold (187 units) | Critically low days of inventory (0.9 days remaining based on 7-day trend) | 7-day forecasted demand (714 units) exceeds available stock (89 units) | Supplier replenishment lead time is relatively high (3 days),CRITICAL: Issue emergency purchase order immediately to prevent stockout
2026-08-28,S04,P442,Snacks,Crispo,48,0,516,15,1.0,HIGH,483,Current closing stock (48 units) is at or below reorder threshold (103 units) | Critically low days of inventory (0.7 days remaining based on 7-day trend) | 7-day forecasted demand (505 units) exceeds available stock (48 units),CRITICAL: Issue emergency purchase order immediately to prevent stockout
2026-08-28,S03,P442,Snacks,Crispo,59,0,399,17,1.0,HIGH,357,Current closing stock (59 units) is at or below reorder threshold (103 units) | Critically low days of inventory (1.0 days remaining based on 7-day trend) | 7-day forecasted demand (398 units) exceeds available stock (59 units),CRITICAL: Issue emergency purchase order immediately to prevent stockout
2026-08-28,S01,P205,Personal Care,GlowCare,13,0,139,5,1.0,HIGH,131,Current closing stock (13 units) is at or below reorder threshold (30 units) | Critically low days of inventory (0.7 days remaining based on 7-day trend) | 7-day forecasted demand (136 units) exceeds available stock (13 units),CRITICAL: Issue emergency purchase order immediately to prevent stockout
2026-08-28,S03,P205,Personal Care,GlowCare,21,0,98,5,1.0,HIGH,82,Current closing stock (21 units) is at or below reorder threshold (26 units) | Critically low days of inventory (1.4 days remaining based on 7-day trend) | 7-day forecasted demand (98 units) exceeds available stock (21 units) | Supplier replenishment lead time is relatively high (4 days),URGENT: Place purchase order within 24 hours to replenish stock
2026-08-28,S03,P330,Beverages,FizzUp,180,41,662,11,0.0,LOW,452,Critically low days of inventory (1.9 days remaining based on 7-day trend) | 7-day forecasted demand (649 units) exceeds available stock (180 units),CRITICAL: Issue emergency purchase order immediately to prevent stockout
2026-08-28,S01,P442,Snacks,Crispo,178,53,580,36,0.0,LOW,385,Critically low days of inventory (2.0 days remaining based on 7-day trend) | 7-day forecasted demand (579 units) exceeds available stock (178 units) | Supplier replenishment lead time is relatively high (3 days),CRITICAL: Issue emergency purchase order immediately to prevent stockout
2026-08-28,S02,P205,Personal Care,GlowCare,46,28,200,7,0.0,LOW,133,Critically low days of inventory (1.9 days remaining based on 7-day trend) | 7-day forecasted demand (201 units) exceeds available stock (46 units),CRITICAL: Issue emergency purchase order immediately to prevent stockout
2026-08-28,S04,P205,Personal Care,GlowCare,42,16,121,9,0.0,LOW,72,Critically low days of inventory (2.4 days remaining based on 7-day trend) | 7-day forecasted demand (122 units) exceeds available stock (42 units) | Supplier replenishment lead time is relatively high (3 days),URGENT: Place purchase order within 24 hours to replenish stock
2026-08-28,S02,P101,Dairy,Aavin,242,0,1013,53,0.4242,MEDIUM,824,Critically low days of inventory (1.8 days remaining based on 7-day trend) | 7-day forecasted demand (1013 units) exceeds available stock (242 units) | Supplier replenishment lead time is relatively high (3 days),CRITICAL: Issue emergency purchase order immediately to prevent stockout
2026-08-28,S04,P101,Dairy,Aavin,166,64,620,41,0.4242,MEDIUM,431,Current closing stock (166 units) is at or below reorder threshold (185 units) | Critically low days of inventory (1.6 days remaining based on 7-day trend) | 7-day forecasted demand (609 units) exceeds available stock (166 units) | Supplier replenishment lead time is relatively high (3 days),CRITICAL: Issue emergency purchase order immediately to prevent stockout
2026-08-28,S03,P101,Dairy,Aavin,114,0,497,24,0.4242,MEDIUM,407,Current closing stock (114 units) is at or below reorder threshold (142 units) | Critically low days of inventory (1.5 days remaining based on 7-day trend) | 7-day forecasted demand (496 units) exceeds available stock (114 units),CRITICAL: Issue emergency purchase order immediately to prevent stockout
2026-08-29,S02,P330,Beverages,FizzUp,125,0,1106,58,1.0,HIGH,1039,Current closing stock (125 units) is at or below reorder threshold (309 units) | Critically low days of inventory (0.7 days remaining based on 7-day trend) | 7-day forecasted demand (1102 units) exceeds available stock (125 units) | Supplier replenishment lead time is relatively high (4 days),CRITICAL: Issue emergency purchase order immediately to prevent stockout
2026-08-29,S04,P330,Beverages,FizzUp,79,0,799,86,1.0,HIGH,806,Current closing stock (79 units) is at or below reorder threshold (216 units) | Critically low days of inventory (0.6 days remaining based on 7-day trend) | 7-day forecasted demand (796 units) exceeds available stock (79 units) | Supplier replenishment lead time is relatively high (4 days),CRITICAL: Issue emergency purchase order immediately to prevent stockout
2026-08-29,S01,P330,Beverages,FizzUp,164,0,907,34,1.0,HIGH,777,Current closing stock (164 units) is at or below reorder threshold (204 units) | Critically low days of inventory (1.2 days remaining based on 7-day trend) | 7-day forecasted demand (913 units) exceeds available stock (164 units),CRITICAL: Issue emergency purchase order immediately to prevent stockout
2026-08-29,S02,P442,Snacks,Crispo,85,0,795,32,1.0,HIGH,742,Current closing stock (85 units) is at or below reorder threshold (153 units) | Critically low days of inventory (0.7 days remaining based on 7-day trend) | 7-day forecasted demand (785 units) exceeds available stock (85 units),CRITICAL: Issue emergency purchase order immediately to prevent stockout
2026-08-29,S04,P101,Dairy,Aavin,20,0,620,54,1.0,HIGH,654,Current closing stock (20 units) is at or below reorder threshold (162 units) | Critically low days of inventory (0.2 days remaining based on 7-day trend) | 7-day forecasted demand (613 units) exceeds available stock (20 units) | Supplier replenishment lead time is relatively high (3 days),CRITICAL: Issue emergency purchase order immediately to prevent stockout
2026-08-29,S01,P101,Dairy,Aavin,109,0,706,14,1.0,HIGH,611,Current closing stock (109 units) is at or below reorder threshold (195 units) | Critically low days of inventory (1.1 days remaining based on 7-day trend) | 7-day forecasted demand (703 units) exceeds available stock (109 units),CRITICAL: Issue emergency purchase order immediately to prevent stockout
2026-08-29,S03,P330,Beverages,FizzUp,100,0,669,20,1.0,HIGH,589,Current closing stock (100 units) is at or below reorder threshold (134 units) | Critically low days of inventory (1.1 days remaining based on 7-day trend) | 7-day forecasted demand (671 units) exceeds available stock (100 units) | Supplier replenishment lead time is relatively high (4 days),CRITICAL: Issue emergency purchase order immediately to prevent stockout
2026-08-29,S01,P442,Snacks,Crispo,102,0,583,25,1.0,HIGH,506,Current closing stock (102 units) is at or below reorder threshold (135 units) | Critically low days of inventory (1.2 days remaining based on 7-day trend) | 7-day forecasted demand (583 units) exceeds available stock (102 units),CRITICAL: Issue emergency purchase order immediately to prevent stockout
2026-08-29,S03,P101,Dairy,Aavin,58,0,491,43,1.0,HIGH,476,Current closing stock (58 units) is at or below reorder threshold (139 units) | Critically low days of inventory (0.8 days remaining based on 7-day trend) | 7-day forecasted demand (487 units) exceeds available stock (58 units) | Supplier replenishment lead time is relatively high (4 days),CRITICAL: Issue emergency purchase order immediately to prevent stockout
2026-08-29,S04,P442,Snacks,Crispo,107,0,528,23,1.0,HIGH,444,Current closing stock (107 units) is at or below reorder threshold (123 units) | Critically low days of inventory (1.4 days remaining based on 7-day trend) | 7-day forecasted demand (526 units) exceeds available stock (107 units) | Supplier replenishment lead time is relatively high (4 days),CRITICAL: Issue emergency purchase order immediately to prevent stockout
2026-08-29,S03,P442,Snacks,Crispo,90,14,393,18,1.0,HIGH,307,Current closing stock (90 units) is at or below reorder threshold (117 units) | Critically low days of inventory (1.6 days remaining based on 7-day trend) | 7-day forecasted demand (391 units) exceeds available stock (90 units),CRITICAL: Issue emergency purchase order immediately to prevent stockout
2026-08-29,S02,P205,Personal Care,GlowCare,18,0,201,9,1.0,HIGH,192,Current closing stock (18 units) is at or below reorder threshold (41 units) | Critically low days of inventory (0.8 days remaining based on 7-day trend) | 7-day forecasted demand (206 units) exceeds available stock (18 units),CRITICAL: Issue emergency purchase order immediately to prevent stockout
2026-08-29,S01,P205,Personal Care,GlowCare,16,0,140,6,1.0,HIGH,130,Current closing stock (16 units) is at or below reorder threshold (31 units) | Critically low days of inventory (0.8 days remaining based on 7-day trend) | 7-day forecasted demand (140 units) exceeds available stock (16 units),CRITICAL: Issue emergency purchase order immediately to prevent stockout
2026-08-29,S04,P205,Personal Care,GlowCare,5,0,118,11,1.0,HIGH,124,Current closing stock (5 units) is at or below reorder threshold (34 units) | Critically low days of inventory (0.3 days remaining based on 7-day trend) | 7-day forecasted demand (118 units) exceeds available stock (5 units) | Supplier replenishment lead time is relatively high (4 days),CRITICAL: Issue emergency purchase order immediately to prevent stockout
2026-08-29,S03,P205,Personal Care,GlowCare,21,8,97,5,1.0,HIGH,73,Current closing stock (21 units) is at or below reorder threshold (21 units) | Critically low days of inventory (1.4 days remaining based on 7-day trend) | 7-day forecasted demand (97 units) exceeds available stock (21 units) | Supplier replenishment lead time is relatively high (4 days),URGENT: Place purchase order within 24 hours to replenish stock
2026-08-29,S02,P101,Dairy,Aavin,281,110,1017,25,0.0,LOW,651,Critically low days of inventory (2.0 days remaining based on 7-day trend) | 7-day forecasted demand (1030 units) exceeds available stock (281 units),CRITICAL: Issue emergency purchase order immediately to prevent stockout
2026-08-30,S02,P330,Beverages,FizzUp,98,0,1128,41,1.0,HIGH,1071,Current closing stock (98 units) is at or below reorder threshold (261 units) | Critically low days of inventory (0.5 days remaining based on 7-day trend) | 7-day forecasted demand (1134 units) exceeds available stock (98 units),CRITICAL: Issue emergency purchase order immediately to prevent stockout
2026-08-30,S02,P101,Dairy,Aavin,153,0,978,28,1.0,HIGH,853,Current closing stock (153 units) is at or below reorder threshold (227 units) | Critically low days of inventory (1.1 days remaining based on 7-day trend) | 7-day forecasted demand (971 units) exceeds available stock (153 units),CRITICAL: Issue emergency purchase order immediately to prevent stockout
2026-08-30,S02,P442,Snacks,Crispo,22,0,805,22,1.0,HIGH,805,Current closing stock (22 units) is at or below reorder threshold (210 units) | Critically low days of inventory (0.2 days remaining based on 7-day trend) | 7-day forecasted demand (782 units) exceeds available stock (22 units),CRITICAL: Issue emergency purchase order immediately to prevent stockout
2026-08-30,S04,P330,Beverages,FizzUp,82,0,782,67,1.0,HIGH,767,Current closing stock (82 units) is at or below reorder threshold (206 units) | Critically low days of inventory (0.6 days remaining based on 7-day trend) | 7-day forecasted demand (767 units) exceeds available stock (82 units) | Supplier replenishment lead time is relatively high (3 days),CRITICAL: Issue emergency purchase order immediately to prevent stockout
2026-08-30,S04,P101,Dairy,Aavin,91,0,621,62,1.0,HIGH,592,Current closing stock (91 units) is at or below reorder threshold (143 units) | Critically low days of inventory (0.9 days remaining based on 7-day trend) | 7-day forecasted demand (626 units) exceeds available stock (91 units) | Supplier replenishment lead time is relatively high (4 days),CRITICAL: Issue emergency purchase order immediately to prevent stockout
2026-08-30,S03,P330,Beverages,FizzUp,96,0,673,11,1.0,HIGH,588,Current closing stock (96 units) is at or below reorder threshold (145 units) | Critically low days of inventory (1.0 days remaining based on 7-day trend) | 7-day forecasted demand (683 units) exceeds available stock (96 units),CRITICAL: Issue emergency purchase order immediately to prevent stockout
2026-08-30,S03,P101,Dairy,Aavin,45,0,489,50,1.0,HIGH,494,Current closing stock (45 units) is at or below reorder threshold (144 units) | Critically low days of inventory (0.6 days remaining based on 7-day trend) | 7-day forecasted demand (486 units) exceeds available stock (45 units) | Supplier replenishment lead time is relatively high (4 days),CRITICAL: Issue emergency purchase order immediately to prevent stockout
2026-08-30,S01,P442,Snacks,Crispo,121,53,588,48,1.0,HIGH,462,Current closing stock (121 units) is at or below reorder threshold (130 units) | Critically low days of inventory (1.4 days remaining based on 7-day trend) | 7-day forecasted demand (597 units) exceeds available stock (121 units) | Supplier replenishment lead time is relatively high (4 days),CRITICAL: Issue emergency purchase order immediately to prevent stockout
2026-08-30,S03,P442,Snacks,Crispo,32,0,391,14,1.0,HIGH,373,Current closing stock (32 units) is at or below reorder threshold (107 units) | Critically low days of inventory (0.6 days remaining based on 7-day trend) | 7-day forecasted demand (380 units) exceeds available stock (32 units),CRITICAL: Issue emergency purchase order immediately to prevent stockout
2026-08-30,S02,P205,Personal Care,GlowCare,33,6,198,9,1.0,HIGH,168,Current closing stock (33 units) is at or below reorder threshold (43 units) | Critically low days of inventory (1.4 days remaining based on 7-day trend) | 7-day forecasted demand (201 units) exceeds available stock (33 units),CRITICAL: Issue emergency purchase order immediately to prevent stockout
2026-08-30,S01,P205,Personal Care,GlowCare,21,10,142,6,1.0,HIGH,117,Current closing stock (21 units) is at or below reorder threshold (30 units) | Critically low days of inventory (1.0 days remaining based on 7-day trend) | 7-day forecasted demand (143 units) exceeds available stock (21 units) | Supplier replenishment lead time is relatively high (3 days),CRITICAL: Issue emergency purchase order immediately to prevent stockout
2026-08-30,S04,P205,Personal Care,GlowCare,21,0,117,11,1.0,HIGH,107,Current closing stock (21 units) is at or below reorder threshold (25 units) | Critically low days of inventory (1.3 days remaining based on 7-day trend) | 7-day forecasted demand (115 units) exceeds available stock (21 units) | Supplier replenishment lead time is relatively high (4 days),CRITICAL: Issue emergency purchase order immediately to prevent stockout
2026-08-30,S03,P205,Personal Care,GlowCare,8,0,98,3,1.0,HIGH,93,Current closing stock (8 units) is at or below reorder threshold (21 units) | Critically low days of inventory (0.5 days remaining based on 7-day trend) | 7-day forecasted demand (98 units) exceeds available stock (8 units),URGENT: Place purchase order within 24 hours to replenish stock
2026-08-30,S04,P442,Snacks,Crispo,111,0,537,27,0.0172,LOW,453,Critically low days of inventory (1.5 days remaining based on 7-day trend) | 7-day forecasted demand (535 units) exceeds available stock (111 units) | Supplier replenishment lead time is relatively high (4 days),CRITICAL: Issue emergency purchase order immediately to prevent stockout
2026-08-30,S01,P101,Dairy,Aavin,232,113,722,18,0.0,LOW,395,Critically low days of inventory (2.2 days remaining based on 7-day trend) | 7-day forecasted demand (710 units) exceeds available stock (232 units),CRITICAL: Issue emergency purchase order immediately to prevent stockout
2026-08-30,S01,P330,Beverages,FizzUp,219,95,917,35,0.4242,MEDIUM,638,Current closing stock (219 units) is at or below reorder threshold (227 units) | Critically low days of inventory (1.6 days remaining based on 7-day trend) | 7-day forecasted demand (908 units) exceeds available stock (219 units),CRITICAL: Issue emergency purchase order immediately to prevent stockout
2026-08-31,S02,P330,Beverages,FizzUp,248,17,1125,52,1.0,HIGH,912,Current closing stock (248 units) is at or below reorder threshold (256 units) | Critically low days of inventory (1.4 days remaining based on 7-day trend) | 7-day forecasted demand (1112 units) exceeds available stock (248 units) | Supplier replenishment lead time is relatively high (3 days),CRITICAL: Issue emergency purchase order immediately to prevent stockout
2026-08-31,S02,P101,Dairy,Aavin,148,0,988,44,1.0,HIGH,884,Current closing stock (148 units) is at or below reorder threshold (203 units) | Critically low days of inventory (1.0 days remaining based on 7-day trend) | 7-day forecasted demand (971 units) exceeds available stock (148 units),CRITICAL: Issue emergency purchase order immediately to prevent stockout
2026-08-31,S01,P330,Beverages,FizzUp,101,0,888,59,1.0,HIGH,846,Current closing stock (101 units) is at or below reorder threshold (205 units) | Critically low days of inventory (0.8 days remaining based on 7-day trend) | 7-day forecasted demand (891 units) exceeds available stock (101 units) | Supplier replenishment lead time is relatively high (3 days),CRITICAL: Issue emergency purchase order immediately to prevent stockout
2026-08-31,S04,P330,Beverages,FizzUp,78,0,823,71,1.0,HIGH,816,Current closing stock (78 units) is at or below reorder threshold (200 units) | Critically low days of inventory (0.6 days remaining based on 7-day trend) | 7-day forecasted demand (772 units) exceeds available stock (78 units) | Supplier replenishment lead time is relatively high (4 days),CRITICAL: Issue emergency purchase order immediately to prevent stockout
2026-08-31,S02,P442,Snacks,Crispo,140,0,796,25,1.0,HIGH,681,Current closing stock (140 units) is at or below reorder threshold (184 units) | Critically low days of inventory (1.2 days remaining based on 7-day trend) | 7-day forecasted demand (780 units) exceeds available stock (140 units),CRITICAL: Issue emergency purchase order immediately to prevent stockout
2026-08-31,S01,P101,Dairy,Aavin,132,0,729,18,1.0,HIGH,615,Current closing stock (132 units) is at or below reorder threshold (189 units) | Critically low days of inventory (1.3 days remaining based on 7-day trend) | 7-day forecasted demand (734 units) exceeds available stock (132 units),CRITICAL: Issue emergency purchase order immediately to prevent stockout
2026-08-31,S03,P330,Beverages,FizzUp,96,0,675,11,1.0,HIGH,590,Current closing stock (96 units) is at or below reorder threshold (186 units) | Critically low days of inventory (1.0 days remaining based on 7-day trend) | 7-day forecasted demand (684 units) exceeds available stock (96 units),CRITICAL: Issue emergency purchase order immediately to prevent stockout
2026-08-31,S01,P442,Snacks,Crispo,68,0,583,23,1.0,HIGH,538,Current closing stock (68 units) is at or below reorder threshold (134 units) | Critically low days of inventory (0.8 days remaining based on 7-day trend) | 7-day forecasted demand (584 units) exceeds available stock (68 units),CRITICAL: Issue emergency purchase order immediately to prevent stockout
2026-08-31,S03,P101,Dairy,Aavin,51,0,493,30,1.0,HIGH,472,Current closing stock (51 units) is at or below reorder threshold (141 units) | Critically low days of inventory (0.7 days remaining based on 7-day trend) | 7-day forecasted demand (490 units) exceeds available stock (51 units),CRITICAL: Issue emergency purchase order immediately to prevent stockout
2026-08-31,S03,P442,Snacks,Crispo,110,40,391,20,1.0,HIGH,261,Current closing stock (110 units) is at or below reorder threshold (115 units) | Critically low days of inventory (1.9 days remaining based on 7-day trend) | 7-day forecasted demand (387 units) exceeds available stock (110 units),CRITICAL: Issue emergency purchase order immediately to prevent stockout
2026-08-31,S02,P205,Personal Care,GlowCare,26,0,196,11,1.0,HIGH,181,Current closing stock (26 units) is at or below reorder threshold (49 units) | Critically low days of inventory (1.0 days remaining based on 7-day trend) | 7-day forecasted demand (200 units) exceeds available stock (26 units),CRITICAL: Issue emergency purchase order immediately to prevent stockout
2026-08-31,S01,P205,Personal Care,GlowCare,30,0,144,4,1.0,HIGH,118,Current closing stock (30 units) is at or below reorder threshold (34 units) | Critically low days of inventory (1.5 days remaining based on 7-day trend) | 7-day forecasted demand (145 units) exceeds available stock (30 units),CRITICAL: Issue emergency purchase order immediately to prevent stockout
2026-08-31,S03,P205,Personal Care,GlowCare,7,0,97,3,1.0,HIGH,93,Current closing stock (7 units) is at or below reorder threshold (25 units) | Critically low days of inventory (0.5 days remaining based on 7-day trend) | 7-day forecasted demand (96 units) exceeds available stock (7 units),URGENT: Place purchase order within 24 hours to replenish stock
2026-08-31,S04,P205,Personal Care,GlowCare,30,11,115,5,1.0,HIGH,79,Current closing stock (30 units) is at or below reorder threshold (34 units) | Critically low days of inventory (1.8 days remaining based on 7-day trend) | 7-day forecasted demand (114 units) exceeds available stock (30 units),URGENT: Place purchase order within 24 hours to replenish stock
2026-08-31,S04,P101,Dairy,Aavin,142,0,626,65,0.0172,LOW,549,Critically low days of inventory (1.4 days remaining based on 7-day trend) | 7-day forecasted demand (625 units) exceeds available stock (142 units) | Supplier replenishment lead time is relatively high (4 days),CRITICAL: Issue emergency purchase order immediately to prevent stockout
2026-08-31,S04,P442,Snacks,Crispo,114,63,546,21,0.0172,LOW,390,Critically low days of inventory (1.5 days remaining based on 7-day trend) | 7-day forecasted demand (556 units) exceeds available stock (114 units),CRITICAL: Issue emergency purchase order immediately to prevent stockout
2026-09-01,S02,P101,Dairy,Aavin,105,0,1023,75,1.0,HIGH,993,Current closing stock (105 units) is at or below reorder threshold (204 units) | Critically low days of inventory (0.7 days remaining based on 7-day trend) | 7-day forecasted demand (1040 units) exceeds available stock (105 units) | Supplier replenishment lead time is relatively high (3 days),CRITICAL: Issue emergency purchase order immediately to prevent stockout
2026-09-01,S02,P330,Beverages,FizzUp,233,0,1127,62,1.0,HIGH,956,Current closing stock (233 units) is at or below reorder threshold (275 units) | Critically low days of inventory (1.3 days remaining based on 7-day trend) | 7-day forecasted demand (1120 units) exceeds available stock (233 units) | Supplier replenishment lead time is relatively high (3 days),CRITICAL: Issue emergency purchase order immediately to prevent stockout
2026-09-01,S01,P330,Beverages,FizzUp,101,0,867,31,1.0,HIGH,797,Current closing stock (101 units) is at or below reorder threshold (203 units) | Critically low days of inventory (0.8 days remaining based on 7-day trend) | 7-day forecasted demand (861 units) exceeds available stock (101 units),CRITICAL: Issue emergency purchase order immediately to prevent stockout
2026-09-01,S02,P442,Snacks,Crispo,86,0,799,25,1.0,HIGH,738,Current closing stock (86 units) is at or below reorder threshold (215 units) | Critically low days of inventory (0.8 days remaining based on 7-day trend) | 7-day forecasted demand (797 units) exceeds available stock (86 units),CRITICAL: Issue emergency purchase order immediately to prevent stockout
2026-09-01,S01,P101,Dairy,Aavin,125,0,730,27,1.0,HIGH,632,Current closing stock (125 units) is at or below reorder threshold (163 units) | Critically low days of inventory (1.2 days remaining based on 7-day trend) | 7-day forecasted demand (719 units) exceeds available stock (125 units),CRITICAL: Issue emergency purchase order immediately to prevent stockout
2026-09-01,S04,P101,Dairy,Aavin,80,0,636,61,1.0,HIGH,617,Current closing stock (80 units) is at or below reorder threshold (136 units) | Critically low days of inventory (0.8 days remaining based on 7-day trend) | 7-day forecasted demand (636 units) exceeds available stock (80 units) | Supplier replenishment lead time is relatively high (4 days),CRITICAL: Issue emergency purchase order immediately to prevent stockout
2026-09-01,S03,P330,Beverages,FizzUp,77,0,670,10,1.0,HIGH,603,Current closing stock (77 units) is at or below reorder threshold (144 units) | Critically low days of inventory (0.8 days remaining based on 7-day trend) | 7-day forecasted demand (675 units) exceeds available stock (77 units),CRITICAL: Issue emergency purchase order immediately to prevent stockout
2026-09-01,S04,P442,Snacks,Crispo,73,0,535,22,1.0,HIGH,484,Current closing stock (73 units) is at or below reorder threshold (106 units) | Critically low days of inventory (1.0 days remaining based on 7-day trend) | 7-day forecasted demand (547 units) exceeds available stock (73 units),CRITICAL: Issue emergency purchase order immediately to prevent stockout
2026-09-01,S03,P101,Dairy,Aavin,103,0,504,20,1.0,HIGH,421,Current closing stock (103 units) is at or below reorder threshold (115 units) | Critically low days of inventory (1.5 days remaining based on 7-day trend) | 7-day forecasted demand (505 units) exceeds available stock (103 units),CRITICAL: Issue emergency purchase order immediately to prevent stockout
2026-09-01,S02,P205,Personal Care,GlowCare,25,0,194,11,1.0,HIGH,180,Current closing stock (25 units) is at or below reorder threshold (51 units) | Critically low days of inventory (1.0 days remaining based on 7-day trend) | 7-day forecasted demand (197 units) exceeds available stock (25 units),CRITICAL: Issue emergency purchase order immediately to prevent stockout
2026-09-01,S01,P205,Personal Care,GlowCare,23,0,143,4,1.0,HIGH,124,Current closing stock (23 units) is at or below reorder threshold (30 units) | Critically low days of inventory (1.1 days remaining based on 7-day trend) | 7-day forecasted demand (142 units) exceeds available stock (23 units),CRITICAL: Issue emergency purchase order immediately to prevent stockout
2026-09-01,S04,P205,Personal Care,GlowCare,13,0,112,5,1.0,HIGH,104,Current closing stock (13 units) is at or below reorder threshold (30 units) | Critically low days of inventory (0.8 days remaining based on 7-day trend) | 7-day forecasted demand (112 units) exceeds available stock (13 units),CRITICAL: Issue emergency purchase order immediately to prevent stockout
2026-09-01,S03,P205,Personal Care,GlowCare,9,0,95,3,1.0,HIGH,89,Current closing stock (9 units) is at or below reorder threshold (20 units) | Critically low days of inventory (0.6 days remaining based on 7-day trend) | 7-day forecasted demand (95 units) exceeds available stock (9 units),URGENT: Place purchase order within 24 hours to replenish stock
2026-09-01,S03,P442,Snacks,Crispo,95,0,399,28,0.0172,LOW,332,Critically low days of inventory (1.6 days remaining based on 7-day trend) | 7-day forecasted demand (402 units) exceeds available stock (95 units) | Supplier replenishment lead time is relatively high (4 days),CRITICAL: Issue emergency purchase order immediately to prevent stockout
2026-09-01,S04,P330,Beverages,FizzUp,207,0,814,76,0.4242,MEDIUM,683,Current closing stock (207 units) is at or below reorder threshold (207 units) | Critically low days of inventory (1.5 days remaining based on 7-day trend) | 7-day forecasted demand (803 units) exceeds available stock (207 units) | Supplier replenishment lead time is relatively high (4 days),CRITICAL: Issue emergency purchase order immediately to prevent stockout
2026-09-01,S01,P442,Snacks,Crispo,144,41,577,39,0.4242,MEDIUM,431,Current closing stock (144 units) is at or below reorder threshold (149 units) | Critically low days of inventory (1.6 days remaining based on 7-day trend) | 7-day forecasted demand (570 units) exceeds available stock (144 units) | Supplier replenishment lead time is relatively high (3 days),CRITICAL: Issue emergency purchase order immediately to prevent stockout
2026-09-02,S02,P101,Dairy,Aavin,75,3,1017,84,1.0,HIGH,1023,Current closing stock (75 units) is at or below reorder threshold (195 units) | Critically low days of inventory (0.5 days remaining based on 7-day trend) | 7-day forecasted demand (1031 units) exceeds available stock (75 units) | Supplier replenishment lead time is relatively high (3 days),CRITICAL: Issue emergency purchase order immediately to prevent stockout
2026-09-02,S01,P330,Beverages,FizzUp,111,0,856,32,1.0,HIGH,777,Current closing stock (111 units) is at or below reorder threshold (254 units) | Critically low days of inventory (0.9 days remaining based on 7-day trend) | 7-day forecasted demand (848 units) exceeds available stock (111 units) | Supplier replenishment lead time is relatively high (4 days),CRITICAL: Issue emergency purchase order immediately to prevent stockout
2026-09-02,S02,P442,Snacks,Crispo,100,0,816,35,1.0,HIGH,751,Current closing stock (100 units) is at or below reorder threshold (208 units) | Critically low days of inventory (0.9 days remaining based on 7-day trend) | 7-day forecasted demand (823 units) exceeds available stock (100 units),CRITICAL: Issue emergency purchase order immediately to prevent stockout
2026-09-02,S04,P330,Beverages,FizzUp,153,0,821,69,1.0,HIGH,737,Current closing stock (153 units) is at or below reorder threshold (183 units) | Critically low days of inventory (1.2 days remaining based on 7-day trend) | 7-day forecasted demand (839 units) exceeds available stock (153 units) | Supplier replenishment lead time is relatively high (3 days),CRITICAL: Issue emergency purchase order immediately to prevent stockout
2026-09-02,S03,P330,Beverages,FizzUp,69,0,670,26,1.0,HIGH,627,Current closing stock (69 units) is at or below reorder threshold (149 units) | Critically low days of inventory (0.7 days remaining based on 7-day trend) | 7-day forecasted demand (667 units) exceeds available stock (69 units) | Supplier replenishment lead time is relatively high (3 days),CRITICAL: Issue emergency purchase order immediately to prevent stockout
2026-09-02,S01,P101,Dairy,Aavin,163,0,754,32,1.0,HIGH,623,Current closing stock (163 units) is at or below reorder threshold (191 units) | Critically low days of inventory (1.5 days remaining based on 7-day trend) | 7-day forecasted demand (764 units) exceeds available stock (163 units) | Supplier replenishment lead time is relatively high (3 days),CRITICAL: Issue emergency purchase order immediately to prevent stockout
2026-09-02,S04,P442,Snacks,Crispo,74,0,532,28,1.0,HIGH,486,Current closing stock (74 units) is at or below reorder threshold (123 units) | Critically low days of inventory (1.0 days remaining based on 7-day trend) | 7-day forecasted demand (542 units) exceeds available stock (74 units) | Supplier replenishment lead time is relatively high (4 days),CRITICAL: Issue emergency purchase order immediately to prevent stockout
2026-09-02,S03,P442,Snacks,Crispo,46,9,403,21,1.0,HIGH,369,Current closing stock (46 units) is at or below reorder threshold (108 units) | Critically low days of inventory (0.8 days remaining based on 7-day trend) | 7-day forecasted demand (405 units) exceeds available stock (46 units),CRITICAL: Issue emergency purchase order immediately to prevent stockout
2026-09-02,S02,P205,Personal Care,GlowCare,10,0,184,11,1.0,HIGH,185,Current closing stock (10 units) is at or below reorder threshold (49 units) | Critically low days of inventory (0.4 days remaining based on 7-day trend) | 7-day forecasted demand (186 units) exceeds available stock (10 units) | Supplier replenishment lead time is relatively high (3 days),CRITICAL: Issue emergency purchase order immediately to prevent stockout
2026-09-02,S01,P205,Personal Care,GlowCare,26,1,141,8,1.0,HIGH,122,Current closing stock (26 units) is at or below reorder threshold (38 units) | Critically low days of inventory (1.2 days remaining based on 7-day trend) | 7-day forecasted demand (143 units) exceeds available stock (26 units) | Supplier replenishment lead time is relatively high (4 days),CRITICAL: Issue emergency purchase order immediately to prevent stockout
2026-09-02,S04,P205,Personal Care,GlowCare,11,0,113,8,1.0,HIGH,110,Current closing stock (11 units) is at or below reorder threshold (30 units) | Critically low days of inventory (0.6 days remaining based on 7-day trend) | 7-day forecasted demand (111 units) exceeds available stock (11 units) | Supplier replenishment lead time is relatively high (3 days),CRITICAL: Issue emergency purchase order immediately to prevent stockout
2026-09-02,S03,P205,Personal Care,GlowCare,21,0,94,5,1.0,HIGH,78,Current closing stock (21 units) is at or below reorder threshold (25 units) | Critically low days of inventory (1.4 days remaining based on 7-day trend) | 7-day forecasted demand (93 units) exceeds available stock (21 units) | Supplier replenishment lead time is relatively high (4 days),URGENT: Place purchase order within 24 hours to replenish stock
2026-09-02,S02,P330,Beverages,FizzUp,403,194,1114,49,0.0,LOW,566,Critically low days of inventory (2.5 days remaining based on 7-day trend) | 7-day forecasted demand (1092 units) exceeds available stock (403 units) | Supplier replenishment lead time is relatively high (4 days),CRITICAL: Issue emergency purchase order immediately to prevent stockout
2026-09-02,S04,P101,Dairy,Aavin,152,0,641,68,0.0172,LOW,557,Critically low days of inventory (1.6 days remaining based on 7-day trend) | 7-day forecasted demand (639 units) exceeds available stock (152 units) | Supplier replenishment lead time is relatively high (4 days),CRITICAL: Issue emergency purchase order immediately to prevent stockout
2026-09-02,S03,P101,Dairy,Aavin,106,0,503,25,0.0172,LOW,422,Current closing stock (106 units) is at or below reorder threshold (133 units) | Critically low days of inventory (1.5 days remaining based on 7-day trend) | 7-day forecasted demand (505 units) exceeds available stock (106 units),CRITICAL: Issue emergency purchase order immediately to prevent stockout
2026-09-02,S01,P442,Snacks,Crispo,194,58,585,36,0.0,LOW,369,Critically low days of inventory (2.2 days remaining based on 7-day trend) | 7-day forecasted demand (588 units) exceeds available stock (194 units) | Supplier replenishment lead time is relatively high (3 days),CRITICAL: Issue emergency purchase order immediately to prevent stockout
2026-09-03,S01,P330,Beverages,FizzUp,86,0,863,28,1.0,HIGH,805,Current closing stock (86 units) is at or below reorder threshold (263 units) | Critically low days of inventory (0.7 days remaining based on 7-day trend) | 7-day forecasted demand (860 units) exceeds available stock (86 units) | Supplier replenishment lead time is relatively high (4 days),CRITICAL: Issue emergency purchase order immediately to prevent stockout
2026-09-03,S04,P330,Beverages,FizzUp,94,0,816,63,1.0,HIGH,785,Current closing stock (94 units) is at or below reorder threshold (197 units) | Critically low days of inventory (0.8 days remaining based on 7-day trend) | 7-day forecasted demand (819 units) exceeds available stock (94 units) | Supplier replenishment lead time is relatively high (3 days),CRITICAL: Issue emergency purchase order immediately to prevent stockout
2026-09-03,S02,P442,Snacks,Crispo,131,0,827,44,1.0,HIGH,740,Current closing stock (131 units) is at or below reorder threshold (212 units) | Critically low days of inventory (1.2 days remaining based on 7-day trend) | 7-day forecasted demand (827 units) exceeds available stock (131 units) | Supplier replenishment lead time is relatively high (4 days),CRITICAL: Issue emergency purchase order immediately to prevent stockout
2026-09-03,S03,P330,Beverages,FizzUp,25,0,679,17,1.0,HIGH,671,Current closing stock (25 units) is at or below reorder threshold (177 units) | Critically low days of inventory (0.3 days remaining based on 7-day trend) | 7-day forecasted demand (667 units) exceeds available stock (25 units),CRITICAL: Issue emergency purchase order immediately to prevent stockout
2026-09-03,S01,P101,Dairy,Aavin,133,0,760,25,1.0,HIGH,652,Current closing stock (133 units) is at or below reorder threshold (174 units) | Critically low days of inventory (1.3 days remaining based on 7-day trend) | 7-day forecasted demand (778 units) exceeds available stock (133 units),CRITICAL: Issue emergency purchase order immediately to prevent stockout
2026-09-03,S01,P442,Snacks,Crispo,69,0,585,42,1.0,HIGH,558,Current closing stock (69 units) is at or below reorder threshold (143 units) | Critically low days of inventory (0.8 days remaining based on 7-day trend) | 7-day forecasted demand (586 units) exceeds available stock (69 units) | Supplier replenishment lead time is relatively high (4 days),CRITICAL: Issue emergency purchase order immediately to prevent stockout
2026-09-03,S04,P442,Snacks,Crispo,65,38,519,25,1.0,HIGH,441,Current closing stock (65 units) is at or below reorder threshold (120 units) | Critically low days of inventory (0.9 days remaining based on 7-day trend) | 7-day forecasted demand (517 units) exceeds available stock (65 units) | Supplier replenishment lead time is relatively high (3 days),CRITICAL: Issue emergency purchase order immediately to prevent stockout
2026-09-03,S03,P101,Dairy,Aavin,103,0,504,18,1.0,HIGH,419,Current closing stock (103 units) is at or below reorder threshold (109 units) | Critically low days of inventory (1.5 days remaining based on 7-day trend) | 7-day forecasted demand (500 units) exceeds available stock (103 units),CRITICAL: Issue emergency purchase order immediately to prevent stockout
2026-09-03,S03,P442,Snacks,Crispo,82,0,397,17,1.0,HIGH,332,Current closing stock (82 units) is at or below reorder threshold (118 units) | Critically low days of inventory (1.5 days remaining based on 7-day trend) | 7-day forecasted demand (396 units) exceeds available stock (82 units),CRITICAL: Issue emergency purchase order immediately to prevent stockout
2026-09-03,S01,P205,Personal Care,GlowCare,12,0,140,9,1.0,HIGH,137,Current closing stock (12 units) is at or below reorder threshold (37 units) | Critically low days of inventory (0.6 days remaining based on 7-day trend) | 7-day forecasted demand (143 units) exceeds available stock (12 units) | Supplier replenishment lead time is relatively high (4 days),CRITICAL: Issue emergency purchase order immediately to prevent stockout
2026-09-03,S02,P205,Personal Care,GlowCare,37,18,180,12,1.0,HIGH,137,Current closing stock (37 units) is at or below reorder threshold (53 units) | Critically low days of inventory (1.3 days remaining based on 7-day trend) | 7-day forecasted demand (180 units) exceeds available stock (37 units) | Supplier replenishment lead time is relatively high (3 days),CRITICAL: Issue emergency purchase order immediately to prevent stockout
2026-09-03,S04,P205,Personal Care,GlowCare,19,2,112,6,1.0,HIGH,97,Current closing stock (19 units) is at or below reorder threshold (24 units) | Critically low days of inventory (1.1 days remaining based on 7-day trend) | 7-day forecasted demand (110 units) exceeds available stock (19 units),URGENT: Place purchase order within 24 hours to replenish stock
2026-09-03,S03,P205,Personal Care,GlowCare,22,0,97,3,1.0,HIGH,78,Current closing stock (22 units) is at or below reorder threshold (24 units) | Critically low days of inventory (1.5 days remaining based on 7-day trend) | 7-day forecasted demand (97 units) exceeds available stock (22 units) | Supplier replenishment lead time is relatively high (3 days),URGENT: Place purchase order within 24 hours to replenish stock
2026-09-03,S02,P330,Beverages,FizzUp,253,0,1152,22,0.0,LOW,921,Critically low days of inventory (1.6 days remaining based on 7-day trend) | 7-day forecasted demand (1126 units) exceeds available stock (253 units),CRITICAL: Issue emergency purchase order immediately to prevent stockout
2026-09-03,S02,P101,Dairy,Aavin,275,93,1010,93,0.0,LOW,735,Critically low days of inventory (2.0 days remaining based on 7-day trend) | 7-day forecasted demand (1007 units) exceeds available stock (275 units) | Supplier replenishment lead time is relatively high (4 days),CRITICAL: Issue emergency purchase order immediately to prevent stockout
2026-09-03,S04,P101,Dairy,Aavin,225,100,659,46,0.0,LOW,380,Critically low days of inventory (2.6 days remaining based on 7-day trend) | 7-day forecasted demand (640 units) exceeds available stock (225 units) | Supplier replenishment lead time is relatively high (3 days),CRITICAL: Issue emergency purchase order immediately to prevent stockout
2026-09-04,S02,P330,Beverages,FizzUp,125,0,1136,45,1.0,HIGH,1056,Current closing stock (125 units) is at or below reorder threshold (349 units) | Critically low days of inventory (0.8 days remaining based on 7-day trend) | 7-day forecasted demand (1171 units) exceeds available stock (125 units) | Supplier replenishment lead time is relatively high (3 days),CRITICAL: Issue emergency purchase order immediately to prevent stockout
2026-09-04,S04,P330,Beverages,FizzUp,135,0,835,39,1.0,HIGH,739,Current closing stock (135 units) is at or below reorder threshold (237 units) | Critically low days of inventory (1.2 days remaining based on 7-day trend) | 7-day forecasted demand (834 units) exceeds available stock (135 units),CRITICAL: Issue emergency purchase order immediately to prevent stockout
2026-09-04,S02,P442,Snacks,Crispo,138,0,824,21,1.0,HIGH,707,Current closing stock (138 units) is at or below reorder threshold (207 units) | Critically low days of inventory (1.2 days remaining based on 7-day trend) | 7-day forecasted demand (831 units) exceeds available stock (138 units),CRITICAL: Issue emergency purchase order immediately to prevent stockout
2026-09-04,S01,P101,Dairy,Aavin,80,0,736,37,1.0,HIGH,693,Current closing stock (80 units) is at or below reorder threshold (198 units) | Critically low days of inventory (0.8 days remaining based on 7-day trend) | 7-day forecasted demand (766 units) exceeds available stock (80 units),CRITICAL: Issue emergency purchase order immediately to prevent stockout
2026-09-04,S03,P330,Beverages,FizzUp,53,0,683,25,1.0,HIGH,655,Current closing stock (53 units) is at or below reorder threshold (163 units) | Critically low days of inventory (0.6 days remaining based on 7-day trend) | 7-day forecasted demand (664 units) exceeds available stock (53 units),CRITICAL: Issue emergency purchase order immediately to prevent stockout
2026-09-04,S04,P101,Dairy,Aavin,73,0,656,44,1.0,HIGH,627,Current closing stock (73 units) is at or below reorder threshold (134 units) | Critically low days of inventory (0.8 days remaining based on 7-day trend) | 7-day forecasted demand (672 units) exceeds available stock (73 units) | Supplier replenishment lead time is relatively high (3 days),CRITICAL: Issue emergency purchase order immediately to prevent stockout
2026-09-04,S03,P101,Dairy,Aavin,50,0,502,17,1.0,HIGH,469,Current closing stock (50 units) is at or below reorder threshold (140 units) | Critically low days of inventory (0.7 days remaining based on 7-day trend) | 7-day forecasted demand (503 units) exceeds available stock (50 units),CRITICAL: Issue emergency purchase order immediately to prevent stockout
2026-09-04,S04,P442,Snacks,Crispo,98,37,518,22,1.0,HIGH,405,Current closing stock (98 units) is at or below reorder threshold (123 units) | Critically low days of inventory (1.3 days remaining based on 7-day trend) | 7-day forecasted demand (504 units) exceeds available stock (98 units),CRITICAL: Issue emergency purchase order immediately to prevent stockout
2026-09-04,S03,P442,Snacks,Crispo,81,34,398,20,1.0,HIGH,303,Current closing stock (81 units) is at or below reorder threshold (92 units) | Critically low days of inventory (1.4 days remaining based on 7-day trend) | 7-day forecasted demand (395 units) exceeds available stock (81 units) | Supplier replenishment lead time is relatively high (3 days),CRITICAL: Issue emergency purchase order immediately to prevent stockout
2026-09-04,S02,P205,Personal Care,GlowCare,49,20,180,12,1.0,HIGH,123,Critically low days of inventory (1.8 days remaining based on 7-day trend) | 7-day forecasted demand (173 units) exceeds available stock (49 units) | Supplier replenishment lead time is relatively high (3 days),CRITICAL: Issue emergency purchase order immediately to prevent stockout
2026-09-04,S01,P205,Personal Care,GlowCare,32,0,143,6,1.0,HIGH,117,Current closing stock (32 units) is at or below reorder threshold (36 units) | Critically low days of inventory (1.6 days remaining based on 7-day trend) | 7-day forecasted demand (143 units) exceeds available stock (32 units),CRITICAL: Issue emergency purchase order immediately to prevent stockout
2026-09-04,S04,P205,Personal Care,GlowCare,25,0,113,5,1.0,HIGH,93,Current closing stock (25 units) is at or below reorder threshold (31 units) | Critically low days of inventory (1.4 days remaining based on 7-day trend) | 7-day forecasted demand (112 units) exceeds available stock (25 units),URGENT: Place purchase order within 24 hours to replenish stock
2026-09-04,S03,P205,Personal Care,GlowCare,12,0,98,3,1.0,HIGH,89,Current closing stock (12 units) is at or below reorder threshold (24 units) | Critically low days of inventory (0.9 days remaining based on 7-day trend) | 7-day forecasted demand (97 units) exceeds available stock (12 units),URGENT: Place purchase order within 24 hours to replenish stock
2026-09-04,S02,P101,Dairy,Aavin,333,133,1005,65,0.0,LOW,604,Critically low days of inventory (2.4 days remaining based on 7-day trend) | 7-day forecasted demand (1004 units) exceeds available stock (333 units),CRITICAL: Issue emergency purchase order immediately to prevent stockout
2026-09-04,S01,P330,Beverages,FizzUp,294,135,893,16,0.0,LOW,480,Critically low days of inventory (2.3 days remaining based on 7-day trend) | 7-day forecasted demand (846 units) exceeds available stock (294 units),CRITICAL: Issue emergency purchase order immediately to prevent stockout
2026-09-04,S01,P442,Snacks,Crispo,166,52,584,42,0.0,LOW,408,Critically low days of inventory (2.0 days remaining based on 7-day trend) | 7-day forecasted demand (590 units) exceeds available stock (166 units) | Supplier replenishment lead time is relatively high (4 days),CRITICAL: Issue emergency purchase order immediately to prevent stockout
2026-09-05,S02,P101,Dairy,Aavin,151,0,1000,42,1.0,HIGH,891,Current closing stock (151 units) is at or below reorder threshold (251 units) | Critically low days of inventory (1.0 days remaining based on 7-day trend) | 7-day forecasted demand (1013 units) exceeds available stock (151 units),CRITICAL: Issue emergency purchase order immediately to prevent stockout
2026-09-05,S02,P330,Beverages,FizzUp,205,124,1142,47,1.0,HIGH,860,Current closing stock (205 units) is at or below reorder threshold (310 units) | Critically low days of inventory (1.3 days remaining based on 7-day trend) | 7-day forecasted demand (1177 units) exceeds available stock (205 units) | Supplier replenishment lead time is relatively high (3 days),CRITICAL: Issue emergency purchase order immediately to prevent stockout
2026-09-05,S04,P330,Beverages,FizzUp,22,0,847,33,1.0,HIGH,858,Current closing stock (22 units) is at or below reorder threshold (199 units) | Critically low days of inventory (0.2 days remaining based on 7-day trend) | 7-day forecasted demand (792 units) exceeds available stock (22 units),CRITICAL: Issue emergency purchase order immediately to prevent stockout
2026-09-05,S01,P330,Beverages,FizzUp,62,0,879,20,1.0,HIGH,837,Current closing stock (62 units) is at or below reorder threshold (208 units) | Critically low days of inventory (0.5 days remaining based on 7-day trend) | 7-day forecasted demand (839 units) exceeds available stock (62 units) | Supplier replenishment lead time is relatively high (4 days),CRITICAL: Issue emergency purchase order immediately to prevent stockout
2026-09-05,S01,P101,Dairy,Aavin,91,0,729,37,1.0,HIGH,675,Current closing stock (91 units) is at or below reorder threshold (168 units) | Critically low days of inventory (0.9 days remaining based on 7-day trend) | 7-day forecasted demand (758 units) exceeds available stock (91 units),CRITICAL: Issue emergency purchase order immediately to prevent stockout
2026-09-05,S03,P330,Beverages,FizzUp,65,0,681,36,1.0,HIGH,652,Current closing stock (65 units) is at or below reorder threshold (151 units) | Critically low days of inventory (0.7 days remaining based on 7-day trend) | 7-day forecasted demand (641 units) exceeds available stock (65 units) | Supplier replenishment lead time is relatively high (4 days),CRITICAL: Issue emergency purchase order immediately to prevent stockout
2026-09-05,S04,P101,Dairy,Aavin,78,0,671,42,1.0,HIGH,635,Current closing stock (78 units) is at or below reorder threshold (186 units) | Critically low days of inventory (0.9 days remaining based on 7-day trend) | 7-day forecasted demand (643 units) exceeds available stock (78 units) | Supplier replenishment lead time is relatively high (3 days),CRITICAL: Issue emergency purchase order immediately to prevent stockout
2026-09-05,S01,P442,Snacks,Crispo,17,0,581,38,1.0,HIGH,602,Current closing stock (17 units) is at or below reorder threshold (115 units) | Critically low days of inventory (0.2 days remaining based on 7-day trend) | 7-day forecasted demand (577 units) exceeds available stock (17 units) | Supplier replenishment lead time is relatively high (4 days),CRITICAL: Issue emergency purchase order immediately to prevent stockout
2026-09-05,S04,P442,Snacks,Crispo,87,0,529,21,1.0,HIGH,463,Current closing stock (87 units) is at or below reorder threshold (140 units) | Critically low days of inventory (1.2 days remaining based on 7-day trend) | 7-day forecasted demand (504 units) exceeds available stock (87 units) | Supplier replenishment lead time is relatively high (3 days),CRITICAL: Issue emergency purchase order immediately to prevent stockout
2026-09-05,S03,P101,Dairy,Aavin,50,23,503,28,1.0,HIGH,458,Current closing stock (50 units) is at or below reorder threshold (128 units) | Critically low days of inventory (0.7 days remaining based on 7-day trend) | 7-day forecasted demand (505 units) exceeds available stock (50 units) | Supplier replenishment lead time is relatively high (3 days),CRITICAL: Issue emergency purchase order immediately to prevent stockout
2026-09-05,S03,P442,Snacks,Crispo,90,0,396,16,1.0,HIGH,322,Current closing stock (90 units) is at or below reorder threshold (112 units) | Critically low days of inventory (1.6 days remaining based on 7-day trend) | 7-day forecasted demand (392 units) exceeds available stock (90 units),CRITICAL: Issue emergency purchase order immediately to prevent stockout
2026-09-05,S02,P205,Personal Care,GlowCare,27,0,180,12,1.0,HIGH,165,Current closing stock (27 units) is at or below reorder threshold (52 units) | Critically low days of inventory (0.9 days remaining based on 7-day trend) | 7-day forecasted demand (171 units) exceeds available stock (27 units) | Supplier replenishment lead time is relatively high (4 days),CRITICAL: Issue emergency purchase order immediately to prevent stockout
2026-09-05,S04,P205,Personal Care,GlowCare,6,0,114,9,1.0,HIGH,117,Current closing stock (6 units) is at or below reorder threshold (31 units) | Critically low days of inventory (0.3 days remaining based on 7-day trend) | 7-day forecasted demand (114 units) exceeds available stock (6 units) | Supplier replenishment lead time is relatively high (4 days),CRITICAL: Issue emergency purchase order immediately to prevent stockout
2026-09-05,S01,P205,Personal Care,GlowCare,26,18,143,6,1.0,HIGH,105,Current closing stock (26 units) is at or below reorder threshold (38 units) | Critically low days of inventory (1.3 days remaining based on 7-day trend) | 7-day forecasted demand (139 units) exceeds available stock (26 units),CRITICAL: Issue emergency purchase order immediately to prevent stockout
2026-09-05,S03,P205,Personal Care,GlowCare,9,0,97,3,1.0,HIGH,91,Current closing stock (9 units) is at or below reorder threshold (22 units) | Critically low days of inventory (0.6 days remaining based on 7-day trend) | 7-day forecasted demand (97 units) exceeds available stock (9 units),URGENT: Place purchase order within 24 hours to replenish stock
2026-09-05,S02,P442,Snacks,Crispo,229,102,827,28,0.0,LOW,524,Critically low days of inventory (2.1 days remaining based on 7-day trend) | 7-day forecasted demand (838 units) exceeds available stock (229 units),CRITICAL: Issue emergency purchase order immediately to prevent stockout
2026-09-06,S02,P330,Beverages,FizzUp,123,0,1147,28,1.0,HIGH,1052,Current closing stock (123 units) is at or below reorder threshold (335 units) | Critically low days of inventory (0.8 days remaining based on 7-day trend) | 7-day forecasted demand (1180 units) exceeds available stock (123 units),CRITICAL: Issue emergency purchase order immediately to prevent stockout
2026-09-06,S02,P101,Dairy,Aavin,111,0,975,65,1.0,HIGH,929,Current closing stock (111 units) is at or below reorder threshold (268 units) | Critically low days of inventory (0.8 days remaining based on 7-day trend) | 7-day forecasted demand (1016 units) exceeds available stock (111 units),CRITICAL: Issue emergency purchase order immediately to prevent stockout
2026-09-06,S02,P442,Snacks,Crispo,59,33,823,36,1.0,HIGH,767,Current closing stock (59 units) is at or below reorder threshold (200 units) | Critically low days of inventory (0.5 days remaining based on 7-day trend) | 7-day forecasted demand (810 units) exceeds available stock (59 units) | Supplier replenishment lead time is relatively high (3 days),CRITICAL: Issue emergency purchase order immediately to prevent stockout
2026-09-06,S01,P330,Beverages,FizzUp,145,0,894,13,1.0,HIGH,762,Current closing stock (145 units) is at or below reorder threshold (193 units) | Critically low days of inventory (1.1 days remaining based on 7-day trend) | 7-day forecasted demand (852 units) exceeds available stock (145 units),CRITICAL: Issue emergency purchase order immediately to prevent stockout
2026-09-06,S04,P330,Beverages,FizzUp,157,0,808,58,1.0,HIGH,709,Current closing stock (157 units) is at or below reorder threshold (216 units) | Critically low days of inventory (1.4 days remaining based on 7-day trend) | 7-day forecasted demand (818 units) exceeds available stock (157 units),CRITICAL: Issue emergency purchase order immediately to prevent stockout
2026-09-06,S01,P101,Dairy,Aavin,91,0,730,23,1.0,HIGH,662,Current closing stock (91 units) is at or below reorder threshold (145 units) | Critically low days of inventory (0.9 days remaining based on 7-day trend) | 7-day forecasted demand (740 units) exceeds available stock (91 units),CRITICAL: Issue emergency purchase order immediately to prevent stockout
2026-09-06,S04,P101,Dairy,Aavin,78,0,663,46,1.0,HIGH,631,Current closing stock (78 units) is at or below reorder threshold (150 units) | Critically low days of inventory (0.9 days remaining based on 7-day trend) | 7-day forecasted demand (644 units) exceeds available stock (78 units) | Supplier replenishment lead time is relatively high (3 days),CRITICAL: Issue emergency purchase order immediately to prevent stockout
2026-09-06,S03,P330,Beverages,FizzUp,78,0,652,51,1.0,HIGH,625,Current closing stock (78 units) is at or below reorder threshold (185 units) | Critically low days of inventory (0.8 days remaining based on 7-day trend) | 7-day forecasted demand (629 units) exceeds available stock (78 units) | Supplier replenishment lead time is relatively high (4 days),CRITICAL: Issue emergency purchase order immediately to prevent stockout
2026-09-06,S01,P442,Snacks,Crispo,42,0,583,35,1.0,HIGH,576,Current closing stock (42 units) is at or below reorder threshold (132 units) | Critically low days of inventory (0.5 days remaining based on 7-day trend) | 7-day forecasted demand (559 units) exceeds available stock (42 units) | Supplier replenishment lead time is relatively high (3 days),CRITICAL: Issue emergency purchase order immediately to prevent stockout
2026-09-06,S04,P442,Snacks,Crispo,61,0,528,24,1.0,HIGH,491,Current closing stock (61 units) is at or below reorder threshold (127 units) | Critically low days of inventory (0.8 days remaining based on 7-day trend) | 7-day forecasted demand (521 units) exceeds available stock (61 units) | Supplier replenishment lead time is relatively high (3 days),CRITICAL: Issue emergency purchase order immediately to prevent stockout
2026-09-06,S03,P101,Dairy,Aavin,43,0,510,16,1.0,HIGH,483,Current closing stock (43 units) is at or below reorder threshold (132 units) | Critically low days of inventory (0.6 days remaining based on 7-day trend) | 7-day forecasted demand (514 units) exceeds available stock (43 units),CRITICAL: Issue emergency purchase order immediately to prevent stockout
2026-09-06,S03,P442,Snacks,Crispo,50,0,407,18,1.0,HIGH,375,Current closing stock (50 units) is at or below reorder threshold (116 units) | Critically low days of inventory (0.9 days remaining based on 7-day trend) | 7-day forecasted demand (407 units) exceeds available stock (50 units) | Supplier replenishment lead time is relatively high (4 days),CRITICAL: Issue emergency purchase order immediately to prevent stockout
2026-09-06,S02,P205,Personal Care,GlowCare,26,0,179,10,1.0,HIGH,163,Current closing stock (26 units) is at or below reorder threshold (46 units) | Critically low days of inventory (0.9 days remaining based on 7-day trend) | 7-day forecasted demand (164 units) exceeds available stock (26 units) | Supplier replenishment lead time is relatively high (3 days),CRITICAL: Issue emergency purchase order immediately to prevent stockout
2026-09-06,S01,P205,Personal Care,GlowCare,21,3,135,8,1.0,HIGH,119,Current closing stock (21 units) is at or below reorder threshold (32 units) | Critically low days of inventory (1.1 days remaining based on 7-day trend) | 7-day forecasted demand (137 units) exceeds available stock (21 units) | Supplier replenishment lead time is relatively high (3 days),CRITICAL: Issue emergency purchase order immediately to prevent stockout
2026-09-06,S04,P205,Personal Care,GlowCare,26,0,115,3,1.0,HIGH,92,Critically low days of inventory (1.5 days remaining based on 7-day trend) | 7-day forecasted demand (120 units) exceeds available stock (26 units),URGENT: Place purchase order within 24 hours to replenish stock
2026-09-06,S03,P205,Personal Care,GlowCare,29,16,99,3,0.0,LOW,57,Critically low days of inventory (2.1 days remaining based on 7-day trend) | 7-day forecasted demand (95 units) exceeds available stock (29 units),URGENT: Place purchase order within 24 hours to replenish stock
2026-09-07,S02,P101,Dairy,Aavin,141,0,985,61,1.0,HIGH,905,Current closing stock (141 units) is at or below reorder threshold (263 units) | Critically low days of inventory (1.0 days remaining based on 7-day trend) | 7-day forecasted demand (1003 units) exceeds available stock (141 units) | Supplier replenishment lead time is relatively high (4 days),CRITICAL: Issue emergency purchase order immediately to prevent stockout
2026-09-07,S01,P330,Beverages,FizzUp,115,31,876,21,1.0,HIGH,751,Current closing stock (115 units) is at or below reorder threshold (199 units) | Critically low days of inventory (0.9 days remaining based on 7-day trend) | 7-day forecasted demand (852 units) exceeds available stock (115 units) | Supplier replenishment lead time is relatively high (3 days),CRITICAL: Issue emergency purchase order immediately to prevent stockout
2026-09-07,S02,P442,Snacks,Crispo,136,0,808,39,1.0,HIGH,711,Current closing stock (136 units) is at or below reorder threshold (216 units) | Critically low days of inventory (1.2 days remaining based on 7-day trend) | 7-day forecasted demand (814 units) exceeds available stock (136 units) | Supplier replenishment lead time is relatively high (4 days),CRITICAL: Issue emergency purchase order immediately to prevent stockout
2026-09-07,S03,P330,Beverages,FizzUp,57,0,637,49,1.0,HIGH,629,Current closing stock (57 units) is at or below reorder threshold (180 units) | Critically low days of inventory (0.6 days remaining based on 7-day trend) | 7-day forecasted demand (611 units) exceeds available stock (57 units) | Supplier replenishment lead time is relatively high (4 days),CRITICAL: Issue emergency purchase order immediately to prevent stockout
2026-09-07,S04,P101,Dairy,Aavin,125,0,666,27,1.0,HIGH,568,Current closing stock (125 units) is at or below reorder threshold (171 units) | Critically low days of inventory (1.4 days remaining based on 7-day trend) | 7-day forecasted demand (629 units) exceeds available stock (125 units),CRITICAL: Issue emergency purchase order immediately to prevent stockout
2026-09-07,S01,P442,Snacks,Crispo,64,0,579,46,1.0,HIGH,561,Current closing stock (64 units) is at or below reorder threshold (164 units) | Critically low days of inventory (0.8 days remaining based on 7-day trend) | 7-day forecasted demand (564 units) exceeds available stock (64 units) | Supplier replenishment lead time is relatively high (4 days),CRITICAL: Issue emergency purchase order immediately to prevent stockout
2026-09-07,S01,P101,Dairy,Aavin,194,103,743,37,1.0,HIGH,483,Current closing stock (194 units) is at or below reorder threshold (194 units) | Critically low days of inventory (1.9 days remaining based on 7-day trend) | 7-day forecasted demand (716 units) exceeds available stock (194 units),CRITICAL: Issue emergency purchase order immediately to prevent stockout
2026-09-07,S03,P101,Dairy,Aavin,49,0,512,16,1.0,HIGH,479,Current closing stock (49 units) is at or below reorder threshold (123 units) | Critically low days of inventory (0.7 days remaining based on 7-day trend) | 7-day forecasted demand (508 units) exceeds available stock (49 units),CRITICAL: Issue emergency purchase order immediately to prevent stockout
2026-09-07,S03,P442,Snacks,Crispo,42,0,410,12,1.0,HIGH,380,Current closing stock (42 units) is at or below reorder threshold (108 units) | Critically low days of inventory (0.8 days remaining based on 7-day trend) | 7-day forecasted demand (402 units) exceeds available stock (42 units),CRITICAL: Issue emergency purchase order immediately to prevent stockout
2026-09-07,S04,P442,Snacks,Crispo,107,76,534,18,1.0,HIGH,369,Critically low days of inventory (1.4 days remaining based on 7-day trend) | 7-day forecasted demand (500 units) exceeds available stock (107 units),CRITICAL: Issue emergency purchase order immediately to prevent stockout
2026-09-07,S02,P205,Personal Care,GlowCare,28,0,177,5,1.0,HIGH,154,Current closing stock (28 units) is at or below reorder threshold (50 units) | Critically low days of inventory (1.0 days remaining based on 7-day trend) | 7-day forecasted demand (165 units) exceeds available stock (28 units),CRITICAL: Issue emergency purchase order immediately to prevent stockout
2026-09-07,S01,P205,Personal Care,GlowCare,23,0,131,8,1.0,HIGH,116,Current closing stock (23 units) is at or below reorder threshold (38 units) | Critically low days of inventory (1.1 days remaining based on 7-day trend) | 7-day forecasted demand (135 units) exceeds available stock (23 units),CRITICAL: Issue emergency purchase order immediately to prevent stockout
2026-09-07,S04,P205,Personal Care,GlowCare,18,0,116,6,1.0,HIGH,104,Current closing stock (18 units) is at or below reorder threshold (27 units) | Critically low days of inventory (1.1 days remaining based on 7-day trend) | 7-day forecasted demand (121 units) exceeds available stock (18 units) | Supplier replenishment lead time is relatively high (3 days),CRITICAL: Issue emergency purchase order immediately to prevent stockout
2026-09-07,S03,P205,Personal Care,GlowCare,12,0,98,3,1.0,HIGH,89,Current closing stock (12 units) is at or below reorder threshold (25 units) | Critically low days of inventory (0.9 days remaining based on 7-day trend) | 7-day forecasted demand (95 units) exceeds available stock (12 units) | Supplier replenishment lead time is relatively high (3 days),URGENT: Place purchase order within 24 hours to replenish stock
2026-09-07,S02,P330,Beverages,FizzUp,414,195,1189,54,0.0,LOW,634,Critically low days of inventory (2.6 days remaining based on 7-day trend) | 7-day forecasted demand (1213 units) exceeds available stock (414 units),CRITICAL: Issue emergency purchase order immediately to prevent stockout
2026-09-07,S04,P330,Beverages,FizzUp,286,119,834,59,0.0,LOW,488,Critically low days of inventory (2.6 days remaining based on 7-day trend) | 7-day forecasted demand (818 units) exceeds available stock (286 units) | Supplier replenishment lead time is relatively high (3 days),CRITICAL: Issue emergency purchase order immediately to prevent stockout
2026-09-08,S01,P330,Beverages,FizzUp,136,0,921,38,1.0,HIGH,823,Current closing stock (136 units) is at or below reorder threshold (263 units) | Critically low days of inventory (1.1 days remaining based on 7-day trend) | 7-day forecasted demand (869 units) exceeds available stock (136 units) | Supplier replenishment lead time is relatively high (4 days),CRITICAL: Issue emergency purchase order immediately to prevent stockout
2026-09-08,S04,P330,Beverages,FizzUp,59,0,835,34,1.0,HIGH,810,Current closing stock (59 units) is at or below reorder threshold (197 units) | Critically low days of inventory (0.5 days remaining based on 7-day trend) | 7-day forecasted demand (807 units) exceeds available stock (59 units),CRITICAL: Issue emergency purchase order immediately to prevent stockout
2026-09-08,S01,P101,Dairy,Aavin,66,0,731,26,1.0,HIGH,691,Current closing stock (66 units) is at or below reorder threshold (157 units) | Critically low days of inventory (0.6 days remaining based on 7-day trend) | 7-day forecasted demand (703 units) exceeds available stock (66 units),CRITICAL: Issue emergency purchase order immediately to prevent stockout
2026-09-08,S04,P101,Dairy,Aavin,60,0,679,47,1.0,HIGH,666,Current closing stock (60 units) is at or below reorder threshold (132 units) | Critically low days of inventory (0.7 days remaining based on 7-day trend) | 7-day forecasted demand (635 units) exceeds available stock (60 units) | Supplier replenishment lead time is relatively high (3 days),CRITICAL: Issue emergency purchase order immediately to prevent stockout
2026-09-08,S02,P442,Snacks,Crispo,165,80,826,20,1.0,HIGH,601,Current closing stock (165 units) is at or below reorder threshold (172 units) | Critically low days of inventory (1.5 days remaining based on 7-day trend) | 7-day forecasted demand (799 units) exceeds available stock (165 units),CRITICAL: Issue emergency purchase order immediately to prevent stockout
2026-09-08,S03,P330,Beverages,FizzUp,95,0,637,25,1.0,HIGH,567,Current closing stock (95 units) is at or below reorder threshold (144 units) | Critically low days of inventory (1.0 days remaining based on 7-day trend) | 7-day forecasted demand (643 units) exceeds available stock (95 units),CRITICAL: Issue emergency purchase order immediately to prevent stockout
2026-09-08,S03,P442,Snacks,Crispo,77,0,397,14,1.0,HIGH,334,Current closing stock (77 units) is at or below reorder threshold (84 units) | Critically low days of inventory (1.4 days remaining based on 7-day trend) | 7-day forecasted demand (403 units) exceeds available stock (77 units),CRITICAL: Issue emergency purchase order immediately to prevent stockout
2026-09-08,S02,P205,Personal Care,GlowCare,19,0,178,5,1.0,HIGH,164,Current closing stock (19 units) is at or below reorder threshold (46 units) | Critically low days of inventory (0.7 days remaining based on 7-day trend) | 7-day forecasted demand (172 units) exceeds available stock (19 units),CRITICAL: Issue emergency purchase order immediately to prevent stockout
2026-09-08,S04,P205,Personal Care,GlowCare,15,0,115,5,1.0,HIGH,105,Current closing stock (15 units) is at or below reorder threshold (29 units) | Critically low days of inventory (0.9 days remaining based on 7-day trend) | 7-day forecasted demand (126 units) exceeds available stock (15 units),CRITICAL: Issue emergency purchase order immediately to prevent stockout
2026-09-08,S03,P205,Personal Care,GlowCare,17,1,98,4,1.0,HIGH,84,Current closing stock (17 units) is at or below reorder threshold (21 units) | Critically low days of inventory (1.2 days remaining based on 7-day trend) | 7-day forecasted demand (93 units) exceeds available stock (17 units) | Supplier replenishment lead time is relatively high (3 days),URGENT: Place purchase order within 24 hours to replenish stock
2026-09-08,S02,P330,Beverages,FizzUp,296,136,1170,76,0.0,LOW,814,Critically low days of inventory (1.9 days remaining based on 7-day trend) | 7-day forecasted demand (1213 units) exceeds available stock (296 units) | Supplier replenishment lead time is relatively high (3 days),CRITICAL: Issue emergency purchase order immediately to prevent stockout
2026-09-08,S01,P442,Snacks,Crispo,166,94,582,25,0.0,LOW,347,Critically low days of inventory (2.0 days remaining based on 7-day trend) | 7-day forecasted demand (555 units) exceeds available stock (166 units),CRITICAL: Issue emergency purchase order immediately to prevent stockout
2026-09-08,S04,P442,Snacks,Crispo,158,87,544,22,0.0,LOW,321,Critically low days of inventory (2.0 days remaining based on 7-day trend) | 7-day forecasted demand (499 units) exceeds available stock (158 units) | Supplier replenishment lead time is relatively high (4 days),CRITICAL: Issue emergency purchase order immediately to prevent stockout
2026-09-08,S03,P101,Dairy,Aavin,194,87,514,21,0.0,LOW,254,Critically low days of inventory (2.8 days remaining based on 7-day trend) | 7-day forecasted demand (509 units) exceeds available stock (194 units) | Supplier replenishment lead time is relatively high (3 days),CRITICAL: Issue emergency purchase order immediately to prevent stockout
2026-09-08,S01,P205,Personal Care,GlowCare,44,19,133,10,0.0,LOW,80,Critically low days of inventory (2.1 days remaining based on 7-day trend) | 7-day forecasted demand (134 units) exceeds available stock (44 units) | Supplier replenishment lead time is relatively high (4 days),URGENT: Place purchase order within 24 hours to replenish stock
2026-09-08,S02,P101,Dairy,Aavin,245,122,984,61,0.4242,MEDIUM,678,Critically low days of inventory (1.8 days remaining based on 7-day trend) | 7-day forecasted demand (933 units) exceeds available stock (245 units) | Supplier replenishment lead time is relatively high (4 days),CRITICAL: Issue emergency purchase order immediately to prevent stockout
