transaction_id,date,store_id,product_id,quantity,selling_price,discount_pct,promotion_flag,customer_id,payment_mode,hour
T1001,2026-08-01,S01,P101,39,60.0,0.0,0,C882,Card,12
T1002,2026-08-01,S01,P101,26,60.0,0.0,0,C786,Card,12
T1003,2026-08-01,S01,P101,-2,60.0,0.0,0,C662,Cash,12
T1004,2026-08-01,S01,P205,18,120.0,0.0,1,C876,Card,21
T1005,2026-08-01,S01,P205,4,120.0,0.0,1,C664,Card,21
T1006,2026-08-01,S01,P205,4,120.0,0.0,1,C439,Cash,21
T1007,2026-08-01,S01,P330,63,50.0,0.0,0,C829,Card,12
T1008,2026-08-01,S01,P330,52,50.0,0.0,0,C301,Card,12
T1009,2026-08-01,S01,P330,30,50.0,0.0,0,C369,Cash,12
T1010,2026-08-01,S01,P442,40,35.0,0.0,0,C956,Cash,19
T1011,2026-08-01,S01,P442,23,35.0,0.0,0,C620,UPI,19
T1012,2026-08-01,S01,P442,11,35.0,0.0,0,C747,Cash,19
T1013,2026-08-01,S02,P101,72,60.0,0.0,0,C904,Cash,21
T1014,2026-08-01,S02,P101,43,60.0,0.0,0,C783,Card,21
T1015,2026-08-01,S02,P101,32,60.0,0.0,0,C646,UPI,21
T1016,2026-08-01,S02,P205,14,120.0,0.0,0,C114,Card,19
T1017,2026-08-01,S02,P205,9,120.0,0.0,0,C653,UPI,19
T1018,2026-08-01,S02,P205,6,120.0,0.0,0,C790,Cash,19
T1019,2026-08-01,S02,P330,90,50.0,0.0,0,C677,Card,19
T1020,2026-08-01,S02,P330,45,50.0,0.0,0,C656,Card,19
T1021,2026-08-01,S02,P330,37,50.0,0.0,0,C745,Card,19
T1022,2026-08-01,S02,P442,49,35.0,0.0,0,C844,Cash,10
T1023,2026-08-01,S02,P442,25,35.0,0.0,0,C458,Card,10
T1024,2026-08-01,S02,P442,22,35.0,0.0,0,C555,Cash,10
T1025,2026-08-01,S03,P101,41,60.0,0.0,1,C712,UPI,11
T1026,2026-08-01,S03,P101,23,60.0,0.0,1,C180,Cash,11
T1027,2026-08-01,S03,P101,19,60.0,0.0,1,C212,Card,11
T1028,2026-08-01,S03,P205,7,120.0,0.0,0,C346,Cash,17
T1029,2026-08-01,S03,P205,4,120.0,0.0,0,C302,Cash,17
T1030,2026-08-01,S03,P205,3,120.0,0.0,0,C500,Cash,17
T1031,2026-08-01,S03,P330,40,50.0,0.0,0,C963,Cash,9
T1032,2026-08-01,S03,P330,31,50.0,0.0,0,C919,UPI,9
T1033,2026-08-01,S03,P330,16,50.0,0.0,0,C739,Cash,9
T1034,2026-08-01,S03,P442,26,35.0,0.0,0,C723,UPI,19
T1035,2026-08-01,S03,P442,21,35.0,0.0,0,C671,UPI,19
T1036,2026-08-01,S03,P442,10,35.0,0.0,0,C101,UPI,19
T1037,2026-08-01,S04,P101,52,60.0,0.0,1,C686,UPI,20
T1038,2026-08-01,S04,P101,43,60.0,0.0,1,C519,Card,20
T1039,2026-08-01,S04,P101,31,60.0,0.0,1,C203,Card,20
T1040,2026-08-01,S04,P205,8,120.0,0.0,0,C260,UPI,17
T1041,2026-08-01,S04,P205,2,120.0,0.0,0,C497,UPI,17
T1042,2026-08-01,S04,P205,7,120.0,0.0,0,C915,Cash,17
T1043,2026-08-01,S04,P330,54,50.0,0.0,0,C325,UPI,21
T1044,2026-08-01,S04,P330,32,50.0,0.0,0,C897,UPI,21
T1045,2026-08-01,S04,P330,24,50.0,0.0,0,C383,Cash,21
T1046,2026-08-01,S04,P442,34,35.0,0.0,0,C136,UPI,9
T1047,2026-08-01,S04,P442,19,35.0,0.0,0,C596,Card,9
T1048,2026-08-01,S04,P442,16,35.0,0.0,0,C280,Cash,9
T1049,2026-08-02,S01,P101,58,60.0,0.0,0,C507,UPI,17
T1050,2026-08-02,S01,P101,34,60.0,0.0,0,C927,Card,17
T1051,2026-08-02,S01,P101,19,60.0,0.0,0,C924,UPI,17
T1052,2026-08-02,S01,P205,7,120.0,0.0,0,C953,Cash,13
T1053,2026-08-02,S01,P205,7,120.0,0.0,0,C764,Card,13
T1054,2026-08-02,S01,P205,5,120.0,0.0,0,C674,Card,13
T1055,2026-08-02,S01,P330,77,47.5,5.0,1,C983,Card,19
T1056,2026-08-02,S01,P330,47,47.5,5.0,1,C146,Cash,19
T1057,2026-08-02,S01,P330,33,47.5,5.0,1,C922,UPI,19
T1058,2026-08-02,S01,P442,39,35.0,0.0,0,C890,Cash,13
T1059,2026-08-02,S01,P442,16,35.0,0.0,0,C492,UPI,13
T1060,2026-08-02,S01,P442,20,35.0,0.0,0,C740,Card,13
T1061,2026-08-02,S02,P101,59,60.0,0.0,0,C755,Cash,21
T1062,2026-08-02,S02,P101,43,60.0,0.0,0,C185,UPI,21
T1063,2026-08-02,S02,P101,24,60.0,0.0,0,C384,Card,21
T1064,2026-08-02,S02,P205,15,120.0,0.0,0,C388,Card,10
T1065,2026-08-02,S02,P205,9,120.0,0.0,0,C833,UPI,10
T1066,2026-08-02,S02,P205,6,120.0,0.0,0,C122,Card,10
T1067,2026-08-02,S02,P330,121,47.5,5.0,1,C995,Cash,18
T1068,2026-08-02,S02,P330,68,47.5,5.0,1,C951,Card,18
T1069,2026-08-02,S02,P330,46,47.5,5.0,1,C774,UPI,18
T1070,2026-08-02,S02,P442,59,35.0,0.0,0,C401,Card,18
T1071,2026-08-02,S02,P442,36,35.0,0.0,0,C352,Cash,18
T1072,2026-08-02,S02,P442,19,35.0,0.0,0,C853,Cash,18
T1073,2026-08-02,S03,P101,44,60.0,0.0,1,C828,UPI,19
T1074,2026-08-02,S03,P101,33,60.0,0.0,1,C860,Card,19
T1075,2026-08-02,S03,P101,12,60.0,0.0,1,C968,UPI,19
T1076,2026-08-02,S03,P205,5,120.0,0.0,0,C136,UPI,19
T1077,2026-08-02,S03,P205,2,120.0,0.0,0,C794,UPI,19
T1078,2026-08-02,S03,P205,5,120.0,0.0,0,C378,UPI,19
T1079,2026-08-02,S03,P330,45,50.0,0.0,0,C554,Card,13
T1080,2026-08-02,S03,P330,40,50.0,0.0,0,C834,Cash,13
T1081,2026-08-02,S03,P330,18,50.0,0.0,0,C605,Cash,13
T1082,2026-08-02,S03,P442,33,35.0,0.0,0,C141,Card,19
T1083,2026-08-02,S03,P442,19,35.0,0.0,0,C497,Cash,19
T1084,2026-08-02,S03,P442,7,35.0,0.0,0,C733,UPI,19
T1085,2026-08-02,S04,P101,62,60.0,0.0,1,C894,Card,20
T1086,2026-08-02,S04,P101,31,60.0,0.0,1,C293,UPI,20
T1087,2026-08-02,S04,P101,19,60.0,0.0,1,C128,UPI,20
T1088,2026-08-02,S04,P205,14,120.0,0.0,0,C169,Cash,21
T1089,2026-08-02,S04,P205,2,120.0,0.0,0,C886,UPI,21
T1090,2026-08-02,S04,P205,2,120.0,0.0,0,C975,Card,21
T1091,2026-08-02,S04,P330,80,45.0,10.0,1,C216,Card,19
T1092,2026-08-02,S04,P330,52,45.0,10.0,1,C157,UPI,19
T1093,2026-08-02,S04,P330,31,45.0,10.0,1,C771,UPI,19
T1094,2026-08-02,S04,P442,42,35.0,0.0,0,C404,Card,11
T1095,2026-08-02,S04,P442,25,35.0,0.0,0,C242,Cash,11
T1096,2026-08-02,S04,P442,12,35.0,0.0,0,C612,UPI,11
T1097,2026-08-03,S01,P101,43,60.0,0.0,0,C976,UPI,21
T1098,2026-08-03,S01,P101,22,60.0,0.0,0,C218,UPI,21
T1099,2026-08-03,S01,P101,21,60.0,0.0,0,C473,UPI,21
T1100,2026-08-03,S01,P205,12,120.0,0.0,0,C709,UPI,21
T1101,2026-08-03,S01,P205,3,120.0,0.0,0,C198,Cash,21
T1102,2026-08-03,S01,P205,4,120.0,0.0,0,C484,UPI,21
T1103,2026-08-03,S01,P330,65,50.0,0.0,0,C556,Card,19
T1104,2026-08-03,S01,P330,37,50.0,0.0,0,C100,Cash,19
T1105,2026-08-03,S01,P330,20,50.0,0.0,0,C784,UPI,19
T1106,2026-08-03,S01,P442,32,35.0,0.0,0,C833,Cash,10
T1107,2026-08-03,S01,P442,29,35.0,0.0,0,C924,UPI,10
T1108,2026-08-03,S01,P442,20,35.0,0.0,0,C723,Cash,10
T1109,2026-08-03,S02,P101,62,60.0,0.0,0,C534,Cash,21
T1110,2026-08-03,S02,P101,41,60.0,0.0,0,C407,UPI,21
T1111,2026-08-03,S02,P101,28,60.0,0.0,0,C265,UPI,21
T1112,2026-08-03,S02,P205,13,120.0,0.0,0,C884,UPI,19
T1113,2026-08-03,S02,P205,6,120.0,0.0,0,C645,Card,19
T1114,2026-08-03,S02,P205,7,120.0,0.0,0,C152,Card,19
T1115,2026-08-03,S02,P330,98,50.0,0.0,0,C771,Card,13
T1116,2026-08-03,S02,P330,71,50.0,0.0,0,C160,Card,13
T1117,2026-08-03,S02,P330,31,50.0,0.0,0,C150,Cash,13
T1118,2026-08-03,S02,P442,52,35.0,0.0,1,C829,UPI,17
T1119,2026-08-03,S02,P442,36,35.0,0.0,1,C172,Card,17
T1120,2026-08-03,S02,P442,18,35.0,0.0,1,C348,Cash,17
T1121,2026-08-03,S03,P101,44,54.0,10.0,1,C573,Cash,11
T1122,2026-08-03,S03,P101,25,54.0,10.0,1,C177,Card,11
T1123,2026-08-03,S03,P101,17,54.0,10.0,1,C464,Card,11
T1124,2026-08-03,S03,P205,9,120.0,0.0,0,C982,Cash,9
T1125,2026-08-03,S03,P205,3,120.0,0.0,0,C291,UPI,9
T1126,2026-08-03,S03,P205,2,120.0,0.0,0,C730,UPI,9
T1127,2026-08-03,S03,P330,44,50.0,0.0,0,C133,Cash,19
T1128,2026-08-03,S03,P330,34,50.0,0.0,0,C875,UPI,19
T1129,2026-08-03,S03,P330,23,50.0,0.0,0,C847,Cash,19
T1130,2026-08-03,S03,P442,38,35.0,0.0,0,C388,UPI,12
T1131,2026-08-03,S03,P442,12,35.0,0.0,0,C761,UPI,12
T1132,2026-08-03,S03,P442,9,35.0,0.0,0,C809,Card,12
T1133,2026-08-03,S04,P101,50,60.0,0.0,1,C745,Card,13
T1134,2026-08-03,S04,P101,27,60.0,0.0,1,C980,Card,13
T1135,2026-08-03,S04,P101,24,60.0,0.0,1,C603,Card,13
T1136,2026-08-03,S04,P205,6,120.0,0.0,0,C935,Cash,20
T1137,2026-08-03,S04,P205,3,120.0,0.0,0,C823,UPI,20
T1138,2026-08-03,S04,P205,6,120.0,0.0,0,C631,UPI,20
T1139,2026-08-03,S04,P330,52,50.0,0.0,0,C749,Card,17
T1140,2026-08-03,S04,P330,37,50.0,0.0,0,C112,Card,17
T1141,2026-08-03,S04,P330,18,50.0,0.0,0,C695,UPI,17
T1142,2026-08-03,S04,P442,35,35.0,0.0,0,C335,Card,12
T1143,2026-08-03,S04,P442,12,35.0,0.0,0,C433,UPI,12
T1144,2026-08-03,S04,P442,12,35.0,0.0,0,C475,Cash,12
T1145,2026-08-04,S01,P101,52,60.0,0.0,0,C602,Card,17
T1146,2026-08-04,S01,P101,28,60.0,0.0,0,C920,Cash,17
T1147,2026-08-04,S01,P101,17,60.0,0.0,0,C138,Cash,17
T1148,2026-08-04,S01,P205,13,102.0,15.0,1,C256,Card,17
T1149,2026-08-04,S01,P205,6,102.0,15.0,1,C540,UPI,17
T1150,2026-08-04,S01,P205,4,102.0,15.0,1,C510,Cash,17
T1151,2026-08-04,S01,P330,65,50.0,0.0,0,C194,Cash,10
T1152,2026-08-04,S01,P330,40,50.0,0.0,0,C854,Card,10
T1153,2026-08-04,S01,P330,30,50.0,0.0,0,C910,Cash,10
T1154,2026-08-04,S01,P442,38,35.0,0.0,0,C715,Cash,12
T1155,2026-08-04,S01,P442,22,35.0,0.0,0,C559,UPI,12
T1156,2026-08-04,S01,P442,12,35.0,0.0,0,C987,UPI,12
T1157,2026-08-04,S02,P101,67,60.0,0.0,1,C535,UPI,10
T1158,2026-08-04,S02,P101,51,60.0,0.0,1,C216,Card,10
T1159,2026-08-04,S02,P101,32,60.0,0.0,1,C902,Cash,10
T1160,2026-08-04,S02,P205,13,120.0,0.0,0,C975,Cash,19
T1161,2026-08-04,S02,P205,9,120.0,0.0,0,C278,Card,19
T1162,2026-08-04,S02,P205,4,120.0,0.0,0,C763,UPI,19
T1163,2026-08-04,S02,P330,74,50.0,0.0,0,C247,Card,11
T1164,2026-08-04,S02,P330,44,50.0,0.0,0,C441,Cash,11
T1165,2026-08-04,S02,P330,29,50.0,0.0,0,C800,UPI,11
T1166,2026-08-04,S02,P442,59,33.25,5.0,1,C243,Cash,12
T1167,2026-08-04,S02,P442,32,33.25,5.0,1,C117,UPI,12
T1168,2026-08-04,S02,P442,20,33.25,5.0,1,C689,Cash,12
T1169,2026-08-04,S03,P101,29,60.0,0.0,0,C977,Card,12
T1170,2026-08-04,S03,P101,24,60.0,0.0,0,C479,UPI,12
T1171,2026-08-04,S03,P101,13,60.0,0.0,0,C186,Cash,12
T1172,2026-08-04,S03,P205,5,120.0,0.0,0,C427,Card,11
T1173,2026-08-04,S03,P205,5,120.0,0.0,0,C860,Cash,11
T1174,2026-08-04,S03,P205,3,120.0,0.0,0,C328,Cash,11
T1175,2026-08-04,S03,P330,49,50.0,0.0,0,C834,Cash,20
T1176,2026-08-04,S03,P330,29,50.0,0.0,0,C106,Card,20
T1177,2026-08-04,S03,P330,15,50.0,0.0,0,C874,UPI,20
T1178,2026-08-04,S03,P442,29,35.0,0.0,0,C485,Cash,21
T1179,2026-08-04,S03,P442,17,35.0,0.0,0,C570,Cash,21
T1180,2026-08-04,S03,P442,10,35.0,0.0,0,C495,UPI,21
T1181,2026-08-04,S04,P101,55,60.0,0.0,0,C651,Card,19
T1182,2026-08-04,S04,P101,25,60.0,0.0,0,C336,UPI,19
T1183,2026-08-04,S04,P101,14,60.0,0.0,0,C458,UPI,19
T1184,2026-08-04,S04,P205,9,120.0,0.0,0,C227,UPI,19
T1185,2026-08-04,S04,P205,3,120.0,0.0,0,C141,UPI,19
T1186,2026-08-04,S04,P205,4,120.0,0.0,0,C133,UPI,19
T1187,2026-08-04,S04,P330,57,42.5,15.0,1,C784,UPI,19
T1188,2026-08-04,S04,P330,35,42.5,15.0,1,C575,Card,19
T1189,2026-08-04,S04,P330,24,42.5,15.0,1,C733,Card,19
T1190,2026-08-04,S04,P442,22,35.0,0.0,0,C286,Cash,9
T1191,2026-08-04,S04,P442,19,35.0,0.0,0,C843,Cash,9
T1192,2026-08-04,S04,P442,20,35.0,0.0,0,C409,Card,9
T1193,2026-08-05,S01,P101,53,60.0,0.0,0,C374,UPI,19
T1194,2026-08-05,S01,P101,29,60.0,0.0,0,C143,Cash,19
T1195,2026-08-05,S01,P101,20,60.0,0.0,0,C916,UPI,19
T1196,2026-08-05,S01,P205,10,120.0,0.0,0,C826,UPI,20
T1197,2026-08-05,S01,P205,3,120.0,0.0,0,C473,Card,20
T1198,2026-08-05,S01,P205,4,120.0,0.0,0,C299,UPI,20
T1199,2026-08-05,S01,P330,78,50.0,0.0,0,C501,Cash,9
T1200,2026-08-05,S01,P330,27,50.0,0.0,0,C589,Cash,9
T1201,2026-08-05,S01,P330,25,50.0,0.0,0,C372,Card,9
T1202,2026-08-05,S01,P442,41,35.0,0.0,0,C615,UPI,17
T1203,2026-08-05,S01,P442,19,35.0,0.0,0,C496,Card,17
T1204,2026-08-05,S01,P442,16,35.0,0.0,0,C260,UPI,17
T1205,2026-08-05,S02,P101,85,51.0,15.0,1,C458,UPI,19
T1206,2026-08-05,S02,P101,41,51.0,15.0,1,C676,Card,19
T1207,2026-08-05,S02,P101,36,51.0,15.0,1,C788,Cash,19
T1208,2026-08-05,S02,P205,7,120.0,0.0,0,C684,Cash,9
T1209,2026-08-05,S02,P205,6,120.0,0.0,0,C916,UPI,9
T1210,2026-08-05,S02,P205,11,120.0,0.0,0,C443,Cash,9
T1211,2026-08-05,S02,P330,80,50.0,0.0,0,C342,UPI,21
T1212,2026-08-05,S02,P330,63,50.0,0.0,0,C465,Card,21
T1213,2026-08-05,S02,P330,23,50.0,0.0,0,C206,Card,21
T1214,2026-08-05,S02,P442,61,35.0,0.0,1,C518,Card,17
T1215,2026-08-05,S02,P442,45,35.0,0.0,1,C949,Card,17
T1216,2026-08-05,S02,P442,25,35.0,0.0,1,C244,Cash,17
T1217,2026-08-05,S03,P101,35,60.0,0.0,0,C837,Card,13
T1218,2026-08-05,S03,P101,24,60.0,0.0,0,C620,Cash,13
T1219,2026-08-05,S03,P101,8,60.0,0.0,0,C139,UPI,13
T1220,2026-08-05,S03,P205,7,120.0,0.0,0,C787,UPI,9
T1221,2026-08-05,S03,P205,2,120.0,0.0,0,C895,UPI,9
T1222,2026-08-05,S03,P205,5,120.0,0.0,0,C692,Card,9
T1223,2026-08-05,S03,P330,33,50.0,0.0,0,C915,UPI,20
T1224,2026-08-05,S03,P330,39,50.0,0.0,0,C880,Cash,20
T1225,2026-08-05,S03,P330,19,50.0,0.0,0,C656,UPI,20
T1226,2026-08-05,S03,P442,28,35.0,0.0,0,C462,UPI,20
T1227,2026-08-05,S03,P442,26,35.0,0.0,0,C769,Cash,20
T1228,2026-08-05,S03,P442,11,35.0,0.0,0,C181,Card,20
T1229,2026-08-05,S04,P101,56,57.0,5.0,1,C685,UPI,11
T1230,2026-08-05,S04,P101,25,57.0,5.0,1,C323,Card,11
T1231,2026-08-05,S04,P101,20,57.0,5.0,1,C930,Cash,11
T1232,2026-08-05,S04,P205,9,120.0,0.0,0,C985,UPI,11
T1233,2026-08-05,S04,P205,4,120.0,0.0,0,C121,Card,11
T1234,2026-08-05,S04,P205,3,120.0,0.0,0,C219,Cash,11
T1235,2026-08-05,S04,P330,53,50.0,0.0,0,C558,Card,9
T1236,2026-08-05,S04,P330,36,50.0,0.0,0,C637,Card,9
T1237,2026-08-05,S04,P330,23,50.0,0.0,0,C529,Card,9
T1238,2026-08-05,S04,P442,32,35.0,0.0,0,C183,Card,20
T1239,2026-08-05,S04,P442,17,35.0,0.0,0,C558,Cash,20
T1240,2026-08-05,S04,P442,15,35.0,0.0,0,C806,UPI,20
T1241,2026-08-06,S01,P101,48,60.0,0.0,0,C927,Card,19
T1242,2026-08-06,S01,P101,36,60.0,0.0,0,C998,Card,19
T1243,2026-08-06,S01,P101,14,60.0,0.0,0,C626,UPI,19
T1244,2026-08-06,S01,P205,9,120.0,0.0,0,C600,UPI,11
T1245,2026-08-06,S01,P205,8,120.0,0.0,0,C485,Cash,11
T1246,2026-08-06,S01,P205,2,120.0,0.0,0,C163,UPI,11
T1247,2026-08-06,S01,P330,42,50.0,0.0,0,C313,Cash,19
T1248,2026-08-06,S01,P330,42,50.0,0.0,0,C187,UPI,19
T1249,2026-08-06,S01,P330,17,50.0,0.0,0,C500,UPI,19
T1250,2026-08-06,S01,P442,43,35.0,0.0,0,C688,Card,9
T1251,2026-08-06,S01,P442,27,35.0,0.0,0,C202,Card,9
T1252,2026-08-06,S01,P442,11,35.0,0.0,0,C265,Cash,9
T1253,2026-08-06,S02,P101,72,60.0,0.0,1,C959,Card,18
T1254,2026-08-06,S02,P101,42,60.0,0.0,1,C183,Card,18
T1255,2026-08-06,S02,P101,41,60.0,0.0,1,C210,Cash,18
T1256,2026-08-06,S02,P205,14,120.0,0.0,0,C973,Card,17
T1257,2026-08-06,S02,P205,7,120.0,0.0,0,C111,Cash,17
T1258,2026-08-06,S02,P205,5,120.0,0.0,0,C623,UPI,17
T1259,2026-08-06,S02,P330,90,50.0,0.0,0,C451,UPI,18
T1260,2026-08-06,S02,P330,44,50.0,0.0,0,C158,Cash,18
T1261,2026-08-06,S02,P330,36,50.0,0.0,0,C813,Cash,18
T1262,2026-08-06,S02,P442,60,29.75,15.0,1,C251,Card,19
T1263,2026-08-06,S02,P442,24,29.75,15.0,1,C788,Cash,19
T1264,2026-08-06,S02,P442,29,29.75,15.0,1,C707,UPI,19
T1265,2026-08-06,S03,P101,39,60.0,0.0,0,C629,UPI,21
T1266,2026-08-06,S03,P101,21,60.0,0.0,0,C836,Cash,21
T1267,2026-08-06,S03,P101,13,60.0,0.0,0,C893,Card,21
T1268,2026-08-06,S03,P205,11,120.0,0.0,1,C603,Cash,11
T1269,2026-08-06,S03,P205,4,120.0,0.0,1,C183,Card,11
T1270,2026-08-06,S03,P205,2,120.0,0.0,1,C842,Card,11
T1271,2026-08-06,S03,P330,52,50.0,0.0,0,C704,Card,10
T1272,2026-08-06,S03,P330,30,50.0,0.0,0,C943,Card,10
T1273,2026-08-06,S03,P330,14,50.0,0.0,0,C460,UPI,10
T1274,2026-08-06,S03,P442,31,31.5,10.0,1,C303,UPI,13
T1275,2026-08-06,S03,P442,18,31.5,10.0,1,C404,UPI,13
T1276,2026-08-06,S03,P442,10,31.5,10.0,1,C731,Cash,13
T1277,2026-08-06,S04,P101,52,51.0,15.0,1,C589,UPI,21
T1278,2026-08-06,S04,P101,35,51.0,15.0,1,C341,Cash,21
T1279,2026-08-06,S04,P101,13,51.0,15.0,1,C910,Card,21
T1280,2026-08-06,S04,P205,7,120.0,0.0,0,C250,Card,17
T1281,2026-08-06,S04,P205,5,120.0,0.0,0,C912,Card,17
T1282,2026-08-06,S04,P205,3,120.0,0.0,0,C845,Cash,17
T1283,2026-08-06,S04,P330,68,50.0,0.0,0,C244,Card,20
T1284,2026-08-06,S04,P330,28,50.0,0.0,0,C747,Cash,20
T1285,2026-08-06,S04,P330,18,50.0,0.0,0,C843,UPI,20
T1286,2026-08-06,S04,P442,30,35.0,0.0,0,C260,UPI,21
T1287,2026-08-06,S04,P442,20,35.0,0.0,0,C188,UPI,21
T1288,2026-08-06,S04,P442,11,35.0,0.0,0,C684,UPI,21
T1289,2026-08-07,S01,P101,67,60.0,0.0,0,C721,Card,17
T1290,2026-08-07,S01,P101,29,60.0,0.0,0,C941,Card,17
T1291,2026-08-07,S01,P101,20,60.0,0.0,0,C876,Cash,17
T1292,2026-08-07,S01,P205,9,120.0,0.0,1,C399,Cash,10
T1293,2026-08-07,S01,P205,9,120.0,0.0,1,C142,Cash,10
T1294,2026-08-07,S01,P205,6,120.0,0.0,1,C425,Card,10
T1295,2026-08-07,S01,P330,60,50.0,0.0,0,C433,UPI,13
T1296,2026-08-07,S01,P330,41,50.0,0.0,0,C472,Card,13
T1297,2026-08-07,S01,P330,21,50.0,0.0,0,C638,UPI,13
T1298,2026-08-07,S01,P442,35,35.0,0.0,0,C138,UPI,13
T1299,2026-08-07,S01,P442,22,35.0,0.0,0,C258,Cash,13
T1300,2026-08-07,S01,P442,21,35.0,0.0,0,C411,UPI,13
T1301,2026-08-07,S02,P101,60,60.0,0.0,0,C319,UPI,10
T1302,2026-08-07,S02,P101,44,60.0,0.0,0,C125,UPI,10
T1303,2026-08-07,S02,P101,30,60.0,0.0,0,C882,Card,10
T1304,2026-08-07,S02,P205,11,120.0,0.0,0,C630,Cash,11
T1305,2026-08-07,S02,P205,6,120.0,0.0,0,C301,UPI,11
T1306,2026-08-07,S02,P205,2,120.0,0.0,0,C245,Cash,11
T1307,2026-08-07,S02,P330,81,50.0,0.0,0,C622,Card,17
T1308,2026-08-07,S02,P330,45,50.0,0.0,0,C689,UPI,17
T1309,2026-08-07,S02,P330,35,50.0,0.0,0,C608,UPI,17
T1310,2026-08-07,S02,P442,58,35.0,0.0,0,C379,Card,17
T1311,2026-08-07,S02,P442,40,35.0,0.0,0,C630,Card,17
T1312,2026-08-07,S02,P442,14,35.0,0.0,0,C201,Card,17
T1313,2026-08-07,S03,P101,38,60.0,0.0,0,C741,UPI,11
T1314,2026-08-07,S03,P101,16,60.0,0.0,0,C527,Cash,11
T1315,2026-08-07,S03,P101,10,60.0,0.0,0,C259,UPI,11
T1316,2026-08-07,S03,P205,7,120.0,0.0,0,C869,Card,12
T1317,2026-08-07,S03,P205,5,120.0,0.0,0,C308,Cash,12
T1318,2026-08-07,S03,P330,48,42.5,15.0,1,C111,UPI,11
T1319,2026-08-07,S03,P330,36,42.5,15.0,1,C499,Cash,11
T1320,2026-08-07,S03,P330,23,42.5,15.0,1,C755,Card,11
T1321,2026-08-07,S03,P442,22,35.0,0.0,0,C183,Card,19
T1322,2026-08-07,S03,P442,15,35.0,0.0,0,C505,Card,19
T1323,2026-08-07,S03,P442,12,35.0,0.0,0,C555,Cash,19
T1324,2026-08-07,S04,P101,49,60.0,0.0,0,C279,Card,10
T1325,2026-08-07,S04,P101,19,60.0,0.0,0,C506,Card,10
T1326,2026-08-07,S04,P101,11,60.0,0.0,0,C295,Card,10
T1327,2026-08-07,S04,P205,7,120.0,0.0,0,C777,Card,13
T1328,2026-08-07,S04,P205,5,120.0,0.0,0,C528,Cash,13
T1329,2026-08-07,S04,P205,2,120.0,0.0,0,C257,Card,13
T1330,2026-08-07,S04,P330,49,50.0,0.0,0,C194,Card,21
T1331,2026-08-07,S04,P330,34,50.0,0.0,0,C932,Card,21
T1332,2026-08-07,S04,P330,20,50.0,0.0,0,C435,Card,21
T1333,2026-08-07,S04,P442,33,29.75,15.0,1,C272,UPI,10
T1334,2026-08-07,S04,P442,28,29.75,15.0,1,C642,Card,10
T1335,2026-08-07,S04,P442,14,29.75,15.0,1,C631,Card,10
T1336,2026-08-08,S01,P101,55,60.0,0.0,0,C330,Card,9
T1337,2026-08-08,S01,P101,33,60.0,0.0,0,C162,UPI,9
T1338,2026-08-08,S01,P101,22,60.0,0.0,0,C727,Cash,9
T1339,2026-08-08,S01,P205,6,102.0,15.0,1,C830,UPI,19
T1340,2026-08-08,S01,P205,10,102.0,15.0,1,C345,Card,19
T1341,2026-08-08,S01,P205,6,102.0,15.0,1,C690,UPI,19
T1342,2026-08-08,S01,P330,56,50.0,0.0,0,C494,Cash,9
T1343,2026-08-08,S01,P330,40,50.0,0.0,0,C407,Cash,9
T1344,2026-08-08,S01,P330,22,50.0,0.0,0,C728,Card,9
T1345,2026-08-08,S01,P442,47,35.0,0.0,0,C496,UPI,13
T1346,2026-08-08,S01,P442,22,35.0,0.0,0,C204,UPI,13
T1347,2026-08-08,S01,P442,19,35.0,0.0,0,C219,UPI,13
T1348,2026-08-08,S02,P101,81,60.0,0.0,0,C515,UPI,18
T1349,2026-08-08,S02,P101,59,60.0,0.0,0,C186,UPI,18
T1350,2026-08-08,S02,P101,35,60.0,0.0,0,C107,UPI,18
T1351,2026-08-08,S02,P205,17,120.0,0.0,1,C465,Cash,21
T1352,2026-08-08,S02,P205,8,120.0,0.0,1,C535,Cash,21
T1353,2026-08-08,S02,P205,5,120.0,0.0,1,C310,Cash,21
T1354,2026-08-08,S02,P330,75,50.0,0.0,0,C428,Card,9
T1355,2026-08-08,S02,P330,55,50.0,0.0,0,C562,Card,9
T1356,2026-08-08,S02,P330,37,50.0,0.0,0,C660,Card,9
T1357,2026-08-08,S02,P442,58,35.0,0.0,0,C792,Cash,19
T1358,2026-08-08,S02,P442,38,35.0,0.0,0,C387,Card,19
T1359,2026-08-08,S02,P442,27,35.0,0.0,0,C622,Card,19
T1360,2026-08-08,S03,P101,28,60.0,0.0,0,C271,Cash,11
T1361,2026-08-08,S03,P101,15,60.0,0.0,0,C785,UPI,11
T1362,2026-08-08,S03,P101,17,60.0,0.0,0,C987,UPI,11
T1363,2026-08-08,S03,P205,9,120.0,0.0,0,C737,Card,17
T1364,2026-08-08,S03,P205,5,120.0,0.0,0,C459,Card,17
T1365,2026-08-08,S03,P205,2,120.0,0.0,0,C746,Cash,17
T1366,2026-08-08,S03,P330,40,50.0,0.0,0,C506,UPI,19
T1367,2026-08-08,S03,P330,31,50.0,0.0,0,C377,Cash,19
T1368,2026-08-08,S03,P330,21,50.0,0.0,0,C520,UPI,19
T1369,2026-08-08,S03,P442,31,35.0,0.0,0,C228,UPI,20
T1370,2026-08-08,S03,P442,25,35.0,0.0,0,C614,UPI,20
T1371,2026-08-08,S03,P442,6,35.0,0.0,0,C203,Cash,20
T1372,2026-08-08,S04,P101,52,60.0,0.0,0,C333,Card,19
T1373,2026-08-08,S04,P101,29,60.0,0.0,0,C413,Card,19
T1374,2026-08-08,S04,P101,19,60.0,0.0,0,C111,UPI,19
T1375,2026-08-08,S04,P205,9,120.0,0.0,0,C200,Card,10
T1376,2026-08-08,S04,P205,5,120.0,0.0,0,C231,Cash,10
T1377,2026-08-08,S04,P205,6,120.0,0.0,0,C480,Card,10
T1378,2026-08-08,S04,P330,70,42.5,15.0,1,C599,Card,13
T1379,2026-08-08,S04,P330,42,42.5,15.0,1,C635,Card,13
T1380,2026-08-08,S04,P330,23,42.5,15.0,1,C769,Card,13
T1381,2026-08-08,S04,P442,45,29.75,15.0,1,C580,Card,19
T1382,2026-08-08,S04,P442,17,29.75,15.0,1,C930,UPI,19
T1383,2026-08-08,S04,P442,15,29.75,15.0,1,C862,Cash,19
T1384,2026-08-09,S01,P101,64,60.0,0.0,1,C931,UPI,19
T1385,2026-08-09,S01,P101,47,60.0,0.0,1,C148,UPI,19
T1386,2026-08-09,S01,P101,33,60.0,0.0,1,C173,UPI,19
T1387,2026-08-09,S01,P205,14,120.0,0.0,0,C281,Card,13
T1388,2026-08-09,S01,P205,5,120.0,0.0,0,C927,UPI,13
T1389,2026-08-09,S01,P205,5,120.0,0.0,0,C642,UPI,13
T1390,2026-08-09,S01,P330,76,50.0,0.0,0,C681,UPI,21
T1391,2026-08-09,S01,P330,38,50.0,0.0,0,C912,Cash,21
T1392,2026-08-09,S01,P330,32,50.0,0.0,0,C695,Card,21
T1393,2026-08-09,S01,P442,42,35.0,0.0,1,C525,Card,19
T1394,2026-08-09,S01,P442,25,35.0,0.0,1,C591,Card,19
T1395,2026-08-09,S01,P442,24,35.0,0.0,1,C412,UPI,19
T1396,2026-08-09,S02,P101,78,60.0,0.0,0,C994,Card,21
T1397,2026-08-09,S02,P101,40,60.0,0.0,0,C426,Card,21
T1398,2026-08-09,S02,P101,30,60.0,0.0,0,C388,UPI,21
T1399,2026-08-09,S02,P205,10,120.0,0.0,0,C676,Card,17
T1400,2026-08-09,S02,P205,10,120.0,0.0,0,C952,UPI,17
T1401,2026-08-09,S02,P205,7,120.0,0.0,0,C613,Card,17
T1402,2026-08-09,S02,P330,81,50.0,0.0,0,C376,Card,19
T1403,2026-08-09,S02,P330,55,50.0,0.0,0,C482,Card,19
T1404,2026-08-09,S02,P330,30,50.0,0.0,0,C983,Card,19
T1405,2026-08-09,S02,P442,63,35.0,0.0,0,C143,UPI,17
T1406,2026-08-09,S02,P442,38,35.0,0.0,0,C653,Cash,17
T1407,2026-08-09,S02,P442,24,35.0,0.0,0,C873,Cash,17
T1408,2026-08-09,S03,P101,38,60.0,0.0,0,C171,Cash,10
T1409,2026-08-09,S03,P101,23,60.0,0.0,0,C658,Cash,10
T1410,2026-08-09,S03,P101,12,60.0,0.0,0,C337,Card,10
T1411,2026-08-09,S03,P205,9,120.0,0.0,0,C585,UPI,13
T1412,2026-08-09,S03,P205,4,120.0,0.0,0,C319,UPI,13
T1413,2026-08-09,S03,P205,1,120.0,0.0,0,C619,UPI,13
T1414,2026-08-09,S03,P330,49,50.0,0.0,0,C368,Card,21
T1415,2026-08-09,S03,P330,27,50.0,0.0,0,C359,Card,21
T1416,2026-08-09,S03,P330,21,50.0,0.0,0,C605,Cash,21
T1417,2026-08-09,S03,P442,32,35.0,0.0,0,C576,UPI,20
T1418,2026-08-09,S03,P442,25,35.0,0.0,0,C471,Card,20
T1419,2026-08-09,S03,P442,12,35.0,0.0,0,C533,Card,20
T1420,2026-08-09,S04,P101,46,60.0,0.0,0,C516,UPI,20
T1421,2026-08-09,S04,P101,28,60.0,0.0,0,C774,Card,20
T1422,2026-08-09,S04,P101,11,60.0,0.0,0,C140,Cash,20
T1423,2026-08-09,S04,P205,10,120.0,0.0,0,C958,Cash,19
T1424,2026-08-09,S04,P205,3,120.0,0.0,0,C388,UPI,19
T1425,2026-08-09,S04,P205,4,120.0,0.0,0,C371,Card,19
T1426,2026-08-09,S04,P330,83,45.0,10.0,1,C326,UPI,12
T1427,2026-08-09,S04,P330,43,45.0,10.0,1,C728,UPI,12
T1428,2026-08-09,S04,P330,23,45.0,10.0,1,C401,Card,12
T1429,2026-08-09,S04,P442,35,35.0,0.0,0,C711,UPI,21
T1430,2026-08-09,S04,P442,23,35.0,0.0,0,C939,Card,21
T1431,2026-08-09,S04,P442,14,35.0,0.0,0,C646,Cash,21
T1432,2026-08-10,S01,P101,51,60.0,0.0,0,C919,UPI,9
T1433,2026-08-10,S01,P101,24,60.0,0.0,0,C753,Cash,9
T1434,2026-08-10,S01,P101,16,60.0,0.0,0,C920,Cash,9
T1435,2026-08-10,S01,P205,9,120.0,0.0,0,C731,Cash,20
T1436,2026-08-10,S01,P205,5,120.0,0.0,0,C354,Cash,20
T1437,2026-08-10,S01,P205,3,120.0,0.0,0,C115,UPI,20
T1438,2026-08-10,S01,P330,62,50.0,0.0,0,C423,Cash,9
T1439,2026-08-10,S01,P330,30,50.0,0.0,0,C581,UPI,9
T1440,2026-08-10,S01,P330,29,50.0,0.0,0,C107,UPI,9
T1441,2026-08-10,S01,P442,45,35.0,0.0,0,C639,Card,20
T1442,2026-08-10,S01,P442,23,35.0,0.0,0,C175,UPI,20
T1443,2026-08-10,S01,P442,16,35.0,0.0,0,C678,Card,20
T1444,2026-08-10,S02,P101,74,60.0,0.0,0,C479,Card,13
T1445,2026-08-10,S02,P101,36,60.0,0.0,0,C548,UPI,13
T1446,2026-08-10,S02,P101,17,60.0,0.0,0,C192,UPI,13
T1447,2026-08-10,S02,P205,15,120.0,0.0,0,C235,Cash,17
T1448,2026-08-10,S02,P205,8,120.0,0.0,0,C503,UPI,17
T1449,2026-08-10,S02,P205,1,120.0,0.0,0,C701,Cash,17
T1450,2026-08-10,S02,P330,86,50.0,0.0,1,C719,Cash,18
T1451,2026-08-10,S02,P330,52,50.0,0.0,1,C431,UPI,18
T1452,2026-08-10,S02,P330,38,50.0,0.0,1,C208,UPI,18
T1453,2026-08-10,S02,P442,44,35.0,0.0,0,C788,Cash,20
T1454,2026-08-10,S02,P442,30,35.0,0.0,0,C951,Card,20
T1455,2026-08-10,S02,P442,25,35.0,0.0,0,C757,Card,20
T1456,2026-08-10,S03,P101,44,54.0,10.0,1,C896,UPI,13
T1457,2026-08-10,S03,P101,27,54.0,10.0,1,C301,Card,13
T1458,2026-08-10,S03,P101,17,54.0,10.0,1,C918,Cash,13
T1459,2026-08-10,S03,P205,8,120.0,0.0,0,C613,UPI,20
T1460,2026-08-10,S03,P205,4,120.0,0.0,0,C777,Cash,20
T1461,2026-08-10,S03,P205,1,120.0,0.0,0,C449,Card,20
T1462,2026-08-10,S03,P330,48,50.0,0.0,1,C519,Cash,20
T1463,2026-08-10,S03,P330,28,50.0,0.0,1,C528,Cash,20
T1464,2026-08-10,S03,P330,24,50.0,0.0,1,C172,UPI,20
T1465,2026-08-10,S03,P442,28,35.0,0.0,0,C459,Cash,20
T1466,2026-08-10,S03,P442,11,35.0,0.0,0,C659,Card,20
T1467,2026-08-10,S03,P442,7,35.0,0.0,0,C924,Card,20
T1468,2026-08-10,S04,P101,57,54.0,10.0,1,C574,Card,17
T1469,2026-08-10,S04,P101,26,54.0,10.0,1,C494,UPI,17
T1470,2026-08-10,S04,P101,16,54.0,10.0,1,C980,Card,17
T1471,2026-08-10,S04,P205,10,120.0,0.0,0,C936,Card,17
T1472,2026-08-10,S04,P205,6,120.0,0.0,0,C475,Cash,17
T1473,2026-08-10,S04,P205,1,120.0,0.0,0,C678,Cash,17
T1474,2026-08-10,S04,P330,54,50.0,0.0,1,C223,UPI,17
T1475,2026-08-10,S04,P330,39,50.0,0.0,1,C134,Cash,17
T1476,2026-08-10,S04,P330,24,50.0,0.0,1,C745,Card,17
T1477,2026-08-10,S04,P442,40,35.0,0.0,1,C404,UPI,13
T1478,2026-08-10,S04,P442,25,35.0,0.0,1,C773,UPI,13
T1479,2026-08-10,S04,P442,11,35.0,0.0,1,C953,UPI,13
T1480,2026-08-11,S01,P101,39,60.0,0.0,0,C985,Cash,19
T1481,2026-08-11,S01,P101,26,60.0,0.0,0,C163,Cash,19
T1482,2026-08-11,S01,P101,20,60.0,0.0,0,C216,Card,19
T1483,2026-08-11,S01,P205,5,120.0,0.0,0,C657,Card,17
T1484,2026-08-11,S01,P205,6,120.0,0.0,0,C623,Card,17
T1485,2026-08-11,S01,P205,5,120.0,0.0,0,C628,Cash,17
T1486,2026-08-11,S01,P330,55,50.0,0.0,0,C803,UPI,17
T1487,2026-08-11,S01,P330,37,50.0,0.0,0,C598,Card,17
T1488,2026-08-11,S01,P330,27,50.0,0.0,0,C564,Cash,17
T1489,2026-08-11,S01,P442,27,35.0,0.0,0,C980,UPI,18
T1490,2026-08-11,S01,P442,21,35.0,0.0,0,C963,Cash,18
T1491,2026-08-11,S01,P442,13,35.0,0.0,0,C674,Card,18
T1492,2026-08-11,S02,P101,100,51.0,15.0,1,C587,Cash,18
T1493,2026-08-11,S02,P101,55,51.0,15.0,1,C641,Cash,18
T1494,2026-08-11,S02,P101,30,51.0,15.0,1,C678,UPI,18
T1495,2026-08-11,S02,P205,14,120.0,0.0,0,C775,Cash,19
T1496,2026-08-11,S02,P205,5,120.0,0.0,0,C293,Cash,19
T1497,2026-08-11,S02,P205,6,120.0,0.0,0,C203,Cash,19
T1498,2026-08-11,S02,P330,96,50.0,0.0,0,C165,UPI,18
T1499,2026-08-11,S02,P330,65,50.0,0.0,0,C474,Card,18
T1500,2026-08-11,S02,P330,35,50.0,0.0,0,C845,Card,18
T1501,2026-08-11,S02,P442,59,35.0,0.0,0,C729,UPI,13
T1502,2026-08-11,S02,P442,32,35.0,0.0,0,C330,UPI,13
T1503,2026-08-11,S02,P442,18,35.0,0.0,0,C906,UPI,13
T1504,2026-08-11,S03,P101,25,60.0,0.0,0,C259,Card,18
T1505,2026-08-11,S03,P101,17,60.0,0.0,0,C113,Card,18
T1506,2026-08-11,S03,P101,6,60.0,0.0,0,C511,Card,18
T1507,2026-08-11,S03,P205,7,114.0,5.0,1,C389,Card,19
T1508,2026-08-11,S03,P205,5,114.0,5.0,1,C859,Card,19
T1509,2026-08-11,S03,P205,4,114.0,5.0,1,C738,Cash,19
T1510,2026-08-11,S03,P330,40,50.0,0.0,0,C256,Cash,20
T1511,2026-08-11,S03,P330,24,50.0,0.0,0,C732,UPI,20
T1512,2026-08-11,S03,P330,20,50.0,0.0,0,C718,Cash,20
T1513,2026-08-11,S03,P442,32,35.0,0.0,0,C790,UPI,13
T1514,2026-08-11,S03,P442,15,35.0,0.0,0,C500,Card,13
T1515,2026-08-11,S03,P442,8,35.0,0.0,0,C570,Card,13
T1516,2026-08-11,S04,P101,51,51.0,15.0,1,C909,UPI,21
T1517,2026-08-11,S04,P101,35,51.0,15.0,1,C200,Card,21
T1518,2026-08-11,S04,P101,25,51.0,15.0,1,C403,Cash,21
T1519,2026-08-11,S04,P205,3,120.0,0.0,0,C112,Card,19
T1520,2026-08-11,S04,P205,7,120.0,0.0,0,C840,UPI,19
T1521,2026-08-11,S04,P205,8,120.0,0.0,0,C199,Cash,19
T1522,2026-08-11,S04,P330,63,50.0,0.0,0,C373,Cash,18
T1523,2026-08-11,S04,P330,30,50.0,0.0,0,C127,Card,18
T1524,2026-08-11,S04,P330,22,50.0,0.0,0,C248,Card,18
T1525,2026-08-11,S04,P442,33,35.0,0.0,0,C914,UPI,20
T1526,2026-08-11,S04,P442,16,35.0,0.0,0,C685,Card,20
T1527,2026-08-11,S04,P442,11,35.0,0.0,0,C624,UPI,20
T1528,2026-08-12,S01,P101,44,60.0,0.0,0,C773,UPI,10
T1529,2026-08-12,S01,P101,30,60.0,0.0,0,C233,Cash,10
T1530,2026-08-12,S01,P101,25,60.0,0.0,0,C835,UPI,10
T1531,2026-08-12,S01,P205,8,120.0,0.0,0,C746,Cash,9
T1532,2026-08-12,S01,P205,5,120.0,0.0,0,C406,UPI,9
T1533,2026-08-12,S01,P205,5,120.0,0.0,0,C259,Cash,9
T1534,2026-08-12,S01,P330,58,50.0,0.0,0,C570,Card,11
T1535,2026-08-12,S01,P330,32,50.0,0.0,0,C615,Card,11
T1536,2026-08-12,S01,P330,25,50.0,0.0,0,C203,UPI,11
T1537,2026-08-12,S01,P442,42,35.0,0.0,0,C461,UPI,9
T1538,2026-08-12,S01,P442,22,35.0,0.0,0,C125,UPI,9
T1539,2026-08-12,S01,P442,10,35.0,0.0,0,C493,Cash,9
T1540,2026-08-12,S02,P101,71,57.0,5.0,1,C588,Card,21
T1541,2026-08-12,S02,P101,36,57.0,5.0,1,C341,Card,21
T1542,2026-08-12,S02,P101,32,57.0,5.0,1,C852,Card,21
T1543,2026-08-12,S02,P205,12,120.0,0.0,0,C221,UPI,12
T1544,2026-08-12,S02,P205,6,120.0,0.0,0,C657,UPI,12
T1545,2026-08-12,S02,P205,3,120.0,0.0,0,C489,Card,12
T1546,2026-08-12,S02,P330,65,50.0,0.0,0,C966,Cash,9
T1547,2026-08-12,S02,P330,48,50.0,0.0,0,C189,Card,9
T1548,2026-08-12,S02,P330,26,50.0,0.0,0,C431,Cash,9
T1549,2026-08-12,S02,P442,47,35.0,0.0,0,C453,UPI,21
T1550,2026-08-12,S02,P442,26,35.0,0.0,0,C718,Cash,21
T1551,2026-08-12,S02,P442,26,35.0,0.0,0,C344,Card,21
T1552,2026-08-12,S03,P101,36,60.0,0.0,0,C185,UPI,18
T1553,2026-08-12,S03,P101,20,60.0,0.0,0,C520,Card,18
T1554,2026-08-12,S03,P101,17,60.0,0.0,0,C647,UPI,18
T1555,2026-08-12,S03,P205,7,120.0,0.0,0,C702,Card,12
T1556,2026-08-12,S03,P205,2,120.0,0.0,0,C712,Cash,12
T1557,2026-08-12,S03,P205,2,120.0,0.0,0,C988,UPI,12
T1558,2026-08-12,S03,P330,52,47.5,5.0,1,C458,Cash,17
T1559,2026-08-12,S03,P330,35,47.5,5.0,1,C957,Card,17
T1560,2026-08-12,S03,P330,15,47.5,5.0,1,C116,Card,17
T1561,2026-08-12,S03,P442,25,35.0,0.0,0,C727,Cash,11
T1562,2026-08-12,S03,P442,15,35.0,0.0,0,C365,Cash,11
T1563,2026-08-12,S03,P442,17,35.0,0.0,0,C814,UPI,11
T1564,2026-08-12,S04,P101,55,60.0,0.0,0,C208,Cash,18
T1565,2026-08-12,S04,P101,24,60.0,0.0,0,C402,Cash,18
T1566,2026-08-12,S04,P101,21,60.0,0.0,0,C426,Card,18
T1567,2026-08-12,S04,P205,6,120.0,0.0,0,C467,Cash,17
T1568,2026-08-12,S04,P205,6,120.0,0.0,0,C211,Cash,17
T1569,2026-08-12,S04,P205,3,120.0,0.0,0,C657,Card,17
T1570,2026-08-12,S04,P330,56,47.5,5.0,1,C347,Cash,19
T1571,2026-08-12,S04,P330,39,47.5,5.0,1,C976,UPI,19
T1572,2026-08-12,S04,P330,26,47.5,5.0,1,C962,Card,19
T1573,2026-08-12,S04,P442,40,35.0,0.0,0,C790,Card,9
T1574,2026-08-12,S04,P442,23,35.0,0.0,0,C914,Card,9
T1575,2026-08-12,S04,P442,11,35.0,0.0,0,C610,Cash,9
T1576,2026-08-13,S01,P101,50,60.0,0.0,0,C252,Cash,18
T1577,2026-08-13,S01,P101,32,60.0,0.0,0,C968,Card,18
T1578,2026-08-13,S01,P101,18,60.0,0.0,0,C852,UPI,18
T1579,2026-08-13,S01,P205,8,120.0,0.0,0,C506,Card,19
T1580,2026-08-13,S01,P205,3,120.0,0.0,0,C266,UPI,19
T1581,2026-08-13,S01,P205,6,120.0,0.0,0,C737,UPI,19
T1582,2026-08-13,S01,P330,93,45.0,10.0,1,C882,Card,18
T1583,2026-08-13,S01,P330,40,45.0,10.0,1,C468,Cash,18
T1584,2026-08-13,S01,P330,24,45.0,10.0,1,C142,Cash,18
T1585,2026-08-13,S01,P442,44,33.25,5.0,1,C435,Card,17
T1586,2026-08-13,S01,P442,34,33.25,5.0,1,C624,Card,17
T1587,2026-08-13,S01,P442,19,33.25,5.0,1,C582,Cash,17
T1588,2026-08-13,S02,P101,69,60.0,0.0,0,C725,Cash,17
T1589,2026-08-13,S02,P101,37,60.0,0.0,0,C694,Cash,17
T1590,2026-08-13,S02,P101,35,60.0,0.0,0,C309,UPI,17
T1591,2026-08-13,S02,P205,11,120.0,0.0,0,C168,Card,21
T1592,2026-08-13,S02,P205,5,120.0,0.0,0,C987,Cash,21
T1593,2026-08-13,S02,P205,7,120.0,0.0,0,C132,Card,21
T1594,2026-08-13,S02,P330,85,45.0,10.0,1,C567,UPI,19
T1595,2026-08-13,S02,P330,59,45.0,10.0,1,C830,UPI,19
T1596,2026-08-13,S02,P330,36,45.0,10.0,1,C303,Cash,19
T1597,2026-08-13,S02,P442,51,35.0,0.0,0,C594,Card,19
T1598,2026-08-13,S02,P442,36,35.0,0.0,0,C119,Cash,19
T1599,2026-08-13,S02,P442,18,35.0,0.0,0,C652,Card,19
T1600,2026-08-13,S03,P101,37,60.0,0.0,0,C164,Cash,19
T1601,2026-08-13,S03,P101,19,60.0,0.0,0,C253,UPI,19
T1602,2026-08-13,S03,P101,18,60.0,0.0,0,C365,UPI,19
T1603,2026-08-13,S03,P205,5,120.0,0.0,0,C548,UPI,18
T1604,2026-08-13,S03,P205,5,120.0,0.0,0,C400,Cash,18
T1605,2026-08-13,S03,P205,1,120.0,0.0,0,C916,UPI,18
T1606,2026-08-13,S03,P330,39,50.0,0.0,0,C508,Cash,18
T1607,2026-08-13,S03,P330,28,50.0,0.0,0,C370,UPI,18
T1608,2026-08-13,S03,P330,12,50.0,0.0,0,C478,UPI,18
T1609,2026-08-13,S03,P442,31,35.0,0.0,0,C468,UPI,11
T1610,2026-08-13,S03,P442,20,35.0,0.0,0,C250,Cash,11
T1611,2026-08-13,S03,P442,7,35.0,0.0,0,C579,Cash,11
T1612,2026-08-13,S04,P101,37,60.0,0.0,0,C649,Cash,19
T1613,2026-08-13,S04,P101,25,60.0,0.0,0,C374,Cash,19
T1614,2026-08-13,S04,P101,23,60.0,0.0,0,C418,UPI,19
T1615,2026-08-13,S04,P205,5,120.0,0.0,0,C172,UPI,17
T1616,2026-08-13,S04,P205,7,120.0,0.0,0,C489,Cash,17
T1617,2026-08-13,S04,P205,3,120.0,0.0,0,C956,Cash,17
T1618,2026-08-13,S04,P330,80,47.5,5.0,1,C191,Card,11
T1619,2026-08-13,S04,P330,38,47.5,5.0,1,C965,Cash,11
T1620,2026-08-13,S04,P330,37,47.5,5.0,1,C761,Cash,11
T1621,2026-08-13,S04,P442,28,35.0,0.0,0,C853,UPI,21
T1622,2026-08-13,S04,P442,21,35.0,0.0,0,C484,Card,21
T1623,2026-08-13,S04,P442,13,35.0,0.0,0,C137,UPI,21
T1624,2026-08-14,S01,P101,53,60.0,0.0,0,C928,UPI,13
T1625,2026-08-14,S01,P101,30,60.0,0.0,0,C105,Cash,13
T1626,2026-08-14,S01,P101,17,60.0,0.0,0,C208,Cash,13
T1627,2026-08-14,S01,P205,12,120.0,0.0,0,C825,UPI,20
T1628,2026-08-14,S01,P205,5,120.0,0.0,0,C384,Cash,20
T1629,2026-08-14,S01,P205,3,120.0,0.0,0,C776,Cash,20
T1630,2026-08-14,S01,P330,69,50.0,0.0,0,C513,UPI,17
T1631,2026-08-14,S01,P330,34,50.0,0.0,0,C737,Cash,17
T1632,2026-08-14,S01,P330,24,50.0,0.0,0,C515,Card,17
T1633,2026-08-14,S01,P442,43,35.0,0.0,0,C246,Card,18
T1634,2026-08-14,S01,P442,22,35.0,0.0,0,C481,Cash,18
T1635,2026-08-14,S01,P442,13,35.0,0.0,0,C608,UPI,18
T1636,2026-08-14,S02,P101,54,60.0,0.0,0,C338,UPI,12
T1637,2026-08-14,S02,P101,47,60.0,0.0,0,C659,UPI,12
T1638,2026-08-14,S02,P101,18,60.0,0.0,0,C344,UPI,12
T1639,2026-08-14,S02,P205,15,120.0,0.0,0,C292,UPI,18
T1640,2026-08-14,S02,P205,4,120.0,0.0,0,C673,UPI,18
T1641,2026-08-14,S02,P205,7,120.0,0.0,0,C270,UPI,18
T1642,2026-08-14,S02,P330,91,50.0,0.0,0,C438,Cash,20
T1643,2026-08-14,S02,P330,40,50.0,0.0,0,C528,Cash,20
T1644,2026-08-14,S02,P330,36,50.0,0.0,0,C998,Cash,20
T1645,2026-08-14,S02,P442,56,35.0,0.0,0,C971,Cash,11
T1646,2026-08-14,S02,P442,41,35.0,0.0,0,C831,UPI,11
T1647,2026-08-14,S02,P442,22,35.0,0.0,0,C148,UPI,11
T1648,2026-08-14,S03,P101,27,60.0,0.0,0,C158,Cash,11
T1649,2026-08-14,S03,P101,18,60.0,0.0,0,C673,Cash,11
T1650,2026-08-14,S03,P101,11,60.0,0.0,0,C671,Cash,11
T1651,2026-08-14,S03,P205,6,120.0,0.0,0,C581,UPI,20
T1652,2026-08-14,S03,P205,4,120.0,0.0,0,C603,Cash,20
T1653,2026-08-14,S03,P205,4,120.0,0.0,0,C147,UPI,20
T1654,2026-08-14,S03,P330,48,50.0,0.0,0,C319,Card,10
T1655,2026-08-14,S03,P330,26,50.0,0.0,0,C541,UPI,10
T1656,2026-08-14,S03,P330,13,50.0,0.0,0,C499,Cash,10
T1657,2026-08-14,S03,P442,31,35.0,0.0,0,C153,Cash,18
T1658,2026-08-14,S03,P442,17,35.0,0.0,0,C924,UPI,18
T1659,2026-08-14,S03,P442,14,35.0,0.0,0,C485,Card,18
T1660,2026-08-14,S04,P101,46,60.0,0.0,1,C321,UPI,17
T1661,2026-08-14,S04,P101,31,60.0,0.0,1,C228,Card,17
T1662,2026-08-14,S04,P101,22,60.0,0.0,1,C784,UPI,17
T1663,2026-08-14,S04,P205,7,120.0,0.0,0,C439,Card,20
T1664,2026-08-14,S04,P205,1,120.0,0.0,0,C968,UPI,20
T1665,2026-08-14,S04,P205,6,120.0,0.0,0,C639,UPI,20
T1666,2026-08-14,S04,P330,45,50.0,0.0,0,C554,UPI,12
T1667,2026-08-14,S04,P330,40,50.0,0.0,0,C329,Card,12
T1668,2026-08-14,S04,P330,24,50.0,0.0,0,C357,Cash,12
T1669,2026-08-14,S04,P442,26,35.0,0.0,0,C754,UPI,12
T1670,2026-08-14,S04,P442,26,35.0,0.0,0,C880,UPI,12
T1671,2026-08-14,S04,P442,14,35.0,0.0,0,C902,Cash,12
T1672,2026-08-15,S01,P101,66,51.0,15.0,1,C750,Card,19
T1673,2026-08-15,S01,P101,31,51.0,15.0,1,C794,UPI,19
T1674,2026-08-15,S01,P101,22,51.0,15.0,1,C290,Cash,19
T1675,2026-08-15,S01,P205,12,120.0,0.0,0,C288,Card,19
T1676,2026-08-15,S01,P205,9,120.0,0.0,0,C254,Cash,19
T1677,2026-08-15,S01,P205,2,120.0,0.0,0,C793,Card,19
T1678,2026-08-15,S01,P330,70,50.0,0.0,0,C211,UPI,12
T1679,2026-08-15,S01,P330,44,50.0,0.0,0,C474,Cash,12
T1680,2026-08-15,S01,P330,34,50.0,0.0,0,C142,Cash,12
T1681,2026-08-15,S01,P442,38,35.0,0.0,0,C933,Card,21
T1682,2026-08-15,S01,P442,31,35.0,0.0,0,C637,Cash,21
T1683,2026-08-15,S01,P442,26,35.0,0.0,0,C975,Cash,21
T1684,2026-08-15,S02,P101,78,60.0,0.0,0,C904,Card,18
T1685,2026-08-15,S02,P101,45,60.0,0.0,0,C564,Cash,18
T1686,2026-08-15,S02,P101,32,60.0,0.0,0,C322,Cash,18
T1687,2026-08-15,S02,P205,17,120.0,0.0,0,C163,Card,9
T1688,2026-08-15,S02,P205,3,120.0,0.0,0,C449,UPI,9
T1689,2026-08-15,S02,P205,4,120.0,0.0,0,C593,Cash,9
T1690,2026-08-15,S02,P330,78,50.0,0.0,0,C459,Cash,11
T1691,2026-08-15,S02,P330,63,50.0,0.0,0,C209,UPI,11
T1692,2026-08-15,S02,P330,32,50.0,0.0,0,C961,Card,11
T1693,2026-08-15,S02,P442,45,35.0,0.0,0,C955,Cash,11
T1694,2026-08-15,S02,P442,45,35.0,0.0,0,C475,Cash,11
T1695,2026-08-15,S02,P442,20,35.0,0.0,0,C889,Card,11
T1696,2026-08-15,S03,P101,41,60.0,0.0,1,C346,Cash,18
T1697,2026-08-15,S03,P101,27,60.0,0.0,1,C589,UPI,18
T1698,2026-08-15,S03,P101,11,60.0,0.0,1,C538,Card,18
T1699,2026-08-15,S03,P205,9,120.0,0.0,0,C370,Cash,18
T1700,2026-08-15,S03,P205,2,120.0,0.0,0,C930,Cash,18
T1701,2026-08-15,S03,P205,4,120.0,0.0,0,C778,UPI,18
T1702,2026-08-15,S03,P330,54,50.0,0.0,0,C906,Cash,17
T1703,2026-08-15,S03,P330,42,50.0,0.0,0,C444,Card,17
T1704,2026-08-15,S03,P330,21,50.0,0.0,0,C587,UPI,17
T1705,2026-08-15,S03,P442,30,35.0,0.0,0,C650,UPI,17
T1706,2026-08-15,S03,P442,19,35.0,0.0,0,C944,Cash,17
T1707,2026-08-15,S03,P442,9,35.0,0.0,0,C585,Cash,17
T1708,2026-08-15,S04,P101,45,60.0,0.0,0,C643,Cash,18
T1709,2026-08-15,S04,P101,29,60.0,0.0,0,C486,Cash,18
T1710,2026-08-15,S04,P101,24,60.0,0.0,0,C175,UPI,18
T1711,2026-08-15,S04,P205,8,120.0,0.0,0,C586,Cash,11
T1712,2026-08-15,S04,P205,5,120.0,0.0,0,C505,UPI,11
T1713,2026-08-15,S04,P205,7,120.0,0.0,0,C656,Cash,11
T1714,2026-08-15,S04,P330,60,50.0,0.0,0,C798,UPI,17
T1715,2026-08-15,S04,P330,34,50.0,0.0,0,C328,UPI,17
T1716,2026-08-15,S04,P330,18,50.0,0.0,0,C255,UPI,17
T1717,2026-08-15,S04,P442,44,35.0,0.0,0,C760,Cash,21
T1718,2026-08-15,S04,P442,23,35.0,0.0,0,C948,Cash,21
T1719,2026-08-15,S04,P442,7,35.0,0.0,0,C727,Cash,21
T1720,2026-08-16,S01,P101,57,57.0,5.0,1,C506,Card,19
T1721,2026-08-16,S01,P101,35,57.0,5.0,1,C441,Card,19
T1722,2026-08-16,S01,P101,25,57.0,5.0,1,C713,UPI,19
T1723,2026-08-16,S01,P205,6,120.0,0.0,0,C162,Cash,12
T1724,2026-08-16,S01,P205,6,120.0,0.0,0,C970,Cash,12
T1725,2026-08-16,S01,P205,9,120.0,0.0,0,C372,Card,12
T1726,2026-08-16,S01,P330,55,50.0,0.0,0,C204,Cash,21
T1727,2026-08-16,S01,P330,28,50.0,0.0,0,C799,Card,21
T1728,2026-08-16,S01,P330,22,50.0,0.0,0,C182,Card,21
T1729,2026-08-16,S01,P442,55,35.0,0.0,0,C591,Cash,20
T1730,2026-08-16,S01,P442,19,35.0,0.0,0,C236,Cash,20
T1731,2026-08-16,S01,P442,11,35.0,0.0,0,C283,Cash,20
T1732,2026-08-16,S02,P101,86,60.0,0.0,1,C212,Cash,12
T1733,2026-08-16,S02,P101,56,60.0,0.0,1,C262,UPI,12
T1734,2026-08-16,S02,P101,29,60.0,0.0,1,C792,Card,12
T1735,2026-08-16,S02,P205,16,120.0,0.0,0,C700,Card,12
T1736,2026-08-16,S02,P205,9,120.0,0.0,0,C769,Cash,12
T1737,2026-08-16,S02,P205,4,120.0,0.0,0,C477,UPI,12
T1738,2026-08-16,S02,P330,88,50.0,0.0,0,C974,Cash,21
T1739,2026-08-16,S02,P330,55,50.0,0.0,0,C570,Cash,21
T1740,2026-08-16,S02,P330,45,50.0,0.0,0,C629,UPI,21
T1741,2026-08-16,S02,P442,51,35.0,0.0,0,C792,Cash,18
T1742,2026-08-16,S02,P442,37,35.0,0.0,0,C648,Cash,18
T1743,2026-08-16,S02,P442,17,35.0,0.0,0,C336,Card,18
T1744,2026-08-16,S03,P101,35,60.0,0.0,0,C705,UPI,20
T1745,2026-08-16,S03,P101,24,60.0,0.0,0,C714,Cash,20
T1746,2026-08-16,S03,P101,15,60.0,0.0,0,C797,UPI,20
T1747,2026-08-16,S03,P205,8,120.0,0.0,0,C290,Card,11
T1748,2026-08-16,S03,P205,5,120.0,0.0,0,C793,Card,11
T1749,2026-08-16,S03,P205,2,120.0,0.0,0,C504,Cash,11
T1750,2026-08-16,S03,P330,58,50.0,0.0,1,C544,Cash,10
T1751,2026-08-16,S03,P330,26,50.0,0.0,1,C921,UPI,10
T1752,2026-08-16,S03,P330,16,50.0,0.0,1,C894,UPI,10
T1753,2026-08-16,S03,P442,28,35.0,0.0,0,C914,UPI,9
T1754,2026-08-16,S03,P442,17,35.0,0.0,0,C631,Card,9
T1755,2026-08-16,S03,P442,12,35.0,0.0,0,C809,Cash,9
T1756,2026-08-16,S04,P101,50,60.0,0.0,0,C518,Cash,17
T1757,2026-08-16,S04,P101,22,60.0,0.0,0,C711,Cash,17
T1758,2026-08-16,S04,P101,17,60.0,0.0,0,C221,UPI,17
T1759,2026-08-16,S04,P205,9,120.0,0.0,0,C979,Cash,13
T1760,2026-08-16,S04,P205,4,120.0,0.0,0,C850,Card,13
T1761,2026-08-16,S04,P205,4,120.0,0.0,0,C935,Cash,13
T1762,2026-08-16,S04,P330,65,42.5,15.0,1,C975,Cash,12
T1763,2026-08-16,S04,P330,47,42.5,15.0,1,C202,Card,12
T1764,2026-08-16,S04,P330,21,42.5,15.0,1,C224,UPI,12
T1765,2026-08-16,S04,P442,46,35.0,0.0,0,C733,UPI,19
T1766,2026-08-16,S04,P442,17,35.0,0.0,0,C593,UPI,19
T1767,2026-08-16,S04,P442,15,35.0,0.0,0,C105,Card,19
T1768,2026-08-17,S01,P101,50,60.0,0.0,0,C224,Cash,18
T1769,2026-08-17,S01,P101,30,60.0,0.0,0,C168,Cash,18
T1770,2026-08-17,S01,P101,12,60.0,0.0,0,C983,Cash,18
T1771,2026-08-17,S01,P205,9,120.0,0.0,0,C738,UPI,19
T1772,2026-08-17,S01,P205,5,120.0,0.0,0,C124,Card,19
T1773,2026-08-17,S01,P205,2,120.0,0.0,0,C454,Card,19
T1774,2026-08-17,S01,P330,65,50.0,0.0,1,C286,Card,9
T1775,2026-08-17,S01,P330,46,50.0,0.0,1,C755,Card,9
T1776,2026-08-17,S01,P330,29,50.0,0.0,1,C463,Cash,9
T1777,2026-08-17,S01,P442,50,35.0,0.0,1,C978,Cash,12
T1778,2026-08-17,S01,P442,23,35.0,0.0,1,C674,UPI,12
T1779,2026-08-17,S01,P442,22,35.0,0.0,1,C865,Cash,12
T1780,2026-08-17,S02,P101,61,54.0,10.0,1,C279,UPI,20
T1781,2026-08-17,S02,P101,33,54.0,10.0,1,C392,UPI,20
T1782,2026-08-17,S02,P101,27,54.0,10.0,1,C294,Cash,20
T1783,2026-08-17,S02,P205,11,102.0,15.0,1,C937,Cash,19
T1784,2026-08-17,S02,P205,12,102.0,15.0,1,C263,Card,19
T1785,2026-08-17,S02,P205,4,102.0,15.0,1,C323,Card,19
T1786,2026-08-17,S02,P330,67,50.0,0.0,0,C434,UPI,10
T1787,2026-08-17,S02,P330,40,50.0,0.0,0,C247,UPI,10
T1788,2026-08-17,S02,P330,35,50.0,0.0,0,C387,Card,10
T1789,2026-08-17,S02,P442,54,31.5,10.0,1,C983,Card,10
T1790,2026-08-17,S02,P442,30,31.5,10.0,1,C229,Card,10
T1791,2026-08-17,S02,P442,22,31.5,10.0,1,C415,UPI,10
T1792,2026-08-17,S03,P101,30,60.0,0.0,0,C324,Cash,19
T1793,2026-08-17,S03,P101,29,60.0,0.0,0,C447,UPI,19
T1794,2026-08-17,S03,P101,11,60.0,0.0,0,C658,UPI,19
T1795,2026-08-17,S03,P205,11,120.0,0.0,0,C294,Card,10
T1796,2026-08-17,S03,P205,3,120.0,0.0,0,C894,UPI,10
T1797,2026-08-17,S03,P205,1,120.0,0.0,0,C281,Card,10
T1798,2026-08-17,S03,P330,51,50.0,0.0,0,C633,UPI,11
T1799,2026-08-17,S03,P330,29,50.0,0.0,0,C567,Card,11
T1800,2026-08-17,S03,P330,13,50.0,0.0,0,C462,Cash,11
T1801,2026-08-17,S03,P442,17,35.0,0.0,0,C604,Card,10
T1802,2026-08-17,S03,P442,18,35.0,0.0,0,C787,Cash,10
T1803,2026-08-17,S03,P442,13,35.0,0.0,0,C159,Card,10
T1804,2026-08-17,S04,P101,40,60.0,0.0,0,C721,Card,20
T1805,2026-08-17,S04,P101,31,60.0,0.0,0,C968,Card,20
T1806,2026-08-17,S04,P101,11,60.0,0.0,0,C827,Card,20
T1807,2026-08-17,S04,P205,9,120.0,0.0,0,C455,UPI,12
T1808,2026-08-17,S04,P205,5,120.0,0.0,0,C195,UPI,12
T1809,2026-08-17,S04,P205,4,120.0,0.0,0,C263,Card,12
T1810,2026-08-17,S04,P330,67,50.0,0.0,0,C780,Card,9
T1811,2026-08-17,S04,P330,37,50.0,0.0,0,C594,Card,9
T1812,2026-08-17,S04,P330,17,50.0,0.0,0,C872,UPI,9
T1813,2026-08-17,S04,P442,48,35.0,0.0,1,C289,Cash,9
T1814,2026-08-17,S04,P442,30,35.0,0.0,1,C899,UPI,9
T1815,2026-08-17,S04,P442,15,35.0,0.0,1,C350,Cash,9
T1816,2026-08-18,S01,P101,61,60.0,0.0,0,C774,UPI,19
T1817,2026-08-18,S01,P101,29,60.0,0.0,0,C574,UPI,19
T1818,2026-08-18,S01,P101,21,60.0,0.0,0,C375,UPI,19
T1819,2026-08-18,S01,P205,4,120.0,0.0,0,C151,Cash,11
T1820,2026-08-18,S01,P205,8,120.0,0.0,0,C976,Card,11
T1821,2026-08-18,S01,P205,4,120.0,0.0,0,C142,Cash,11
T1822,2026-08-18,S01,P330,67,50.0,0.0,0,C538,Card,10
T1823,2026-08-18,S01,P330,39,50.0,0.0,0,C878,Card,10
T1824,2026-08-18,S01,P330,27,50.0,0.0,0,C141,Cash,10
T1825,2026-08-18,S01,P442,49,35.0,0.0,0,C416,UPI,12
T1826,2026-08-18,S01,P442,25,35.0,0.0,0,C765,Card,12
T1827,2026-08-18,S01,P442,18,35.0,0.0,0,C977,Cash,12
T1828,2026-08-18,S02,P101,74,60.0,0.0,1,C597,Cash,21
T1829,2026-08-18,S02,P101,39,60.0,0.0,1,C466,UPI,21
T1830,2026-08-18,S02,P101,31,60.0,0.0,1,C637,UPI,21
T1831,2026-08-18,S02,P205,15,108.0,10.0,1,C192,UPI,21
T1832,2026-08-18,S02,P205,10,108.0,10.0,1,C178,Card,21
T1833,2026-08-18,S02,P205,6,108.0,10.0,1,C316,Cash,21
T1834,2026-08-18,S02,P330,81,50.0,0.0,0,C612,UPI,21
T1835,2026-08-18,S02,P330,57,50.0,0.0,0,C287,Card,21
T1836,2026-08-18,S02,P330,27,50.0,0.0,0,C615,UPI,21
T1837,2026-08-18,S02,P442,50,35.0,0.0,0,C855,Cash,20
T1838,2026-08-18,S02,P442,30,35.0,0.0,0,C910,Cash,20
T1839,2026-08-18,S02,P442,26,35.0,0.0,0,C643,Card,20
T1840,2026-08-18,S03,P101,19,60.0,0.0,0,C207,Card,21
T1841,2026-08-18,S03,P101,27,60.0,0.0,0,C903,Card,21
T1842,2026-08-18,S03,P101,17,60.0,0.0,0,C189,UPI,21
T1843,2026-08-18,S03,P205,8,120.0,0.0,0,C697,Cash,11
T1844,2026-08-18,S03,P205,5,120.0,0.0,0,C200,Card,11
T1845,2026-08-18,S03,P330,51,45.0,10.0,1,C373,Cash,10
T1846,2026-08-18,S03,P330,28,45.0,10.0,1,C234,Cash,10
T1847,2026-08-18,S03,P330,17,45.0,10.0,1,C821,Card,10
T1848,2026-08-18,S03,P442,27,35.0,0.0,0,C121,Card,11
T1849,2026-08-18,S03,P442,19,35.0,0.0,0,C271,Cash,11
T1850,2026-08-18,S03,P442,13,35.0,0.0,0,C233,Card,11
T1851,2026-08-18,S04,P101,36,60.0,0.0,0,C552,Cash,9
T1852,2026-08-18,S04,P101,25,60.0,0.0,0,C296,Card,9
T1853,2026-08-18,S04,P101,22,60.0,0.0,0,C152,Cash,9
T1854,2026-08-18,S04,P205,7,114.0,5.0,1,C617,Cash,11
T1855,2026-08-18,S04,P205,6,114.0,5.0,1,C393,UPI,11
T1856,2026-08-18,S04,P205,4,114.0,5.0,1,C448,Cash,11
T1857,2026-08-18,S04,P330,73,42.5,15.0,1,C426,Cash,21
T1858,2026-08-18,S04,P330,46,42.5,15.0,1,C938,Card,21
T1859,2026-08-18,S04,P330,22,42.5,15.0,1,C325,UPI,21
T1860,2026-08-18,S04,P442,48,35.0,0.0,0,C564,Card,20
T1861,2026-08-18,S04,P442,26,35.0,0.0,0,C593,Card,20
T1862,2026-08-18,S04,P442,12,35.0,0.0,0,C519,UPI,20
T1863,2026-08-19,S01,P101,61,60.0,0.0,0,C217,Card,12
T1864,2026-08-19,S01,P101,34,60.0,0.0,0,C466,Card,12
T1865,2026-08-19,S01,P101,15,60.0,0.0,0,C165,Card,12
T1866,2026-08-19,S01,P205,10,120.0,0.0,0,C408,Card,18
T1867,2026-08-19,S01,P205,4,120.0,0.0,0,C849,Card,18
T1868,2026-08-19,S01,P205,5,120.0,0.0,0,C473,UPI,18
T1869,2026-08-19,S01,P330,59,50.0,0.0,0,C225,UPI,19
T1870,2026-08-19,S01,P330,38,50.0,0.0,0,C136,Card,19
T1871,2026-08-19,S01,P330,16,50.0,0.0,0,C710,Card,19
T1872,2026-08-19,S01,P442,38,35.0,0.0,0,C657,Cash,21
T1873,2026-08-19,S01,P442,27,35.0,0.0,0,C313,UPI,21
T1874,2026-08-19,S01,P442,16,35.0,0.0,0,C893,UPI,21
T1875,2026-08-19,S02,P101,67,60.0,0.0,0,C958,UPI,12
T1876,2026-08-19,S02,P101,45,60.0,0.0,0,C565,Cash,12
T1877,2026-08-19,S02,P101,25,60.0,0.0,0,C402,Cash,12
T1878,2026-08-19,S02,P205,12,120.0,0.0,0,C395,UPI,19
T1879,2026-08-19,S02,P205,9,120.0,0.0,0,C688,UPI,19
T1880,2026-08-19,S02,P205,4,120.0,0.0,0,C442,UPI,19
T1881,2026-08-19,S02,P330,103,47.5,5.0,1,C340,UPI,9
T1882,2026-08-19,S02,P330,68,47.5,5.0,1,C443,UPI,9
T1883,2026-08-19,S02,P330,39,47.5,5.0,1,C134,Card,9
T1884,2026-08-19,S02,P442,52,35.0,0.0,0,C598,UPI,18
T1885,2026-08-19,S02,P442,22,35.0,0.0,0,C740,Card,18
T1886,2026-08-19,S02,P442,18,35.0,0.0,0,C580,Card,18
T1887,2026-08-19,S03,P101,24,60.0,0.0,0,C109,Card,18
T1888,2026-08-19,S03,P101,24,60.0,0.0,0,C855,Card,18
T1889,2026-08-19,S03,P101,10,60.0,0.0,0,C699,UPI,18
T1890,2026-08-19,S03,P205,7,120.0,0.0,0,C168,Cash,12
T1891,2026-08-19,S03,P205,5,120.0,0.0,0,C360,Cash,12
T1892,2026-08-19,S03,P205,3,120.0,0.0,0,C757,Cash,12
T1893,2026-08-19,S03,P330,56,50.0,0.0,1,C475,UPI,11
T1894,2026-08-19,S03,P330,26,50.0,0.0,1,C367,UPI,11
T1895,2026-08-19,S03,P330,23,50.0,0.0,1,C173,UPI,11
T1896,2026-08-19,S03,P442,21,35.0,0.0,0,C278,UPI,20
T1897,2026-08-19,S03,P442,20,35.0,0.0,0,C834,UPI,20
T1898,2026-08-19,S03,P442,12,35.0,0.0,0,C898,Card,20
T1899,2026-08-19,S04,P101,47,60.0,0.0,0,C566,Card,12
T1900,2026-08-19,S04,P101,24,60.0,0.0,0,C466,Card,12
T1901,2026-08-19,S04,P101,15,60.0,0.0,0,C243,UPI,12
T1902,2026-08-19,S04,P205,7,114.0,5.0,1,C243,Cash,21
T1903,2026-08-19,S04,P205,6,114.0,5.0,1,C331,Cash,21
T1904,2026-08-19,S04,P205,3,114.0,5.0,1,C683,Card,21
T1905,2026-08-19,S04,P330,51,50.0,0.0,0,C482,Cash,12
T1906,2026-08-19,S04,P330,39,50.0,0.0,0,C993,Card,12
T1907,2026-08-19,S04,P330,21,50.0,0.0,0,C383,Cash,12
T1908,2026-08-19,S04,P442,35,35.0,0.0,0,C996,UPI,19
T1909,2026-08-19,S04,P442,24,35.0,0.0,0,C290,Card,19
T1910,2026-08-19,S04,P442,11,35.0,0.0,0,C807,Cash,19
T1911,2026-08-20,S01,P101,47,60.0,0.0,0,C949,Card,17
T1912,2026-08-20,S01,P101,32,60.0,0.0,0,C601,Card,17
T1913,2026-08-20,S01,P101,15,60.0,0.0,0,C597,Cash,17
T1914,2026-08-20,S01,P205,13,120.0,0.0,0,C587,UPI,11
T1915,2026-08-20,S01,P205,4,120.0,0.0,0,C355,Card,11
T1916,2026-08-20,S01,P205,2,120.0,0.0,0,C983,UPI,11
T1917,2026-08-20,S01,P330,56,50.0,0.0,0,C667,Card,17
T1918,2026-08-20,S01,P330,49,50.0,0.0,0,C192,UPI,17
T1919,2026-08-20,S01,P330,27,50.0,0.0,0,C544,UPI,17
T1920,2026-08-20,S01,P442,36,35.0,0.0,0,C581,Card,17
T1921,2026-08-20,S01,P442,23,35.0,0.0,0,C489,UPI,17
T1922,2026-08-20,S01,P442,15,35.0,0.0,0,C424,UPI,17
T1923,2026-08-20,S02,P101,71,60.0,0.0,0,C231,UPI,12
T1924,2026-08-20,S02,P101,37,60.0,0.0,0,C181,Cash,12
T1925,2026-08-20,S02,P101,29,60.0,0.0,0,C782,Cash,12
T1926,2026-08-20,S02,P205,13,120.0,0.0,0,C571,UPI,10
T1927,2026-08-20,S02,P205,9,120.0,0.0,0,C112,Card,10
T1928,2026-08-20,S02,P205,9,120.0,0.0,0,C793,UPI,10
T1929,2026-08-20,S02,P330,79,50.0,0.0,0,C292,Card,21
T1930,2026-08-20,S02,P330,43,50.0,0.0,0,C916,Card,21
T1931,2026-08-20,S02,P330,37,50.0,0.0,0,C462,UPI,21
T1932,2026-08-20,S02,P442,50,35.0,0.0,0,C939,UPI,10
T1933,2026-08-20,S02,P442,45,35.0,0.0,0,C793,UPI,10
T1934,2026-08-20,S02,P442,21,35.0,0.0,0,C468,Cash,10
T1935,2026-08-20,S03,P101,33,60.0,0.0,0,C642,Card,21
T1936,2026-08-20,S03,P101,29,60.0,0.0,0,C211,Card,21
T1937,2026-08-20,S03,P101,13,60.0,0.0,0,C858,Card,21
T1938,2026-08-20,S03,P205,5,120.0,0.0,0,C581,Cash,19
T1939,2026-08-20,S03,P205,5,120.0,0.0,0,C213,UPI,19
T1940,2026-08-20,S03,P205,3,120.0,0.0,0,C996,UPI,19
T1941,2026-08-20,S03,P330,62,47.5,5.0,1,C551,Card,21
T1942,2026-08-20,S03,P330,35,47.5,5.0,1,C689,Cash,21
T1943,2026-08-20,S03,P330,21,47.5,5.0,1,C707,Cash,21
T1944,2026-08-20,S03,P442,23,35.0,0.0,0,C297,Cash,18
T1945,2026-08-20,S03,P442,18,35.0,0.0,0,C144,UPI,18
T1946,2026-08-20,S03,P442,13,35.0,0.0,0,C378,Cash,18
T1947,2026-08-20,S04,P101,47,60.0,0.0,0,C781,Cash,10
T1948,2026-08-20,S04,P101,21,60.0,0.0,0,C815,UPI,10
T1949,2026-08-20,S04,P101,24,60.0,0.0,0,C131,Cash,10
T1950,2026-08-20,S04,P205,6,120.0,0.0,0,C370,UPI,11
T1951,2026-08-20,S04,P205,5,120.0,0.0,0,C314,Card,11
T1952,2026-08-20,S04,P205,6,120.0,0.0,0,C611,Cash,11
T1953,2026-08-20,S04,P330,55,50.0,0.0,0,C229,UPI,10
T1954,2026-08-20,S04,P330,23,50.0,0.0,0,C417,UPI,10
T1955,2026-08-20,S04,P330,22,50.0,0.0,0,C935,UPI,10
T1956,2026-08-20,S04,P442,31,35.0,0.0,0,C200,UPI,17
T1957,2026-08-20,S04,P442,24,35.0,0.0,0,C181,UPI,17
T1958,2026-08-20,S04,P442,11,35.0,0.0,0,C172,Card,17
T1959,2026-08-21,S01,P101,39,60.0,0.0,0,C765,Cash,13
T1960,2026-08-21,S01,P101,21,60.0,0.0,0,C811,UPI,13
T1961,2026-08-21,S01,P101,18,60.0,0.0,0,C729,Cash,13
T1962,2026-08-21,S01,P205,9,120.0,0.0,0,C541,UPI,9
T1963,2026-08-21,S01,P205,5,120.0,0.0,0,C586,Card,9
T1964,2026-08-21,S01,P205,5,120.0,0.0,0,C247,Cash,9
T1965,2026-08-21,S01,P330,53,50.0,0.0,0,C719,Card,10
T1966,2026-08-21,S01,P330,38,50.0,0.0,0,C660,Card,10
T1967,2026-08-21,S01,P330,28,50.0,0.0,0,C655,UPI,10
T1968,2026-08-21,S01,P442,35,35.0,0.0,0,C436,Card,9
T1969,2026-08-21,S01,P442,24,35.0,0.0,0,C403,Card,9
T1970,2026-08-21,S01,P442,14,35.0,0.0,0,C695,Cash,9
T1971,2026-08-21,S02,P101,46,60.0,0.0,0,C623,Cash,18
T1972,2026-08-21,S02,P101,39,60.0,0.0,0,C345,Card,18
T1973,2026-08-21,S02,P101,19,60.0,0.0,0,C472,Cash,18
T1974,2026-08-21,S02,P205,15,120.0,0.0,0,C622,Cash,10
T1975,2026-08-21,S02,P205,5,120.0,0.0,0,C291,Cash,10
T1976,2026-08-21,S02,P205,6,120.0,0.0,0,C477,UPI,10
T1977,2026-08-21,S02,P330,92,50.0,0.0,0,C645,UPI,20
T1978,2026-08-21,S02,P330,55,50.0,0.0,0,C621,Card,20
T1979,2026-08-21,S02,P330,42,50.0,0.0,0,C756,Cash,20
T1980,2026-08-21,S02,P442,58,35.0,0.0,1,C994,UPI,13
T1981,2026-08-21,S02,P442,37,35.0,0.0,1,C101,Card,13
T1982,2026-08-21,S02,P442,26,35.0,0.0,1,C750,UPI,13
T1983,2026-08-21,S03,P101,51,54.0,10.0,1,C119,Cash,19
T1984,2026-08-21,S03,P101,28,54.0,10.0,1,C234,UPI,19
T1985,2026-08-21,S03,P101,11,54.0,10.0,1,C228,Card,19
T1986,2026-08-21,S03,P205,5,120.0,0.0,1,C219,UPI,18
T1987,2026-08-21,S03,P205,7,120.0,0.0,1,C347,Card,18
T1988,2026-08-21,S03,P205,3,120.0,0.0,1,C952,UPI,18
T1989,2026-08-21,S03,P330,47,50.0,0.0,0,C845,Card,10
T1990,2026-08-21,S03,P330,31,50.0,0.0,0,C124,Cash,10
T1991,2026-08-21,S03,P330,19,50.0,0.0,0,C890,Card,10
T1992,2026-08-21,S03,P442,34,35.0,0.0,1,C902,Cash,20
T1993,2026-08-21,S03,P442,22,35.0,0.0,1,C981,UPI,20
T1994,2026-08-21,S03,P442,7,35.0,0.0,1,C857,Card,20
T1995,2026-08-21,S04,P101,45,60.0,0.0,0,C309,UPI,17
T1996,2026-08-21,S04,P101,22,60.0,0.0,0,C961,Cash,17
T1997,2026-08-21,S04,P101,20,60.0,0.0,0,C378,Cash,17
T1998,2026-08-21,S04,P205,11,120.0,0.0,1,C112,Cash,21
T1999,2026-08-21,S04,P205,6,120.0,0.0,1,C896,Cash,21
T2000,2026-08-21,S04,P205,4,120.0,0.0,1,C189,Cash,21
T2001,2026-08-21,S04,P330,57,50.0,0.0,0,C287,UPI,9
T2002,2026-08-21,S04,P330,39,50.0,0.0,0,C643,Cash,9
T2003,2026-08-21,S04,P330,27,50.0,0.0,0,C496,UPI,9
T2004,2026-08-21,S04,P442,33,35.0,0.0,0,C515,Cash,11
T2005,2026-08-21,S04,P442,12,35.0,0.0,0,C354,Cash,11
T2006,2026-08-21,S04,P442,11,35.0,0.0,0,C851,UPI,11
T2007,2026-08-22,S01,P101,54,60.0,0.0,0,C977,Card,21
T2008,2026-08-22,S01,P101,36,60.0,0.0,0,C944,Cash,21
T2009,2026-08-22,S01,P101,17,60.0,0.0,0,C717,UPI,21
T2010,2026-08-22,S01,P205,10,120.0,0.0,0,C406,Card,11
T2011,2026-08-22,S01,P205,3,120.0,0.0,0,C782,UPI,11
T2012,2026-08-22,S01,P205,5,120.0,0.0,0,C754,Card,11
T2013,2026-08-22,S01,P330,86,50.0,0.0,0,C162,UPI,13
T2014,2026-08-22,S01,P330,33,50.0,0.0,0,C325,UPI,13
T2015,2026-08-22,S01,P330,32,50.0,0.0,0,C871,UPI,13
T2016,2026-08-22,S01,P442,42,35.0,0.0,0,C884,Cash,11
T2017,2026-08-22,S01,P442,22,35.0,0.0,0,C958,Cash,11
T2018,2026-08-22,S01,P442,16,35.0,0.0,0,C785,Card,11
T2019,2026-08-22,S02,P101,70,60.0,0.0,0,C853,Cash,9
T2020,2026-08-22,S02,P101,43,60.0,0.0,0,C735,UPI,9
T2021,2026-08-22,S02,P101,33,60.0,0.0,0,C687,Cash,9
T2022,2026-08-22,S02,P205,6,120.0,0.0,0,C264,UPI,17
T2023,2026-08-22,S02,P205,5,120.0,0.0,0,C244,Card,17
T2024,2026-08-22,S02,P205,9,120.0,0.0,0,C136,UPI,17
T2025,2026-08-22,S02,P330,90,50.0,0.0,0,C877,Card,11
T2026,2026-08-22,S02,P330,42,50.0,0.0,0,C396,UPI,11
T2027,2026-08-22,S02,P330,47,50.0,0.0,0,C330,UPI,11
T2028,2026-08-22,S02,P442,77,31.5,10.0,1,C673,Cash,21
T2029,2026-08-22,S02,P442,53,31.5,10.0,1,C919,UPI,21
T2030,2026-08-22,S02,P442,21,31.5,10.0,1,C395,Card,21
T2031,2026-08-22,S03,P101,33,60.0,0.0,0,C996,Cash,17
T2032,2026-08-22,S03,P101,21,60.0,0.0,0,C318,UPI,17
T2033,2026-08-22,S03,P101,21,60.0,0.0,0,C191,Cash,17
T2034,2026-08-22,S03,P205,6,120.0,0.0,0,C809,UPI,21
T2035,2026-08-22,S03,P205,6,120.0,0.0,0,C704,Cash,21
T2036,2026-08-22,S03,P205,4,120.0,0.0,0,C483,UPI,21
T2037,2026-08-22,S03,P330,41,50.0,0.0,0,C467,Cash,9
T2038,2026-08-22,S03,P330,30,50.0,0.0,0,C297,Cash,9
T2039,2026-08-22,S03,P330,20,50.0,0.0,0,C472,UPI,9
T2040,2026-08-22,S03,P442,26,35.0,0.0,0,C887,UPI,10
T2041,2026-08-22,S03,P442,15,35.0,0.0,0,C116,Cash,10
T2042,2026-08-22,S03,P442,18,35.0,0.0,0,C357,Cash,10
T2043,2026-08-22,S04,P101,52,60.0,0.0,0,C303,UPI,13
T2044,2026-08-22,S04,P101,34,60.0,0.0,0,C295,Cash,13
T2045,2026-08-22,S04,P101,29,60.0,0.0,0,C763,Card,13
T2046,2026-08-22,S04,P205,10,120.0,0.0,0,C351,UPI,11
T2047,2026-08-22,S04,P205,8,120.0,0.0,0,C370,UPI,11
T2048,2026-08-22,S04,P205,4,120.0,0.0,0,C518,Card,11
T2049,2026-08-22,S04,P330,50,50.0,0.0,0,C629,Cash,9
T2050,2026-08-22,S04,P330,29,50.0,0.0,0,C778,UPI,9
T2051,2026-08-22,S04,P330,21,50.0,0.0,0,C181,Card,9
T2052,2026-08-22,S04,P442,27,35.0,0.0,0,C646,Card,13
T2053,2026-08-22,S04,P442,23,35.0,0.0,0,C488,Card,13
T2054,2026-08-22,S04,P442,26,35.0,0.0,0,C831,Card,13
T2055,2026-08-23,S01,P101,52,60.0,0.0,0,C218,Card,13
T2056,2026-08-23,S01,P101,41,60.0,0.0,0,C809,Card,13
T2057,2026-08-23,S01,P101,26,60.0,0.0,0,C585,UPI,13
T2058,2026-08-23,S01,P205,14,120.0,0.0,0,C662,Cash,12
T2059,2026-08-23,S01,P205,4,120.0,0.0,0,C608,UPI,12
T2060,2026-08-23,S01,P205,3,120.0,0.0,0,C787,UPI,12
T2061,2026-08-23,S01,P330,68,50.0,0.0,0,C251,Cash,19
T2062,2026-08-23,S01,P330,50,50.0,0.0,0,C582,Cash,19
T2063,2026-08-23,S01,P330,29,50.0,0.0,0,C423,UPI,19
T2064,2026-08-23,S01,P442,31,35.0,0.0,0,C884,UPI,19
T2065,2026-08-23,S01,P442,29,35.0,0.0,0,C454,UPI,19
T2066,2026-08-23,S01,P442,17,35.0,0.0,0,C869,UPI,19
T2067,2026-08-23,S02,P101,69,60.0,0.0,0,C622,Card,17
T2068,2026-08-23,S02,P101,41,60.0,0.0,0,C938,UPI,17
T2069,2026-08-23,S02,P101,25,60.0,0.0,0,C283,Card,17
T2070,2026-08-23,S02,P205,19,120.0,0.0,0,C631,UPI,12
T2071,2026-08-23,S02,P205,8,120.0,0.0,0,C837,Card,12
T2072,2026-08-23,S02,P205,3,120.0,0.0,0,C563,UPI,12
T2073,2026-08-23,S02,P330,97,50.0,0.0,0,C472,UPI,20
T2074,2026-08-23,S02,P330,57,50.0,0.0,0,C577,Cash,20
T2075,2026-08-23,S02,P330,32,50.0,0.0,0,C578,Card,20
T2076,2026-08-23,S02,P442,60,33.25,5.0,1,C842,UPI,17
T2077,2026-08-23,S02,P442,41,33.25,5.0,1,C759,UPI,17
T2078,2026-08-23,S02,P442,26,33.25,5.0,1,C958,Card,17
T2079,2026-08-23,S03,P101,47,51.0,15.0,1,C448,Card,20
T2080,2026-08-23,S03,P101,24,51.0,15.0,1,C736,Card,20
T2081,2026-08-23,S03,P101,19,51.0,15.0,1,C278,Cash,20
T2082,2026-08-23,S03,P205,6,120.0,0.0,0,C201,Card,9
T2083,2026-08-23,S03,P205,6,120.0,0.0,0,C165,Cash,9
T2084,2026-08-23,S03,P205,3,120.0,0.0,0,C263,Cash,9
T2085,2026-08-23,S03,P330,38,50.0,0.0,0,C287,Card,13
T2086,2026-08-23,S03,P330,33,50.0,0.0,0,C288,Cash,13
T2087,2026-08-23,S03,P330,21,50.0,0.0,0,C109,Card,13
T2088,2026-08-23,S03,P442,32,35.0,0.0,0,C445,Card,21
T2089,2026-08-23,S03,P442,14,35.0,0.0,0,C354,Card,21
T2090,2026-08-23,S03,P442,14,35.0,0.0,0,C683,UPI,21
T2091,2026-08-23,S04,P101,47,51.0,15.0,1,C555,UPI,9
T2092,2026-08-23,S04,P101,23,51.0,15.0,1,C728,Cash,9
T2093,2026-08-23,S04,P101,21,51.0,15.0,1,C931,Card,9
T2094,2026-08-23,S04,P205,8,120.0,0.0,0,C704,UPI,17
T2095,2026-08-23,S04,P205,3,120.0,0.0,0,C370,Card,17
T2096,2026-08-23,S04,P205,3,120.0,0.0,0,C765,Card,17
T2097,2026-08-23,S04,P330,55,50.0,0.0,0,C604,UPI,17
T2098,2026-08-23,S04,P330,22,50.0,0.0,0,C348,Cash,17
T2099,2026-08-23,S04,P330,32,50.0,0.0,0,C702,UPI,17
T2100,2026-08-23,S04,P442,37,35.0,0.0,0,C172,UPI,19
T2101,2026-08-23,S04,P442,24,35.0,0.0,0,C228,Cash,19
T2102,2026-08-23,S04,P442,13,35.0,0.0,0,C941,Card,19
T2103,2026-08-24,S01,P101,50,60.0,0.0,0,C342,Card,9
T2104,2026-08-24,S01,P101,25,60.0,0.0,0,C306,Cash,9
T2105,2026-08-24,S01,P101,20,60.0,0.0,0,C860,Card,9
T2106,2026-08-24,S01,P205,3,120.0,0.0,0,C396,Card,11
T2107,2026-08-24,S01,P205,4,120.0,0.0,0,C277,Cash,11
T2108,2026-08-24,S01,P205,10,120.0,0.0,0,C414,Cash,11
T2109,2026-08-24,S01,P330,91,45.0,10.0,1,C135,UPI,11
T2110,2026-08-24,S01,P330,51,45.0,10.0,1,C538,UPI,11
T2111,2026-08-24,S01,P330,27,45.0,10.0,1,C691,Card,11
T2112,2026-08-24,S01,P442,47,29.75,15.0,1,C563,UPI,17
T2113,2026-08-24,S01,P442,31,29.75,15.0,1,C633,Card,17
T2114,2026-08-24,S01,P442,15,29.75,15.0,1,C120,Cash,17
T2115,2026-08-24,S02,P101,74,60.0,0.0,0,C328,Card,18
T2116,2026-08-24,S02,P101,34,60.0,0.0,0,C755,UPI,18
T2117,2026-08-24,S02,P101,27,60.0,0.0,0,C490,Card,18
T2118,2026-08-24,S02,P205,15,120.0,0.0,0,C532,UPI,21
T2119,2026-08-24,S02,P205,5,120.0,0.0,0,C199,Card,21
T2120,2026-08-24,S02,P205,2,120.0,0.0,0,C108,Card,21
T2121,2026-08-24,S02,P330,95,50.0,0.0,0,C973,Card,12
T2122,2026-08-24,S02,P330,43,50.0,0.0,0,C354,Card,12
T2123,2026-08-24,S02,P330,34,50.0,0.0,0,C211,UPI,12
T2124,2026-08-24,S02,P442,62,35.0,0.0,0,C748,Card,17
T2125,2026-08-24,S02,P442,23,35.0,0.0,0,C131,UPI,17
T2126,2026-08-24,S02,P442,27,35.0,0.0,0,C737,Cash,17
T2127,2026-08-24,S03,P101,37,60.0,0.0,1,C492,Card,13
T2128,2026-08-24,S03,P101,23,60.0,0.0,1,C544,Card,13
T2129,2026-08-24,S03,P101,21,60.0,0.0,1,C908,Cash,13
T2130,2026-08-24,S03,P205,7,120.0,0.0,0,C482,UPI,9
T2131,2026-08-24,S03,P205,1,120.0,0.0,0,C261,UPI,9
T2132,2026-08-24,S03,P205,5,120.0,0.0,0,C385,Cash,9
T2133,2026-08-24,S03,P330,45,50.0,0.0,0,C757,UPI,19
T2134,2026-08-24,S03,P330,22,50.0,0.0,0,C199,Card,19
T2135,2026-08-24,S03,P330,17,50.0,0.0,0,C655,Card,19
T2136,2026-08-24,S03,P442,27,35.0,0.0,0,C380,Cash,17
T2137,2026-08-24,S03,P442,17,35.0,0.0,0,C872,Cash,17
T2138,2026-08-24,S03,P442,17,35.0,0.0,0,C818,Cash,17
T2139,2026-08-24,S04,P101,62,51.0,15.0,1,C637,UPI,17
T2140,2026-08-24,S04,P101,30,51.0,15.0,1,C205,UPI,17
T2141,2026-08-24,S04,P101,26,51.0,15.0,1,C788,Card,17
T2142,2026-08-24,S04,P205,6,120.0,0.0,0,C243,UPI,17
T2143,2026-08-24,S04,P205,5,120.0,0.0,0,C650,UPI,17
T2144,2026-08-24,S04,P205,4,120.0,0.0,0,C765,UPI,17
T2145,2026-08-24,S04,P330,57,50.0,0.0,0,C169,Card,17
T2146,2026-08-24,S04,P330,37,50.0,0.0,0,C249,Card,17
T2147,2026-08-24,S04,P330,21,50.0,0.0,0,C873,Card,17
T2148,2026-08-24,S04,P442,49,35.0,0.0,0,C794,Cash,10
T2149,2026-08-24,S04,P442,20,35.0,0.0,0,C620,Cash,10
T2150,2026-08-24,S04,P442,9,35.0,0.0,0,C151,Card,10
T2151,2026-08-25,S01,P101,49,60.0,0.0,0,C273,UPI,21
T2152,2026-08-25,S01,P101,27,60.0,0.0,0,C595,Card,21
T2153,2026-08-25,S01,P101,20,60.0,0.0,0,C754,Cash,21
T2154,2026-08-25,S01,P205,16,120.0,0.0,0,C331,Card,12
T2155,2026-08-25,S01,P205,1,120.0,0.0,0,C640,Cash,12
T2156,2026-08-25,S01,P205,2,120.0,0.0,0,C605,Card,12
T2157,2026-08-25,S01,P330,62,50.0,0.0,0,C175,Cash,13
T2158,2026-08-25,S01,P330,56,50.0,0.0,0,C815,Card,13
T2159,2026-08-25,S01,P330,29,50.0,0.0,0,C347,Card,13
T2160,2026-08-25,S01,P442,53,33.25,5.0,1,C130,Cash,10
T2161,2026-08-25,S01,P442,25,33.25,5.0,1,C442,UPI,10
T2162,2026-08-25,S01,P442,28,33.25,5.0,1,C229,UPI,10
T2163,2026-08-25,S02,P101,77,60.0,0.0,0,C836,UPI,9
T2164,2026-08-25,S02,P101,46,60.0,0.0,0,C918,UPI,9
T2165,2026-08-25,S02,P101,23,60.0,0.0,0,C112,Cash,9
T2166,2026-08-25,S02,P205,5,120.0,0.0,0,C991,UPI,12
T2167,2026-08-25,S02,P205,11,120.0,0.0,0,C567,Cash,12
T2168,2026-08-25,S02,P205,3,120.0,0.0,0,C168,Card,12
T2169,2026-08-25,S02,P330,109,45.0,10.0,1,C307,UPI,17
T2170,2026-08-25,S02,P330,62,45.0,10.0,1,C429,Card,17
T2171,2026-08-25,S02,P330,42,45.0,10.0,1,C404,Card,17
T2172,2026-08-25,S02,P442,60,35.0,0.0,0,C900,UPI,10
T2173,2026-08-25,S02,P442,33,35.0,0.0,0,C888,UPI,10
T2174,2026-08-25,S02,P442,24,35.0,0.0,0,C378,UPI,10
T2175,2026-08-25,S03,P101,30,60.0,0.0,0,C629,UPI,17
T2176,2026-08-25,S03,P101,12,60.0,0.0,0,C800,Card,17
T2177,2026-08-25,S03,P101,11,60.0,0.0,0,C116,Cash,17
T2178,2026-08-25,S03,P205,8,120.0,0.0,0,C499,Card,21
T2179,2026-08-25,S03,P205,5,120.0,0.0,0,C544,UPI,21
T2180,2026-08-25,S03,P205,1,120.0,0.0,0,C321,Cash,21
T2181,2026-08-25,S03,P330,51,50.0,0.0,0,C382,UPI,21
T2182,2026-08-25,S03,P330,27,50.0,0.0,0,C165,UPI,21
T2183,2026-08-25,S03,P330,14,50.0,0.0,0,C703,UPI,21
T2184,2026-08-25,S03,P442,29,35.0,0.0,0,C336,Card,21
T2185,2026-08-25,S03,P442,12,35.0,0.0,0,C220,Card,21
T2186,2026-08-25,S03,P442,8,35.0,0.0,0,C605,Card,21
T2187,2026-08-25,S04,P101,49,60.0,0.0,0,C601,Cash,17
T2188,2026-08-25,S04,P101,23,60.0,0.0,0,C124,Cash,17
T2189,2026-08-25,S04,P101,25,60.0,0.0,0,C387,Card,17
T2190,2026-08-25,S04,P205,10,120.0,0.0,0,C152,Cash,12
T2191,2026-08-25,S04,P205,7,120.0,0.0,0,C334,Cash,12
T2192,2026-08-25,S04,P205,1,120.0,0.0,0,C878,Cash,12
T2193,2026-08-25,S04,P330,83,47.5,5.0,1,C917,Card,17
T2194,2026-08-25,S04,P330,49,47.5,5.0,1,C890,Cash,17
T2195,2026-08-25,S04,P330,31,47.5,5.0,1,C701,Cash,17
T2196,2026-08-25,S04,P442,38,35.0,0.0,1,C582,Cash,11
T2197,2026-08-25,S04,P442,27,35.0,0.0,1,C802,Cash,11
T2198,2026-08-25,S04,P442,19,35.0,0.0,1,C792,Cash,11
T2199,2026-08-26,S01,P101,42,60.0,0.0,0,C933,Card,20
T2200,2026-08-26,S01,P101,33,60.0,0.0,0,C498,Cash,20
T2201,2026-08-26,S01,P101,23,60.0,0.0,0,C948,Cash,20
T2202,2026-08-26,S01,P205,8,120.0,0.0,0,C328,Card,12
T2203,2026-08-26,S01,P205,9,120.0,0.0,0,C389,Cash,12
T2204,2026-08-26,S01,P205,3,120.0,0.0,0,C814,Card,12
T2205,2026-08-26,S01,P330,56,50.0,0.0,0,C217,UPI,19
T2206,2026-08-26,S01,P330,33,50.0,0.0,0,C408,Cash,19
T2207,2026-08-26,S01,P330,25,50.0,0.0,0,C199,UPI,19
T2208,2026-08-26,S01,P442,52,35.0,0.0,1,C610,Card,13
T2209,2026-08-26,S01,P442,30,35.0,0.0,1,C152,Card,13
T2210,2026-08-26,S01,P442,19,35.0,0.0,1,C585,Card,13
T2211,2026-08-26,S02,P101,76,54.0,10.0,1,C502,Cash,20
T2212,2026-08-26,S02,P101,48,54.0,10.0,1,C218,Cash,20
T2213,2026-08-26,S02,P101,39,54.0,10.0,1,C435,Cash,20
T2214,2026-08-26,S02,P205,18,120.0,0.0,0,C438,Card,18
T2215,2026-08-26,S02,P205,3,120.0,0.0,0,C121,Cash,18
T2216,2026-08-26,S02,P205,4,120.0,0.0,0,C968,UPI,18
T2217,2026-08-26,S02,P330,88,45.0,10.0,1,C722,Card,21
T2218,2026-08-26,S02,P330,56,45.0,10.0,1,C335,Cash,21
T2219,2026-08-26,S02,P330,41,45.0,10.0,1,C203,UPI,21
T2220,2026-08-26,S02,P442,63,35.0,0.0,0,C236,Cash,10
T2221,2026-08-26,S02,P442,46,35.0,0.0,0,C518,Card,10
T2222,2026-08-26,S02,P442,22,35.0,0.0,0,C298,Cash,10
T2223,2026-08-26,S03,P101,39,60.0,0.0,0,C401,Card,9
T2224,2026-08-26,S03,P101,18,60.0,0.0,0,C235,Card,9
T2225,2026-08-26,S03,P101,14,60.0,0.0,0,C520,Cash,9
T2226,2026-08-26,S03,P205,9,120.0,0.0,0,C108,UPI,17
T2227,2026-08-26,S03,P205,6,120.0,0.0,0,C543,UPI,17
T2228,2026-08-26,S03,P205,2,120.0,0.0,0,C304,UPI,17
T2229,2026-08-26,S03,P330,58,50.0,0.0,0,C788,UPI,11
T2230,2026-08-26,S03,P330,21,50.0,0.0,0,C316,Cash,11
T2231,2026-08-26,S03,P330,14,50.0,0.0,0,C545,Card,11
T2232,2026-08-26,S03,P442,37,31.5,10.0,1,C969,Cash,21
T2233,2026-08-26,S03,P442,19,31.5,10.0,1,C954,Cash,21
T2234,2026-08-26,S03,P442,14,31.5,10.0,1,C121,UPI,21
T2235,2026-08-26,S04,P101,55,57.0,5.0,1,C538,Cash,21
T2236,2026-08-26,S04,P101,34,57.0,5.0,1,C391,UPI,21
T2237,2026-08-26,S04,P101,34,57.0,5.0,1,C763,UPI,21
T2238,2026-08-26,S04,P205,10,120.0,0.0,0,C239,UPI,11
T2239,2026-08-26,S04,P205,4,120.0,0.0,0,C812,Cash,11
T2240,2026-08-26,S04,P205,5,120.0,0.0,0,C835,Card,11
T2241,2026-08-26,S04,P330,63,42.5,15.0,1,C697,Card,18
T2242,2026-08-26,S04,P330,54,42.5,15.0,1,C491,UPI,18
T2243,2026-08-26,S04,P330,34,42.5,15.0,1,C151,Cash,18
T2244,2026-08-26,S04,P442,28,35.0,0.0,0,C576,Card,17
T2245,2026-08-26,S04,P442,22,35.0,0.0,0,C119,UPI,17
T2246,2026-08-26,S04,P442,21,35.0,0.0,0,C307,Cash,17
T2247,2026-08-27,S01,P101,41,60.0,0.0,1,C232,Cash,18
T2248,2026-08-27,S01,P101,34,60.0,0.0,1,C748,Card,18
T2249,2026-08-27,S01,P101,28,60.0,0.0,1,C798,UPI,18
T2250,2026-08-27,S01,P205,16,102.0,15.0,1,C898,Cash,17
T2251,2026-08-27,S01,P205,4,102.0,15.0,1,C153,Card,17
T2252,2026-08-27,S01,P205,3,102.0,15.0,1,C341,Cash,17
T2253,2026-08-27,S01,P330,56,50.0,0.0,0,C493,Cash,12
T2254,2026-08-27,S01,P330,29,50.0,0.0,0,C951,Card,12
T2255,2026-08-27,S01,P330,29,50.0,0.0,0,C144,Cash,12
T2256,2026-08-27,S01,P442,53,33.25,5.0,1,C303,UPI,18
T2257,2026-08-27,S01,P442,24,33.25,5.0,1,C651,Cash,18
T2258,2026-08-27,S01,P442,11,33.25,5.0,1,C422,Card,18
T2259,2026-08-27,S02,P101,66,60.0,0.0,0,C775,UPI,13
T2260,2026-08-27,S02,P101,40,60.0,0.0,0,C392,Cash,13
T2261,2026-08-27,S02,P101,21,60.0,0.0,0,C636,Cash,13
T2262,2026-08-27,S02,P205,8,120.0,0.0,0,C551,UPI,20
T2263,2026-08-27,S02,P205,10,120.0,0.0,0,C752,Cash,20
T2264,2026-08-27,S02,P205,8,120.0,0.0,0,C694,Card,20
T2265,2026-08-27,S02,P330,89,50.0,0.0,0,C688,UPI,19
T2266,2026-08-27,S02,P330,43,50.0,0.0,0,C692,UPI,19
T2267,2026-08-27,S02,P330,39,50.0,0.0,0,C735,Cash,19
T2268,2026-08-27,S02,P442,49,35.0,0.0,0,C425,Cash,21
T2269,2026-08-27,S02,P442,31,35.0,0.0,0,C768,Cash,21
T2270,2026-08-27,S02,P442,17,35.0,0.0,0,C458,Card,21
T2271,2026-08-27,S03,P101,27,60.0,0.0,0,C817,Cash,19
T2272,2026-08-27,S03,P101,22,60.0,0.0,0,C574,UPI,19
T2273,2026-08-27,S03,P101,12,60.0,0.0,0,C538,Card,19
T2274,2026-08-27,S03,P205,8,120.0,0.0,0,C105,UPI,13
T2275,2026-08-27,S03,P205,5,120.0,0.0,0,C816,Card,13
T2276,2026-08-27,S03,P205,1,120.0,0.0,0,C584,Cash,13
T2277,2026-08-27,S03,P330,54,50.0,0.0,1,C572,Cash,21
T2278,2026-08-27,S03,P330,29,50.0,0.0,1,C452,Card,21
T2279,2026-08-27,S03,P330,21,50.0,0.0,1,C178,Card,21
T2280,2026-08-27,S03,P442,24,35.0,0.0,0,C945,Cash,12
T2281,2026-08-27,S03,P442,18,35.0,0.0,0,C850,Cash,12
T2282,2026-08-27,S03,P442,10,35.0,0.0,0,C418,UPI,12
T2283,2026-08-27,S04,P101,51,60.0,0.0,0,C429,Cash,21
T2284,2026-08-27,S04,P101,31,60.0,0.0,0,C991,Card,21
T2285,2026-08-27,S04,P101,20,60.0,0.0,0,C455,Cash,21
T2286,2026-08-27,S04,P205,7,120.0,0.0,1,C150,Card,11
T2287,2026-08-27,S04,P205,5,120.0,0.0,1,C352,Card,11
T2288,2026-08-27,S04,P205,3,120.0,0.0,1,C345,Cash,11
T2289,2026-08-27,S04,P330,70,45.0,10.0,1,C922,UPI,13
T2290,2026-08-27,S04,P330,48,45.0,10.0,1,C877,Card,13
T2291,2026-08-27,S04,P330,32,45.0,10.0,1,C329,Cash,13
T2292,2026-08-27,S04,P442,40,35.0,0.0,0,C170,Cash,12
T2293,2026-08-27,S04,P442,15,35.0,0.0,0,C693,UPI,12
T2294,2026-08-27,S04,P442,16,35.0,0.0,0,C699,Card,12
T2295,2026-08-28,S01,P101,49,60.0,0.0,0,C262,Cash,9
T2296,2026-08-28,S01,P101,30,60.0,0.0,0,C640,UPI,9
T2297,2026-08-28,S01,P101,24,60.0,0.0,0,C948,Card,9
T2298,2026-08-28,S01,P205,10,114.0,5.0,1,C515,Card,20
T2299,2026-08-28,S01,P205,8,114.0,5.0,1,C515,Card,20
T2300,2026-08-28,S01,P205,4,114.0,5.0,1,C470,UPI,20
T2301,2026-08-28,S01,P330,74,45.0,10.0,1,C991,UPI,20
T2302,2026-08-28,S01,P330,39,45.0,10.0,1,C551,UPI,20
T2303,2026-08-28,S01,P330,22,45.0,10.0,1,C204,Card,20
T2304,2026-08-28,S01,P442,32,35.0,0.0,0,C310,Card,11
T2305,2026-08-28,S01,P442,23,35.0,0.0,0,C264,UPI,11
T2306,2026-08-28,S01,P442,9,35.0,0.0,0,C436,Card,11
T2307,2026-08-28,S02,P101,54,60.0,0.0,0,C566,UPI,18
T2308,2026-08-28,S02,P101,41,60.0,0.0,0,C639,Cash,18
T2309,2026-08-28,S02,P101,21,60.0,0.0,0,C736,Card,18
T2310,2026-08-28,S02,P205,9,120.0,0.0,0,C314,Cash,19
T2311,2026-08-28,S02,P205,8,120.0,0.0,0,C667,Cash,19
T2312,2026-08-28,S02,P205,6,120.0,0.0,0,C335,UPI,19
T2313,2026-08-28,S02,P330,90,50.0,0.0,0,C127,Card,12
T2314,2026-08-28,S02,P330,45,50.0,0.0,0,C307,Card,12
T2315,2026-08-28,S02,P330,22,50.0,0.0,0,C815,Cash,12
T2316,2026-08-28,S02,P442,52,35.0,0.0,0,C287,UPI,10
T2317,2026-08-28,S02,P442,27,35.0,0.0,0,C237,Cash,10
T2318,2026-08-28,S02,P442,19,35.0,0.0,0,C204,Card,10
T2319,2026-08-28,S03,P101,33,60.0,0.0,0,C895,Card,11
T2320,2026-08-28,S03,P101,16,60.0,0.0,0,C198,UPI,11
T2321,2026-08-28,S03,P101,12,60.0,0.0,0,C222,Cash,11
T2322,2026-08-28,S03,P205,4,120.0,0.0,0,C119,UPI,19
T2323,2026-08-28,S03,P205,9,120.0,0.0,0,C229,UPI,19
T2324,2026-08-28,S03,P205,1,120.0,0.0,0,C996,Card,19
T2325,2026-08-28,S03,P330,44,50.0,0.0,0,C531,Card,11
T2326,2026-08-28,S03,P330,30,50.0,0.0,0,C626,UPI,11
T2327,2026-08-28,S03,P330,18,50.0,0.0,0,C619,Card,11
T2328,2026-08-28,S03,P442,26,35.0,0.0,0,C453,Card,18
T2329,2026-08-28,S03,P442,14,35.0,0.0,0,C300,Card,18
T2330,2026-08-28,S03,P442,11,35.0,0.0,0,C214,Cash,18
T2331,2026-08-28,S04,P101,40,60.0,0.0,0,C258,Card,19
T2332,2026-08-28,S04,P101,14,60.0,0.0,0,C525,UPI,19
T2333,2026-08-28,S04,P101,15,60.0,0.0,0,C122,Cash,19
T2334,2026-08-28,S04,P205,6,120.0,0.0,0,C926,UPI,19
T2335,2026-08-28,S04,P205,5,120.0,0.0,0,C211,Card,19
T2336,2026-08-28,S04,P205,3,120.0,0.0,0,C329,Card,19
T2337,2026-08-28,S04,P330,45,50.0,0.0,0,C285,Card,18
T2338,2026-08-28,S04,P330,42,50.0,0.0,0,C513,UPI,18
T2339,2026-08-28,S04,P330,20,50.0,0.0,0,C352,Cash,18
T2340,2026-08-28,S04,P442,38,35.0,0.0,1,C209,Cash,12
T2341,2026-08-28,S04,P442,29,35.0,0.0,1,C747,Cash,12
T2342,2026-08-28,S04,P442,22,35.0,0.0,1,C783,Card,12
T2343,2026-08-29,S01,P101,57,60.0,0.0,0,C242,UPI,12
T2344,2026-08-29,S01,P101,48,60.0,0.0,0,C251,Card,12
T2345,2026-08-29,S01,P101,16,60.0,0.0,0,C545,UPI,12
T2346,2026-08-29,S01,P205,4,120.0,0.0,0,C115,Card,17
T2347,2026-08-29,S01,P205,7,120.0,0.0,0,C563,Cash,17
T2348,2026-08-29,S01,P205,8,120.0,0.0,0,C276,Cash,17
T2349,2026-08-29,S01,P330,66,50.0,0.0,0,C298,Cash,10
T2350,2026-08-29,S01,P330,29,50.0,0.0,0,C845,Card,10
T2351,2026-08-29,S01,P330,21,50.0,0.0,0,C163,Card,10
T2352,2026-08-29,S01,P442,51,35.0,0.0,0,C119,UPI,20
T2353,2026-08-29,S01,P442,27,35.0,0.0,0,C939,UPI,20
T2354,2026-08-29,S01,P442,14,35.0,0.0,0,C657,UPI,20
T2355,2026-08-29,S02,P101,79,60.0,0.0,0,C594,UPI,20
T2356,2026-08-29,S02,P101,50,60.0,0.0,0,C437,Cash,20
T2357,2026-08-29,S02,P101,29,60.0,0.0,0,C109,UPI,20
T2358,2026-08-29,S02,P205,12,120.0,0.0,0,C968,Cash,12
T2359,2026-08-29,S02,P205,8,120.0,0.0,0,C175,Card,12
T2360,2026-08-29,S02,P205,6,120.0,0.0,0,C631,UPI,12
T2361,2026-08-29,S02,P330,85,50.0,0.0,0,C295,UPI,19
T2362,2026-08-29,S02,P330,59,50.0,0.0,0,C763,Cash,19
T2363,2026-08-29,S02,P330,33,50.0,0.0,0,C739,UPI,19
T2364,2026-08-29,S02,P442,68,35.0,0.0,0,C110,UPI,21
T2365,2026-08-29,S02,P442,29,35.0,0.0,0,C225,Card,21
T2366,2026-08-29,S02,P442,20,35.0,0.0,0,C801,Cash,21
T2367,2026-08-29,S03,P101,40,57.0,5.0,1,C356,Card,21
T2368,2026-08-29,S03,P101,32,57.0,5.0,1,C797,UPI,21
T2369,2026-08-29,S03,P101,18,57.0,5.0,1,C499,Cash,21
T2370,2026-08-29,S03,P205,7,120.0,0.0,0,C173,Cash,12
T2371,2026-08-29,S03,P205,6,120.0,0.0,0,C826,UPI,12
T2372,2026-08-29,S03,P205,3,120.0,0.0,0,C427,Cash,12
T2373,2026-08-29,S03,P330,51,50.0,0.0,0,C293,Cash,9
T2374,2026-08-29,S03,P330,29,50.0,0.0,0,C763,UPI,9
T2375,2026-08-29,S03,P330,19,50.0,0.0,0,C699,Cash,9
T2376,2026-08-29,S03,P442,29,35.0,0.0,0,C328,Card,19
T2377,2026-08-29,S03,P442,24,35.0,0.0,0,C309,Cash,19
T2378,2026-08-29,S03,P442,14,35.0,0.0,0,C393,Cash,19
T2379,2026-08-29,S04,P101,60,60.0,0.0,1,C398,Cash,21
T2380,2026-08-29,S04,P101,38,60.0,0.0,1,C824,UPI,21
T2381,2026-08-29,S04,P101,17,60.0,0.0,1,C155,Cash,21
T2382,2026-08-29,S04,P205,13,120.0,0.0,0,C317,Card,17
T2383,2026-08-29,S04,P205,5,120.0,0.0,0,C772,Card,17
T2384,2026-08-29,S04,P205,4,120.0,0.0,0,C668,Card,17
T2385,2026-08-29,S04,P330,69,50.0,0.0,0,C368,Card,19
T2386,2026-08-29,S04,P330,29,50.0,0.0,0,C230,Cash,19
T2387,2026-08-29,S04,P330,22,50.0,0.0,0,C888,Cash,19
T2388,2026-08-29,S04,P442,32,35.0,0.0,0,C511,Cash,17
T2389,2026-08-29,S04,P442,19,35.0,0.0,0,C217,Card,17
T2390,2026-08-29,S04,P442,15,35.0,0.0,0,C291,Cash,17
T2391,2026-08-30,S01,P101,52,60.0,0.0,0,C181,Card,12
T2392,2026-08-30,S01,P101,38,60.0,0.0,0,C372,UPI,12
T2393,2026-08-30,S01,P101,28,60.0,0.0,0,C672,Cash,12
T2394,2026-08-30,S01,P205,8,120.0,0.0,1,C356,UPI,21
T2395,2026-08-30,S01,P205,7,120.0,0.0,1,C339,Cash,21
T2396,2026-08-30,S01,P205,7,120.0,0.0,1,C998,Cash,21
T2397,2026-08-30,S01,P330,69,50.0,0.0,0,C861,Cash,10
T2398,2026-08-30,S01,P330,41,50.0,0.0,0,C571,Card,10
T2399,2026-08-30,S01,P330,25,50.0,0.0,0,C122,UPI,10
T2400,2026-08-30,S01,P442,42,33.25,5.0,1,C724,Card,17
T2401,2026-08-30,S01,P442,27,33.25,5.0,1,C603,Card,17
T2402,2026-08-30,S01,P442,18,33.25,5.0,1,C654,UPI,17
T2403,2026-08-30,S02,P101,92,60.0,0.0,1,C615,UPI,20
T2404,2026-08-30,S02,P101,65,60.0,0.0,1,C860,UPI,20
T2405,2026-08-30,S02,P101,37,60.0,0.0,1,C846,Card,20
T2406,2026-08-30,S02,P205,17,120.0,0.0,1,C169,UPI,19
T2407,2026-08-30,S02,P205,12,120.0,0.0,1,C729,Card,19
T2408,2026-08-30,S02,P205,5,120.0,0.0,1,C304,Card,19
T2409,2026-08-30,S02,P330,84,50.0,0.0,0,C155,UPI,19
T2410,2026-08-30,S02,P330,42,50.0,0.0,0,C367,UPI,19
T2411,2026-08-30,S02,P330,41,50.0,0.0,0,C827,Card,19
T2412,2026-08-30,S02,P442,65,35.0,0.0,0,C244,Card,18
T2413,2026-08-30,S02,P442,39,35.0,0.0,0,C519,UPI,18
T2414,2026-08-30,S02,P442,31,35.0,0.0,0,C884,UPI,18
T2415,2026-08-30,S03,P101,39,60.0,0.0,0,C891,UPI,17
T2416,2026-08-30,S03,P101,24,60.0,0.0,0,C803,Card,17
T2417,2026-08-30,S03,P101,5,60.0,0.0,0,C179,Card,17
T2418,2026-08-30,S03,P205,8,120.0,0.0,0,C638,Card,17
T2419,2026-08-30,S03,P205,5,120.0,0.0,0,C173,UPI,17
T2420,2026-08-30,S03,P205,1,120.0,0.0,0,C797,Cash,17
T2421,2026-08-30,S03,P330,43,47.5,5.0,1,C770,Cash,11
T2422,2026-08-30,S03,P330,26,47.5,5.0,1,C211,Card,11
T2423,2026-08-30,S03,P330,19,47.5,5.0,1,C921,Cash,11
T2424,2026-08-30,S03,P442,32,35.0,0.0,0,C988,Cash,18
T2425,2026-08-30,S03,P442,21,35.0,0.0,0,C221,UPI,18
T2426,2026-08-30,S03,P442,9,35.0,0.0,0,C784,Card,18
T2427,2026-08-30,S04,P101,38,60.0,0.0,0,C563,Cash,19
T2428,2026-08-30,S04,P101,28,60.0,0.0,0,C101,Card,19
T2429,2026-08-30,S04,P101,18,60.0,0.0,0,C463,Cash,19
T2430,2026-08-30,S04,P205,9,120.0,0.0,0,C665,Card,13
T2431,2026-08-30,S04,P205,7,120.0,0.0,0,C949,UPI,13
T2432,2026-08-30,S04,P205,1,120.0,0.0,0,C698,Card,13
T2433,2026-08-30,S04,P330,75,42.5,15.0,1,C940,Card,17
T2434,2026-08-30,S04,P330,40,42.5,15.0,1,C948,Cash,17
T2435,2026-08-30,S04,P330,30,42.5,15.0,1,C879,Cash,17
T2436,2026-08-30,S04,P442,32,35.0,0.0,0,C410,UPI,21
T2437,2026-08-30,S04,P442,21,35.0,0.0,0,C356,UPI,21
T2438,2026-08-30,S04,P442,13,35.0,0.0,0,C632,Card,21
T2439,2026-08-31,S01,P101,47,60.0,0.0,0,C989,Card,9
T2440,2026-08-31,S01,P101,29,60.0,0.0,0,C487,UPI,9
T2441,2026-08-31,S01,P101,14,60.0,0.0,0,C881,Card,9
T2442,2026-08-31,S01,P205,10,120.0,0.0,0,C381,UPI,11
T2443,2026-08-31,S01,P205,5,120.0,0.0,0,C221,Cash,11
T2444,2026-08-31,S01,P205,2,120.0,0.0,0,C393,Cash,11
T2445,2026-08-31,S01,P330,51,50.0,0.0,0,C495,Cash,9
T2446,2026-08-31,S01,P330,39,50.0,0.0,0,C406,Card,9
T2447,2026-08-31,S01,P330,34,50.0,0.0,0,C522,UPI,9
T2448,2026-08-31,S01,P442,36,35.0,0.0,0,C981,Card,13
T2449,2026-08-31,S01,P442,29,35.0,0.0,0,C532,Cash,13
T2450,2026-08-31,S01,P442,18,35.0,0.0,0,C698,UPI,13
T2451,2026-08-31,S02,P101,70,60.0,0.0,0,C196,UPI,11
T2452,2026-08-31,S02,P101,37,60.0,0.0,0,C212,UPI,11
T2453,2026-08-31,S02,P101,27,60.0,0.0,0,C555,Cash,11
T2454,2026-08-31,S02,P205,14,120.0,0.0,0,C611,Card,11
T2455,2026-08-31,S02,P205,8,120.0,0.0,0,C260,UPI,11
T2456,2026-08-31,S02,P205,4,120.0,0.0,0,C299,UPI,11
T2457,2026-08-31,S02,P330,70,50.0,0.0,0,C486,Card,19
T2458,2026-08-31,S02,P330,42,50.0,0.0,0,C580,Card,19
T2459,2026-08-31,S02,P330,34,50.0,0.0,0,C507,UPI,19
T2460,2026-08-31,S02,P442,58,35.0,0.0,1,C572,UPI,20
T2461,2026-08-31,S02,P442,32,35.0,0.0,1,C357,Cash,20
T2462,2026-08-31,S02,P442,20,35.0,0.0,1,C849,Card,20
T2463,2026-08-31,S03,P101,38,60.0,0.0,0,C834,UPI,21
T2464,2026-08-31,S03,P101,21,60.0,0.0,0,C592,UPI,21
T2465,2026-08-31,S03,P101,13,60.0,0.0,0,C510,UPI,21
T2466,2026-08-31,S03,P205,8,120.0,0.0,0,C367,Cash,10
T2467,2026-08-31,S03,P205,4,120.0,0.0,0,C443,UPI,10
T2468,2026-08-31,S03,P205,2,120.0,0.0,0,C265,Card,10
T2469,2026-08-31,S03,P330,58,50.0,0.0,0,C372,UPI,21
T2470,2026-08-31,S03,P330,30,50.0,0.0,0,C912,Card,21
T2471,2026-08-31,S03,P330,13,50.0,0.0,0,C736,Cash,21
T2472,2026-08-31,S03,P442,24,35.0,0.0,0,C544,Cash,20
T2473,2026-08-31,S03,P442,13,35.0,0.0,0,C124,Card,20
T2474,2026-08-31,S03,P442,20,35.0,0.0,0,C424,Cash,20
T2475,2026-08-31,S04,P101,43,60.0,0.0,0,C761,Cash,20
T2476,2026-08-31,S04,P101,24,60.0,0.0,0,C919,UPI,20
T2477,2026-08-31,S04,P101,22,60.0,0.0,0,C243,UPI,20
T2478,2026-08-31,S04,P205,10,120.0,0.0,0,C661,UPI,10
T2479,2026-08-31,S04,P205,4,120.0,0.0,0,C588,Card,10
T2480,2026-08-31,S04,P205,3,120.0,0.0,0,C128,Cash,10
T2481,2026-08-31,S04,P330,55,50.0,0.0,0,C883,UPI,18
T2482,2026-08-31,S04,P330,32,50.0,0.0,0,C709,Cash,18
T2483,2026-08-31,S04,P330,20,50.0,0.0,0,C739,UPI,18
T2484,2026-08-31,S04,P442,38,35.0,0.0,0,C270,UPI,19
T2485,2026-08-31,S04,P442,14,35.0,0.0,0,C747,Cash,19
T2486,2026-08-31,S04,P442,14,35.0,0.0,0,C804,UPI,19
T2487,2026-09-01,S01,P101,57,60.0,0.0,0,C554,Cash,18
T2488,2026-09-01,S01,P101,27,60.0,0.0,0,C114,Cash,18
T2489,2026-09-01,S01,P101,28,60.0,0.0,0,C960,Card,18
T2490,2026-09-01,S01,P205,13,120.0,0.0,0,C358,Cash,18
T2491,2026-09-01,S01,P205,8,120.0,0.0,0,C242,UPI,18
T2492,2026-09-01,S01,P205,2,120.0,0.0,0,C846,Cash,18
T2493,2026-09-01,S01,P330,66,50.0,0.0,0,C577,Cash,12
T2494,2026-09-01,S01,P330,37,50.0,0.0,0,C706,Cash,12
T2495,2026-09-01,S01,P330,26,50.0,0.0,0,C108,UPI,12
T2496,2026-09-01,S01,P442,52,29.75,15.0,1,C405,Cash,10
T2497,2026-09-01,S01,P442,28,29.75,15.0,1,C356,Card,10
T2498,2026-09-01,S01,P442,20,29.75,15.0,1,C979,UPI,10
T2499,2026-09-01,S02,P101,64,60.0,0.0,0,C568,Card,9
T2500,2026-09-01,S02,P101,29,60.0,0.0,0,C670,Cash,9
T2501,2026-09-01,S02,P101,21,60.0,0.0,0,C639,Card,9
T2502,2026-09-01,S02,P205,13,120.0,0.0,0,C591,UPI,17
T2503,2026-09-01,S02,P205,9,120.0,0.0,0,C677,Card,17
T2504,2026-09-01,S02,P205,3,120.0,0.0,0,C519,UPI,17
T2505,2026-09-01,S02,P330,85,50.0,0.0,0,C555,UPI,20
T2506,2026-09-01,S02,P330,37,50.0,0.0,0,C730,Cash,20
T2507,2026-09-01,S02,P330,26,50.0,0.0,0,C287,UPI,20
T2508,2026-09-01,S02,P442,57,35.0,0.0,0,C896,UPI,18
T2509,2026-09-01,S02,P442,28,35.0,0.0,0,C861,Cash,18
T2510,2026-09-01,S02,P442,25,35.0,0.0,0,C602,Card,18
T2511,2026-09-01,S03,P101,27,60.0,0.0,0,C762,Cash,18
T2512,2026-09-01,S03,P101,21,60.0,0.0,0,C401,Card,18
T2513,2026-09-01,S03,P101,11,60.0,0.0,0,C496,UPI,18
T2514,2026-09-01,S03,P205,8,120.0,0.0,0,C169,Card,18
T2515,2026-09-01,S03,P205,6,120.0,0.0,0,C538,UPI,18
T2516,2026-09-01,S03,P330,40,50.0,0.0,0,C476,Cash,21
T2517,2026-09-01,S03,P330,20,50.0,0.0,0,C982,Card,21
T2518,2026-09-01,S03,P330,18,50.0,0.0,0,C324,UPI,21
T2519,2026-09-01,S03,P442,24,35.0,0.0,0,C837,Cash,9
T2520,2026-09-01,S03,P442,9,35.0,0.0,0,C682,Card,9
T2521,2026-09-01,S03,P442,13,35.0,0.0,0,C665,UPI,9
T2522,2026-09-01,S04,P101,36,60.0,0.0,0,C673,UPI,20
T2523,2026-09-01,S04,P101,22,60.0,0.0,0,C481,Card,20
T2524,2026-09-01,S04,P101,16,60.0,0.0,0,C716,Card,20
T2525,2026-09-01,S04,P205,10,120.0,0.0,0,C490,UPI,18
T2526,2026-09-01,S04,P205,4,120.0,0.0,0,C775,UPI,18
T2527,2026-09-01,S04,P205,2,120.0,0.0,0,C397,UPI,18
T2528,2026-09-01,S04,P330,50,50.0,0.0,0,C480,UPI,10
T2529,2026-09-01,S04,P330,29,50.0,0.0,0,C745,Card,10
T2530,2026-09-01,S04,P330,14,50.0,0.0,0,C981,Card,10
T2531,2026-09-01,S04,P442,35,35.0,0.0,1,C343,Card,12
T2532,2026-09-01,S04,P442,27,35.0,0.0,1,C265,Card,12
T2533,2026-09-01,S04,P442,14,35.0,0.0,1,C494,Card,12
T2534,2026-09-02,S01,P101,35,60.0,0.0,0,C947,UPI,12
T2535,2026-09-02,S01,P101,28,60.0,0.0,0,C602,Cash,12
T2536,2026-09-02,S01,P101,16,60.0,0.0,0,C703,Cash,12
T2537,2026-09-02,S01,P205,11,120.0,0.0,1,C528,Cash,18
T2538,2026-09-02,S01,P205,4,120.0,0.0,1,C448,Card,18
T2539,2026-09-02,S01,P205,3,120.0,0.0,1,C580,Cash,18
T2540,2026-09-02,S01,P330,57,50.0,0.0,0,C987,Cash,10
T2541,2026-09-02,S01,P330,41,50.0,0.0,0,C772,Cash,10
T2542,2026-09-02,S01,P330,25,50.0,0.0,0,C630,Cash,10
T2543,2026-09-02,S01,P442,40,35.0,0.0,0,C593,Card,18
T2544,2026-09-02,S01,P442,17,35.0,0.0,0,C410,Cash,18
T2545,2026-09-02,S01,P442,12,35.0,0.0,0,C768,Card,18
T2546,2026-09-02,S02,P101,69,60.0,0.0,0,C640,Card,12
T2547,2026-09-02,S02,P101,37,60.0,0.0,0,C310,Card,12
T2548,2026-09-02,S02,P101,28,60.0,0.0,0,C392,Cash,12
T2549,2026-09-02,S02,P205,11,120.0,0.0,1,C537,Cash,13
T2550,2026-09-02,S02,P205,15,120.0,0.0,1,C296,UPI,13
T2551,2026-09-02,S02,P205,7,120.0,0.0,1,C190,Cash,13
T2552,2026-09-02,S02,P330,103,50.0,0.0,0,C954,UPI,10
T2553,2026-09-02,S02,P330,48,50.0,0.0,0,C597,UPI,10
T2554,2026-09-02,S02,P330,27,50.0,0.0,0,C769,Card,10
T2555,2026-09-02,S02,P442,54,31.5,10.0,1,C871,UPI,11
T2556,2026-09-02,S02,P442,27,31.5,10.0,1,C752,Cash,11
T2557,2026-09-02,S02,P442,23,31.5,10.0,1,C335,Card,11
T2558,2026-09-02,S03,P101,40,60.0,0.0,0,C261,UPI,20
T2559,2026-09-02,S03,P101,19,60.0,0.0,0,C951,UPI,20
T2560,2026-09-02,S03,P101,9,60.0,0.0,0,C224,Cash,20
T2561,2026-09-02,S03,P205,9,120.0,0.0,0,C955,Cash,20
T2562,2026-09-02,S03,P205,2,120.0,0.0,0,C621,Cash,20
T2563,2026-09-02,S03,P205,3,120.0,0.0,0,C111,Cash,20
T2564,2026-09-02,S03,P330,38,50.0,0.0,0,C418,UPI,17
T2565,2026-09-02,S03,P330,21,50.0,0.0,0,C703,UPI,17
T2566,2026-09-02,S03,P330,22,50.0,0.0,0,C534,Card,17
T2567,2026-09-02,S03,P442,35,35.0,0.0,0,C204,Card,11
T2568,2026-09-02,S03,P442,16,35.0,0.0,0,C542,Cash,11
T2569,2026-09-02,S03,P442,7,35.0,0.0,0,C148,UPI,11
T2570,2026-09-02,S04,P101,36,60.0,0.0,0,C364,Card,18
T2571,2026-09-02,S04,P101,31,60.0,0.0,0,C391,UPI,18
T2572,2026-09-02,S04,P101,14,60.0,0.0,0,C563,Cash,18
T2573,2026-09-02,S04,P205,7,120.0,0.0,0,C509,Cash,13
T2574,2026-09-02,S04,P205,6,120.0,0.0,0,C443,UPI,13
T2575,2026-09-02,S04,P205,4,120.0,0.0,0,C870,Card,13
T2576,2026-09-02,S04,P330,57,50.0,0.0,0,C917,Card,21
T2577,2026-09-02,S04,P330,26,50.0,0.0,0,C627,Card,21
T2578,2026-09-02,S04,P330,19,50.0,0.0,0,C526,Card,21
T2579,2026-09-02,S04,P442,44,35.0,0.0,0,C988,UPI,20
T2580,2026-09-02,S04,P442,22,35.0,0.0,0,C711,Cash,20
T2581,2026-09-02,S04,P442,11,35.0,0.0,0,C453,UPI,20
T2582,2026-09-03,S01,P101,41,60.0,0.0,0,C791,Cash,11
T2583,2026-09-03,S01,P101,28,60.0,0.0,0,C941,Card,11
T2584,2026-09-03,S01,P101,24,60.0,0.0,0,C681,Cash,11
T2585,2026-09-03,S01,P205,9,120.0,0.0,0,C794,Cash,17
T2586,2026-09-03,S01,P205,7,120.0,0.0,0,C502,Card,17
T2587,2026-09-03,S01,P205,3,120.0,0.0,0,C966,UPI,17
T2588,2026-09-03,S01,P330,67,50.0,0.0,0,C786,Cash,21
T2589,2026-09-03,S01,P330,43,50.0,0.0,0,C803,UPI,21
T2590,2026-09-03,S01,P330,18,50.0,0.0,0,C334,Cash,21
T2591,2026-09-03,S01,P442,35,35.0,0.0,0,C372,Card,21
T2592,2026-09-03,S01,P442,22,35.0,0.0,0,C904,Card,21
T2593,2026-09-03,S01,P442,20,35.0,0.0,0,C829,UPI,21
T2594,2026-09-03,S02,P101,68,60.0,0.0,0,C418,UPI,13
T2595,2026-09-03,S02,P101,46,60.0,0.0,0,C133,Cash,13
T2596,2026-09-03,S02,P101,23,60.0,0.0,0,C365,Cash,13
T2597,2026-09-03,S02,P205,13,114.0,5.0,1,C669,UPI,12
T2598,2026-09-03,S02,P205,8,114.0,5.0,1,C645,Cash,12
T2599,2026-09-03,S02,P205,7,114.0,5.0,1,C464,Cash,12
T2600,2026-09-03,S02,P330,66,50.0,0.0,0,C168,Card,17
T2601,2026-09-03,S02,P330,42,50.0,0.0,0,C487,Card,17
T2602,2026-09-03,S02,P330,31,50.0,0.0,0,C885,Cash,17
T2603,2026-09-03,S02,P442,52,35.0,0.0,0,C902,Cash,19
T2604,2026-09-03,S02,P442,36,35.0,0.0,0,C991,Card,19
T2605,2026-09-03,S02,P442,14,35.0,0.0,0,C885,Card,19
T2606,2026-09-03,S03,P101,34,60.0,0.0,1,C559,UPI,17
T2607,2026-09-03,S03,P101,22,60.0,0.0,1,C403,UPI,17
T2608,2026-09-03,S03,P101,16,60.0,0.0,1,C426,Card,17
T2609,2026-09-03,S03,P205,6,120.0,0.0,0,C748,UPI,19
T2610,2026-09-03,S03,P205,4,120.0,0.0,0,C452,Card,19
T2611,2026-09-03,S03,P205,2,120.0,0.0,0,C364,Cash,19
T2612,2026-09-03,S03,P330,54,42.5,15.0,1,C239,Card,19
T2613,2026-09-03,S03,P330,29,42.5,15.0,1,C966,UPI,19
T2614,2026-09-03,S03,P330,24,42.5,15.0,1,C779,Card,19
T2615,2026-09-03,S03,P442,23,35.0,0.0,0,C761,Card,11
T2616,2026-09-03,S03,P442,18,35.0,0.0,0,C342,Cash,11
T2617,2026-09-03,S03,P442,13,35.0,0.0,0,C819,Cash,11
T2618,2026-09-03,S04,P101,47,60.0,0.0,1,C379,UPI,11
T2619,2026-09-03,S04,P101,31,60.0,0.0,1,C465,UPI,11
T2620,2026-09-03,S04,P101,16,60.0,0.0,1,C193,UPI,11
T2621,2026-09-03,S04,P205,9,102.0,15.0,1,C610,Cash,20
T2622,2026-09-03,S04,P205,5,102.0,15.0,1,C628,Card,20
T2623,2026-09-03,S04,P205,5,102.0,15.0,1,C440,UPI,20
T2624,2026-09-03,S04,P330,61,50.0,0.0,0,C782,UPI,9
T2625,2026-09-03,S04,P330,30,50.0,0.0,0,C685,UPI,9
T2626,2026-09-03,S04,P330,25,50.0,0.0,0,C879,Card,9
T2627,2026-09-03,S04,P442,37,35.0,0.0,1,C447,Card,13
T2628,2026-09-03,S04,P442,26,35.0,0.0,1,C447,UPI,13
T2629,2026-09-03,S04,P442,21,35.0,0.0,1,C497,Cash,13
T2630,2026-09-04,S01,P101,54,60.0,0.0,0,C779,Cash,19
T2631,2026-09-04,S01,P101,28,60.0,0.0,0,C320,Cash,19
T2632,2026-09-04,S01,P101,19,60.0,0.0,0,C424,UPI,19
T2633,2026-09-04,S01,P205,3,120.0,0.0,0,C591,Card,11
T2634,2026-09-04,S01,P205,10,120.0,0.0,0,C798,UPI,11
T2635,2026-09-04,S01,P205,5,120.0,0.0,0,C295,Cash,11
T2636,2026-09-04,S01,P330,68,45.0,10.0,1,C125,Cash,19
T2637,2026-09-04,S01,P330,35,45.0,10.0,1,C553,Cash,19
T2638,2026-09-04,S01,P330,26,45.0,10.0,1,C285,Cash,19
T2639,2026-09-04,S01,P442,29,35.0,0.0,0,C486,Cash,9
T2640,2026-09-04,S01,P442,27,35.0,0.0,0,C574,Cash,9
T2641,2026-09-04,S01,P442,15,35.0,0.0,0,C306,Card,9
T2642,2026-09-04,S02,P101,66,60.0,0.0,0,C518,UPI,10
T2643,2026-09-04,S02,P101,48,60.0,0.0,0,C755,UPI,10
T2644,2026-09-04,S02,P101,28,60.0,0.0,0,C314,UPI,10
T2645,2026-09-04,S02,P205,19,114.0,5.0,1,C399,Card,18
T2646,2026-09-04,S02,P205,8,114.0,5.0,1,C883,UPI,18
T2647,2026-09-04,S02,P205,2,114.0,5.0,1,C803,Cash,18
T2648,2026-09-04,S02,P330,79,50.0,0.0,0,C811,UPI,13
T2649,2026-09-04,S02,P330,45,50.0,0.0,0,C588,Card,13
T2650,2026-09-04,S02,P330,22,50.0,0.0,0,C477,UPI,13
T2651,2026-09-04,S02,P442,58,35.0,0.0,0,C358,Cash,12
T2652,2026-09-04,S02,P442,32,35.0,0.0,0,C946,Cash,12
T2653,2026-09-04,S02,P442,11,35.0,0.0,0,C563,Card,12
T2654,2026-09-04,S03,P101,36,60.0,0.0,0,C156,UPI,11
T2655,2026-09-04,S03,P101,20,60.0,0.0,0,C949,Cash,11
T2656,2026-09-04,S03,P101,11,60.0,0.0,0,C626,UPI,11
T2657,2026-09-04,S03,P205,3,120.0,0.0,0,C615,UPI,17
T2658,2026-09-04,S03,P205,7,120.0,0.0,0,C248,UPI,17
T2659,2026-09-04,S03,P205,4,120.0,0.0,0,C754,UPI,17
T2660,2026-09-04,S03,P330,52,50.0,0.0,0,C242,UPI,18
T2661,2026-09-04,S03,P330,30,50.0,0.0,0,C462,Card,18
T2662,2026-09-04,S03,P330,13,50.0,0.0,0,C660,UPI,18
T2663,2026-09-04,S03,P442,30,35.0,0.0,0,C418,UPI,19
T2664,2026-09-04,S03,P442,17,35.0,0.0,0,C280,UPI,19
T2665,2026-09-04,S03,P442,7,35.0,0.0,0,C219,Cash,19
T2666,2026-09-04,S04,P101,34,60.0,0.0,0,C398,UPI,12
T2667,2026-09-04,S04,P101,27,60.0,0.0,0,C949,UPI,12
T2668,2026-09-04,S04,P101,11,60.0,0.0,0,C492,Card,12
T2669,2026-09-04,S04,P205,9,120.0,0.0,0,C936,Cash,17
T2670,2026-09-04,S04,P205,2,120.0,0.0,0,C786,Cash,17
T2671,2026-09-04,S04,P205,3,120.0,0.0,0,C822,Cash,17
T2672,2026-09-04,S04,P330,42,50.0,0.0,0,C498,Cash,17
T2673,2026-09-04,S04,P330,27,50.0,0.0,0,C204,UPI,17
T2674,2026-09-04,S04,P330,16,50.0,0.0,0,C429,UPI,17
T2675,2026-09-04,S04,P442,31,35.0,0.0,0,C870,Cash,13
T2676,2026-09-04,S04,P442,23,35.0,0.0,0,C757,Card,13
T2677,2026-09-04,S04,P442,16,35.0,0.0,0,C195,UPI,13
T2678,2026-09-05,S01,P101,57,60.0,0.0,0,C719,Card,19
T2679,2026-09-05,S01,P101,33,60.0,0.0,0,C325,Card,19
T2680,2026-09-05,S01,P101,20,60.0,0.0,0,C892,UPI,19
T2681,2026-09-05,S01,P205,11,120.0,0.0,0,C342,Card,13
T2682,2026-09-05,S01,P205,10,120.0,0.0,0,C621,Cash,13
T2683,2026-09-05,S01,P205,2,120.0,0.0,0,C777,UPI,13
T2684,2026-09-05,S01,P330,77,50.0,0.0,0,C246,UPI,11
T2685,2026-09-05,S01,P330,45,50.0,0.0,0,C698,UPI,11
T2686,2026-09-05,S01,P330,23,50.0,0.0,0,C432,Cash,11
T2687,2026-09-05,S01,P442,49,35.0,0.0,0,C781,UPI,18
T2688,2026-09-05,S01,P442,28,35.0,0.0,0,C229,Cash,18
T2689,2026-09-05,S01,P442,19,35.0,0.0,0,C255,Card,18
T2690,2026-09-05,S02,P101,93,60.0,0.0,0,C702,Cash,20
T2691,2026-09-05,S02,P101,48,60.0,0.0,0,C185,Card,20
T2692,2026-09-05,S02,P101,34,60.0,0.0,0,C974,UPI,20
T2693,2026-09-05,S02,P205,11,120.0,0.0,0,C264,UPI,20
T2694,2026-09-05,S02,P205,16,120.0,0.0,0,C391,UPI,20
T2695,2026-09-05,S02,P205,4,120.0,0.0,0,C955,UPI,20
T2696,2026-09-05,S02,P330,93,50.0,0.0,0,C547,UPI,12
T2697,2026-09-05,S02,P330,47,50.0,0.0,0,C170,Card,12
T2698,2026-09-05,S02,P330,38,50.0,0.0,0,C895,Card,12
T2699,2026-09-05,S02,P442,65,35.0,0.0,0,C424,Cash,11
T2700,2026-09-05,S02,P442,34,35.0,0.0,0,C860,Cash,11
T2701,2026-09-05,S02,P442,24,35.0,0.0,0,C950,Card,11
T2702,2026-09-05,S03,P101,36,60.0,0.0,0,C447,Cash,11
T2703,2026-09-05,S03,P101,26,60.0,0.0,0,C988,Card,11
T2704,2026-09-05,S03,P101,19,60.0,0.0,0,C334,Card,11
T2705,2026-09-05,S03,P205,8,120.0,0.0,0,C602,Card,12
T2706,2026-09-05,S03,P205,5,120.0,0.0,0,C920,Card,12
T2707,2026-09-05,S03,P205,2,120.0,0.0,0,C360,UPI,12
T2708,2026-09-05,S03,P330,66,50.0,0.0,0,C408,Cash,18
T2709,2026-09-05,S03,P330,31,50.0,0.0,0,C963,Card,18
T2710,2026-09-05,S03,P330,24,50.0,0.0,0,C360,UPI,18
T2711,2026-09-05,S03,P442,30,35.0,0.0,0,C192,UPI,10
T2712,2026-09-05,S03,P442,21,35.0,0.0,0,C822,Card,10
T2713,2026-09-05,S03,P442,9,35.0,0.0,0,C463,Cash,10
T2714,2026-09-05,S04,P101,61,60.0,0.0,1,C978,Cash,20
T2715,2026-09-05,S04,P101,33,60.0,0.0,1,C259,Cash,20
T2716,2026-09-05,S04,P101,25,60.0,0.0,1,C522,UPI,20
T2717,2026-09-05,S04,P205,10,120.0,0.0,0,C297,UPI,12
T2718,2026-09-05,S04,P205,5,120.0,0.0,0,C408,Cash,12
T2719,2026-09-05,S04,P205,3,120.0,0.0,0,C431,Cash,12
T2720,2026-09-05,S04,P330,69,50.0,0.0,0,C630,Card,9
T2721,2026-09-05,S04,P330,51,50.0,0.0,0,C885,Card,9
T2722,2026-09-05,S04,P330,28,50.0,0.0,0,C220,UPI,9
T2723,2026-09-05,S04,P442,45,35.0,0.0,0,C831,Card,17
T2724,2026-09-05,S04,P442,30,35.0,0.0,0,C844,Card,17
T2725,2026-09-05,S04,P442,12,35.0,0.0,0,C862,Card,17
T2726,2026-09-06,S01,P101,63,60.0,0.0,1,C359,Card,12
T2727,2026-09-06,S01,P101,38,60.0,0.0,1,C517,Cash,12
T2728,2026-09-06,S01,P101,24,60.0,0.0,1,C706,Cash,12
T2729,2026-09-06,S01,P205,16,108.0,10.0,1,C695,Card,13
T2730,2026-09-06,S01,P205,4,108.0,10.0,1,C470,Cash,13
T2731,2026-09-06,S01,P205,5,108.0,10.0,1,C177,Card,13
T2732,2026-09-06,S01,P330,70,50.0,0.0,0,C340,UPI,10
T2733,2026-09-06,S01,P330,32,50.0,0.0,0,C246,UPI,10
T2734,2026-09-06,S01,P330,28,50.0,0.0,0,C194,Cash,10
T2735,2026-09-06,S01,P442,54,35.0,0.0,1,C995,Card,10
T2736,2026-09-06,S01,P442,27,35.0,0.0,1,C353,UPI,10
T2737,2026-09-06,S01,P442,20,35.0,0.0,1,C619,UPI,10
T2738,2026-09-06,S02,P101,61,60.0,0.0,0,C442,Card,11
T2739,2026-09-06,S02,P101,46,60.0,0.0,0,C362,Card,11
T2740,2026-09-06,S02,P101,28,60.0,0.0,0,C392,UPI,11
T2741,2026-09-06,S02,P205,12,120.0,0.0,0,C718,Card,19
T2742,2026-09-06,S02,P205,10,120.0,0.0,0,C508,UPI,19
T2743,2026-09-06,S02,P205,7,120.0,0.0,0,C224,UPI,19
T2744,2026-09-06,S02,P330,104,50.0,0.0,0,C475,Card,13
T2745,2026-09-06,S02,P330,58,50.0,0.0,0,C110,Cash,13
T2746,2026-09-06,S02,P330,37,50.0,0.0,0,C867,Cash,13
T2747,2026-09-06,S02,P442,62,35.0,0.0,0,C720,UPI,18
T2748,2026-09-06,S02,P442,35,35.0,0.0,0,C267,UPI,18
T2749,2026-09-06,S02,P442,35,35.0,0.0,0,C279,Card,18
T2750,2026-09-06,S03,P101,31,60.0,0.0,0,C817,UPI,18
T2751,2026-09-06,S03,P101,23,60.0,0.0,0,C668,Cash,18
T2752,2026-09-06,S03,P101,13,60.0,0.0,0,C484,UPI,18
T2753,2026-09-06,S03,P205,10,120.0,0.0,1,C695,Cash,12
T2754,2026-09-06,S03,P205,3,120.0,0.0,1,C141,Cash,12
T2755,2026-09-06,S03,P205,2,120.0,0.0,1,C156,Card,12
T2756,2026-09-06,S03,P330,49,50.0,0.0,0,C271,UPI,9
T2757,2026-09-06,S03,P330,31,50.0,0.0,0,C921,Card,9
T2758,2026-09-06,S03,P330,20,50.0,0.0,0,C568,Card,9
T2759,2026-09-06,S03,P442,24,35.0,0.0,0,C180,UPI,9
T2760,2026-09-06,S03,P442,16,35.0,0.0,0,C963,Card,9
T2761,2026-09-06,S03,P442,11,35.0,0.0,0,C506,Card,9
T2762,2026-09-06,S04,P101,49,60.0,0.0,0,C876,Cash,17
T2763,2026-09-06,S04,P101,35,60.0,0.0,0,C389,UPI,17
T2764,2026-09-06,S04,P101,13,60.0,0.0,0,C574,UPI,17
T2765,2026-09-06,S04,P205,4,120.0,0.0,0,C752,Cash,17
T2766,2026-09-06,S04,P205,4,120.0,0.0,0,C457,UPI,17
T2767,2026-09-06,S04,P205,6,120.0,0.0,0,C469,Cash,17
T2768,2026-09-06,S04,P330,56,50.0,0.0,0,C995,Cash,10
T2769,2026-09-06,S04,P330,31,50.0,0.0,0,C249,Card,10
T2770,2026-09-06,S04,P330,29,50.0,0.0,0,C219,Card,10
T2771,2026-09-06,S04,P442,33,35.0,0.0,0,C367,Cash,21
T2772,2026-09-06,S04,P442,24,35.0,0.0,0,C723,UPI,21
T2773,2026-09-06,S04,P442,18,35.0,0.0,0,C915,Card,21
T2774,2026-09-07,S01,P101,63,60.0,0.0,0,C469,UPI,12
T2775,2026-09-07,S01,P101,24,60.0,0.0,0,C251,Card,12
T2776,2026-09-07,S01,P101,27,60.0,0.0,0,C998,Cash,12
T2777,2026-09-07,S01,P205,9,120.0,0.0,0,C942,UPI,10
T2778,2026-09-07,S01,P205,7,120.0,0.0,0,C781,Cash,10
T2779,2026-09-07,S01,P205,3,120.0,0.0,0,C360,UPI,10
T2780,2026-09-07,S01,P330,55,50.0,0.0,0,C464,UPI,17
T2781,2026-09-07,S01,P330,33,50.0,0.0,0,C583,Cash,17
T2782,2026-09-07,S01,P330,19,50.0,0.0,0,C123,Card,17
T2783,2026-09-07,S01,P442,35,35.0,0.0,0,C765,UPI,9
T2784,2026-09-07,S01,P442,24,35.0,0.0,0,C133,UPI,9
T2785,2026-09-07,S01,P442,11,35.0,0.0,0,C417,Cash,9
T2786,2026-09-07,S02,P101,80,60.0,0.0,0,C723,Card,10
T2787,2026-09-07,S02,P101,32,60.0,0.0,0,C742,UPI,10
T2788,2026-09-07,S02,P101,22,60.0,0.0,0,C600,Card,10
T2789,2026-09-07,S02,P205,15,120.0,0.0,0,C387,Cash,17
T2790,2026-09-07,S02,P205,10,120.0,0.0,0,C723,Card,17
T2791,2026-09-07,S02,P330,69,50.0,0.0,0,C110,Card,12
T2792,2026-09-07,S02,P330,33,50.0,0.0,0,C355,Cash,12
T2793,2026-09-07,S02,P330,22,50.0,0.0,0,C908,UPI,12
T2794,2026-09-07,S02,P442,52,35.0,0.0,0,C335,Card,10
T2795,2026-09-07,S02,P442,38,35.0,0.0,0,C112,Card,10
T2796,2026-09-07,S02,P442,18,35.0,0.0,0,C134,Cash,10
T2797,2026-09-07,S03,P101,38,51.0,15.0,1,C311,Card,9
T2798,2026-09-07,S03,P101,24,51.0,15.0,1,C694,Cash,9
T2799,2026-09-07,S03,P101,14,51.0,15.0,1,C828,Card,9
T2800,2026-09-07,S03,P205,3,120.0,0.0,0,C744,UPI,20
T2801,2026-09-07,S03,P205,6,120.0,0.0,0,C419,Card,20
T2802,2026-09-07,S03,P205,3,120.0,0.0,0,C625,Card,20
T2803,2026-09-07,S03,P330,48,50.0,0.0,1,C168,UPI,12
T2804,2026-09-07,S03,P330,31,50.0,0.0,1,C425,Card,12
T2805,2026-09-07,S03,P330,23,50.0,0.0,1,C166,UPI,12
T2806,2026-09-07,S03,P442,34,35.0,0.0,1,C612,UPI,17
T2807,2026-09-07,S03,P442,17,35.0,0.0,1,C909,UPI,17
T2808,2026-09-07,S03,P442,13,35.0,0.0,1,C334,Cash,17
T2809,2026-09-07,S04,P101,38,60.0,0.0,0,C405,Card,17
T2810,2026-09-07,S04,P101,27,60.0,0.0,0,C521,Cash,17
T2811,2026-09-07,S04,P101,23,60.0,0.0,0,C722,Cash,17
T2812,2026-09-07,S04,P205,6,120.0,0.0,0,C169,Card,19
T2813,2026-09-07,S04,P205,6,120.0,0.0,0,C526,UPI,19
T2814,2026-09-07,S04,P205,4,120.0,0.0,0,C542,UPI,19
T2815,2026-09-07,S04,P330,55,50.0,0.0,0,C356,Card,20
T2816,2026-09-07,S04,P330,30,50.0,0.0,0,C255,UPI,20
T2817,2026-09-07,S04,P330,27,50.0,0.0,0,C541,UPI,20
T2818,2026-09-07,S04,P442,45,35.0,0.0,1,C978,Card,13
T2819,2026-09-07,S04,P442,25,35.0,0.0,1,C664,Card,13
T2820,2026-09-07,S04,P442,17,35.0,0.0,1,C195,Cash,13
T2821,2026-09-08,S01,P101,47,60.0,0.0,0,C870,Cash,12
T2822,2026-09-08,S01,P101,31,60.0,0.0,0,C870,Cash,12
T2823,2026-09-08,S01,P101,19,60.0,0.0,0,C180,Cash,12
T2824,2026-09-08,S01,P205,11,108.0,10.0,1,C746,UPI,10
T2825,2026-09-08,S01,P205,4,108.0,10.0,1,C659,UPI,10
T2826,2026-09-08,S01,P205,5,108.0,10.0,1,C368,Cash,10
T2827,2026-09-08,S01,P330,55,50.0,0.0,0,C925,Card,21
T2828,2026-09-08,S01,P330,23,50.0,0.0,0,C488,Card,21
T2829,2026-09-08,S01,P330,21,50.0,0.0,0,C543,Cash,21
T2830,2026-09-08,S01,P442,47,35.0,0.0,0,C977,Card,19
T2831,2026-09-08,S01,P442,22,35.0,0.0,0,C802,Card,19
T2832,2026-09-08,S01,P442,17,35.0,0.0,0,C378,Card,19
T2833,2026-09-08,S02,P101,86,60.0,0.0,1,C120,Cash,10
T2834,2026-09-08,S02,P101,56,60.0,0.0,1,C692,UPI,10
T2835,2026-09-08,S02,P101,41,60.0,0.0,1,C642,Card,10
T2836,2026-09-08,S02,P205,12,120.0,0.0,0,C336,Cash,19
T2837,2026-09-08,S02,P205,7,120.0,0.0,0,C115,Card,19
T2838,2026-09-08,S02,P205,3,120.0,0.0,0,C683,Card,19
T2839,2026-09-08,S02,P330,77,50.0,0.0,0,C115,UPI,10
T2840,2026-09-08,S02,P330,48,50.0,0.0,0,C395,Cash,10
T2841,2026-09-08,S02,P330,31,50.0,0.0,0,C887,Cash,10
T2842,2026-09-08,S02,P442,63,33.25,5.0,1,C851,Card,21
T2843,2026-09-08,S02,P442,36,33.25,5.0,1,C111,UPI,21
T2844,2026-09-08,S02,P442,28,33.25,5.0,1,C264,Card,21
T2845,2026-09-08,S03,P101,38,57.0,5.0,1,C190,Card,19
T2846,2026-09-08,S03,P101,17,57.0,5.0,1,C152,Card,19
T2847,2026-09-08,S03,P101,19,57.0,5.0,1,C959,UPI,19
T2848,2026-09-08,S03,P205,5,120.0,0.0,0,C388,Cash,10
T2849,2026-09-08,S03,P205,6,120.0,0.0,0,C686,UPI,10
T2850,2026-09-08,S03,P205,2,120.0,0.0,0,C689,Cash,10
T2851,2026-09-08,S03,P330,37,50.0,0.0,0,C907,Cash,10
T2852,2026-09-08,S03,P330,19,50.0,0.0,0,C146,UPI,10
T2853,2026-09-08,S03,P330,13,50.0,0.0,0,C574,Card,10
T2854,2026-09-08,S03,P442,28,35.0,0.0,1,C702,Card,19
T2855,2026-09-08,S03,P442,20,35.0,0.0,1,C900,Card,19
T2856,2026-09-08,S03,P442,13,35.0,0.0,1,C573,UPI,19
T2857,2026-09-08,S04,P101,47,54.0,10.0,1,C696,Card,19
T2858,2026-09-08,S04,P101,25,54.0,10.0,1,C934,UPI,19
T2859,2026-09-08,S04,P101,13,54.0,10.0,1,C270,UPI,19
T2860,2026-09-08,S04,P205,9,120.0,0.0,0,C779,Card,12
T2861,2026-09-08,S04,P205,3,120.0,0.0,0,C467,Card,12
T2862,2026-09-08,S04,P205,2,120.0,0.0,0,C948,Card,12
T2863,2026-09-08,S04,P330,65,47.5,5.0,1,C488,Cash,19
T2864,2026-09-08,S04,P330,34,47.5,5.0,1,C917,Cash,19
T2865,2026-09-08,S04,P330,25,47.5,5.0,1,C663,Card,19
T2866,2026-09-08,S04,P442,29,35.0,0.0,0,C624,UPI,10
T2867,2026-09-08,S04,P442,24,35.0,0.0,0,C998,Cash,10
T2868,2026-09-08,S04,P442,14,35.0,0.0,0,C886,Card,10
T2869,2026-09-09,S01,P101,58,60.0,0.0,1,C491,Card,17
T2870,2026-09-09,S01,P101,42,60.0,0.0,1,C787,Card,17
T2871,2026-09-09,S01,P101,24,60.0,0.0,1,C216,Card,17
T2872,2026-09-09,S01,P205,8,120.0,0.0,0,C332,Card,18
T2873,2026-09-09,S01,P205,8,120.0,0.0,0,C596,Card,18
T2874,2026-09-09,S01,P205,3,120.0,0.0,0,C525,UPI,18
T2875,2026-09-09,S01,P330,58,50.0,0.0,0,C513,Cash,10
T2876,2026-09-09,S01,P330,25,50.0,0.0,0,C170,Card,10
T2877,2026-09-09,S01,P330,27,50.0,0.0,0,C706,Cash,10
T2878,2026-09-09,S01,P442,46,35.0,0.0,0,C340,Cash,12
T2879,2026-09-09,S01,P442,22,35.0,0.0,0,C113,Cash,12
T2880,2026-09-09,S01,P442,19,35.0,0.0,0,C496,Cash,12
T2881,2026-09-09,S02,P101,62,60.0,0.0,0,C241,Card,11
T2882,2026-09-09,S02,P101,36,60.0,0.0,0,C563,Card,11
T2883,2026-09-09,S02,P101,27,60.0,0.0,0,C943,UPI,11
T2884,2026-09-09,S02,P205,9,120.0,0.0,0,C968,Card,11
T2885,2026-09-09,S02,P205,8,120.0,0.0,0,C952,Cash,11
T2886,2026-09-09,S02,P205,5,120.0,0.0,0,C647,Cash,11
T2887,2026-09-09,S02,P330,76,50.0,0.0,0,C243,Cash,11
T2888,2026-09-09,S02,P330,44,50.0,0.0,0,C102,Cash,11
T2889,2026-09-09,S02,P330,30,50.0,0.0,0,C847,Card,11
T2890,2026-09-09,S02,P442,65,33.25,5.0,1,C316,UPI,18
T2891,2026-09-09,S02,P442,35,33.25,5.0,1,C435,Cash,18
T2892,2026-09-09,S02,P442,30,33.25,5.0,1,C397,Card,18
T2893,2026-09-09,S03,P101,36,60.0,0.0,0,C356,UPI,19
T2894,2026-09-09,S03,P101,21,60.0,0.0,0,C371,UPI,19
T2895,2026-09-09,S03,P101,11,60.0,0.0,0,C860,UPI,19
T2896,2026-09-09,S03,P205,3,120.0,0.0,0,C454,Card,20
T2897,2026-09-09,S03,P205,4,120.0,0.0,0,C724,Cash,20
T2898,2026-09-09,S03,P205,5,120.0,0.0,0,C389,UPI,20
T2899,2026-09-09,S03,P330,37,50.0,0.0,0,C372,UPI,13
T2900,2026-09-09,S03,P330,22,50.0,0.0,0,C748,UPI,13
T2901,2026-09-09,S03,P330,14,50.0,0.0,0,C579,Card,13
T2902,2026-09-09,S03,P442,36,35.0,0.0,0,C561,UPI,18
T2903,2026-09-09,S03,P442,18,35.0,0.0,0,C295,UPI,18
T2904,2026-09-09,S03,P442,7,35.0,0.0,0,C301,Cash,18
T2905,2026-09-09,S04,P101,41,60.0,0.0,0,C764,Cash,10
T2906,2026-09-09,S04,P101,23,60.0,0.0,0,C189,Card,10
T2907,2026-09-09,S04,P101,20,60.0,0.0,0,C327,Cash,10
T2908,2026-09-09,S04,P205,10,120.0,0.0,0,C115,UPI,21
T2909,2026-09-09,S04,P205,3,120.0,0.0,0,C851,Card,21
T2910,2026-09-09,S04,P205,3,120.0,0.0,0,C155,Cash,21
T2911,2026-09-09,S04,P330,70,50.0,0.0,1,C180,UPI,20
T2912,2026-09-09,S04,P330,42,50.0,0.0,1,C739,Cash,20
T2913,2026-09-09,S04,P330,26,50.0,0.0,1,C854,UPI,20
T2914,2026-09-09,S04,P442,44,35.0,0.0,0,C738,UPI,20
T2915,2026-09-09,S04,P442,17,35.0,0.0,0,C730,Card,20
T2916,2026-09-09,S04,P442,11,35.0,0.0,0,C968,UPI,20
T2917,2026-09-10,S01,P101,58,60.0,0.0,0,C403,UPI,18
T2918,2026-09-10,S01,P101,29,60.0,0.0,0,C495,Card,18
T2919,2026-09-10,S01,P101,20,60.0,0.0,0,C885,Cash,18
T2920,2026-09-10,S01,P205,12,120.0,0.0,0,C108,Cash,11
T2921,2026-09-10,S01,P205,3,120.0,0.0,0,C561,Cash,11
T2922,2026-09-10,S01,P205,4,120.0,0.0,0,C687,UPI,11
T2923,2026-09-10,S01,P330,70,45.0,10.0,1,C863,Cash,10
T2924,2026-09-10,S01,P330,35,45.0,10.0,1,C114,Card,10
T2925,2026-09-10,S01,P330,35,45.0,10.0,1,C403,UPI,10
T2926,2026-09-10,S01,P442,39,35.0,0.0,0,C179,Cash,18
T2927,2026-09-10,S01,P442,21,35.0,0.0,0,C339,UPI,18
T2928,2026-09-10,S01,P442,15,35.0,0.0,0,C689,UPI,18
T2929,2026-09-10,S02,P101,61,60.0,0.0,0,C146,Card,17
T2930,2026-09-10,S02,P101,30,60.0,0.0,0,C951,Card,17
T2931,2026-09-10,S02,P101,22,60.0,0.0,0,C703,Cash,17
T2932,2026-09-10,S02,P205,13,120.0,0.0,0,C891,Card,19
T2933,2026-09-10,S02,P205,4,120.0,0.0,0,C639,UPI,19
T2934,2026-09-10,S02,P205,5,120.0,0.0,0,C592,Card,19
T2935,2026-09-10,S02,P330,91,50.0,0.0,0,C891,Cash,17
T2936,2026-09-10,S02,P330,48,50.0,0.0,0,C447,Card,17
T2937,2026-09-10,S02,P330,34,50.0,0.0,0,C246,Card,17
T2938,2026-09-10,S02,P442,61,35.0,0.0,0,C924,UPI,9
T2939,2026-09-10,S02,P442,25,35.0,0.0,0,C288,Cash,9
T2940,2026-09-10,S02,P442,20,35.0,0.0,0,C282,Card,9
T2941,2026-09-10,S03,P101,30,60.0,0.0,0,C667,Card,9
T2942,2026-09-10,S03,P101,23,60.0,0.0,0,C344,UPI,9
T2943,2026-09-10,S03,P101,14,60.0,0.0,0,C209,Card,9
T2944,2026-09-10,S03,P205,9,120.0,0.0,1,C815,Cash,9
T2945,2026-09-10,S03,P205,5,120.0,0.0,1,C505,UPI,9
T2946,2026-09-10,S03,P205,2,120.0,0.0,1,C852,Cash,9
T2947,2026-09-10,S03,P330,53,42.5,15.0,1,C798,Card,10
T2948,2026-09-10,S03,P330,30,42.5,15.0,1,C299,UPI,10
T2949,2026-09-10,S03,P330,24,42.5,15.0,1,C518,Cash,10
T2950,2026-09-10,S03,P442,23,35.0,0.0,0,C477,UPI,17
T2951,2026-09-10,S03,P442,16,35.0,0.0,0,C737,Card,17
T2952,2026-09-10,S03,P442,6,35.0,0.0,0,C488,UPI,17
T2953,2026-09-10,S04,P101,39,60.0,0.0,0,C409,Card,17
T2954,2026-09-10,S04,P101,30,60.0,0.0,0,C113,Card,17
T2955,2026-09-10,S04,P101,26,60.0,0.0,0,C854,Cash,17
T2956,2026-09-10,S04,P205,9,120.0,0.0,0,C370,Cash,18
T2957,2026-09-10,S04,P205,5,120.0,0.0,0,C241,Card,18
T2958,2026-09-10,S04,P205,4,120.0,0.0,0,C817,Card,18
T2959,2026-09-10,S04,P330,54,50.0,0.0,0,C583,UPI,17
T2960,2026-09-10,S04,P330,27,50.0,0.0,0,C821,Cash,17
T2961,2026-09-10,S04,P330,15,50.0,0.0,0,C197,UPI,17
T2962,2026-09-10,S04,P442,26,35.0,0.0,0,C758,Card,12
T2963,2026-09-10,S04,P442,22,35.0,0.0,0,C954,Cash,12
T2964,2026-09-10,S04,P442,11,35.0,0.0,0,C990,UPI,12
T2965,2026-09-11,S01,P101,36,60.0,0.0,0,C376,Card,20
T2966,2026-09-11,S01,P101,28,60.0,0.0,0,C394,Cash,20
T2967,2026-09-11,S01,P101,25,60.0,0.0,0,C152,Card,20
T2968,2026-09-11,S01,P205,12,120.0,0.0,0,C919,UPI,11
T2969,2026-09-11,S01,P205,2,120.0,0.0,0,C565,Cash,11
T2970,2026-09-11,S01,P205,4,120.0,0.0,0,C659,Card,11
T2971,2026-09-11,S01,P330,63,50.0,0.0,0,C626,Card,11
T2972,2026-09-11,S01,P330,27,50.0,0.0,0,C477,Cash,11
T2973,2026-09-11,S01,P330,25,50.0,0.0,0,C203,Card,11
T2974,2026-09-11,S01,P442,43,35.0,0.0,0,C931,Cash,20
T2975,2026-09-11,S01,P442,23,35.0,0.0,0,C460,UPI,20
T2976,2026-09-11,S01,P442,9,35.0,0.0,0,C245,UPI,20
T2977,2026-09-11,S02,P101,65,60.0,0.0,0,C855,UPI,18
T2978,2026-09-11,S02,P101,45,60.0,0.0,0,C683,Cash,18
T2979,2026-09-11,S02,P101,29,60.0,0.0,0,C947,Cash,18
T2980,2026-09-11,S02,P205,11,120.0,0.0,0,C570,UPI,10
T2981,2026-09-11,S02,P205,4,120.0,0.0,0,C905,UPI,10
T2982,2026-09-11,S02,P205,7,120.0,0.0,0,C840,UPI,10
T2983,2026-09-11,S02,P330,97,50.0,0.0,0,C894,Cash,19
T2984,2026-09-11,S02,P330,60,50.0,0.0,0,C222,Cash,19
T2985,2026-09-11,S02,P330,34,50.0,0.0,0,C543,UPI,19
T2986,2026-09-11,S02,P442,53,35.0,0.0,0,C361,UPI,17
T2987,2026-09-11,S02,P442,33,35.0,0.0,0,C258,UPI,17
T2988,2026-09-11,S02,P442,19,35.0,0.0,0,C567,Card,17
T2989,2026-09-11,S03,P101,37,60.0,0.0,0,C115,UPI,11
T2990,2026-09-11,S03,P101,21,60.0,0.0,0,C144,UPI,11
T2991,2026-09-11,S03,P101,12,60.0,0.0,0,C750,Card,11
T2992,2026-09-11,S03,P205,6,120.0,0.0,0,C541,UPI,17
T2993,2026-09-11,S03,P205,5,120.0,0.0,0,C972,Cash,17
T2994,2026-09-11,S03,P205,3,120.0,0.0,0,C127,Card,17
T2995,2026-09-11,S03,P330,47,50.0,0.0,0,C122,Card,20
T2996,2026-09-11,S03,P330,28,50.0,0.0,0,C817,Card,20
T2997,2026-09-11,S03,P330,17,50.0,0.0,0,C698,Cash,20
T2998,2026-09-11,S03,P442,31,35.0,0.0,0,C505,Card,21
T2999,2026-09-11,S03,P442,14,35.0,0.0,0,C874,Cash,21
T3000,2026-09-11,S03,P442,8,35.0,0.0,0,C835,Cash,21
T3001,2026-09-11,S04,P101,45,57.0,5.0,1,C122,UPI,12
T3002,2026-09-11,S04,P101,33,57.0,5.0,1,C665,UPI,12
T3003,2026-09-11,S04,P101,26,57.0,5.0,1,C148,Card,12
T3004,2026-09-11,S04,P205,8,120.0,0.0,0,C927,Card,12
T3005,2026-09-11,S04,P205,6,120.0,0.0,0,C752,Card,12
T3006,2026-09-11,S04,P205,2,120.0,0.0,0,C997,Cash,12
T3007,2026-09-11,S04,P330,37,50.0,0.0,0,C386,Card,19
T3008,2026-09-11,S04,P330,47,50.0,0.0,0,C979,UPI,19
T3009,2026-09-11,S04,P330,16,50.0,0.0,0,C154,Cash,19
T3010,2026-09-11,S04,P442,24,35.0,0.0,0,C577,Card,13
T3011,2026-09-11,S04,P442,19,35.0,0.0,0,C219,Cash,13
T3012,2026-09-11,S04,P442,14,35.0,0.0,0,C842,Cash,13
T3013,2026-09-12,S01,P101,51,60.0,0.0,0,C248,Card,18
T3014,2026-09-12,S01,P101,28,60.0,0.0,0,C685,Cash,18
T3015,2026-09-12,S01,P101,23,60.0,0.0,0,C268,UPI,18
T3016,2026-09-12,S01,P205,9,120.0,0.0,0,C942,Cash,18
T3017,2026-09-12,S01,P205,5,120.0,0.0,0,C821,Cash,18
T3018,2026-09-12,S01,P205,5,120.0,0.0,0,C735,Card,18
T3019,2026-09-12,S01,P330,69,50.0,0.0,0,C190,Card,20
T3020,2026-09-12,S01,P330,42,50.0,0.0,0,C458,Card,20
T3021,2026-09-12,S01,P330,27,50.0,0.0,0,C327,Card,20
T3022,2026-09-12,S01,P442,46,35.0,0.0,0,C435,UPI,20
T3023,2026-09-12,S01,P442,19,35.0,0.0,0,C878,UPI,20
T3024,2026-09-12,S01,P442,18,35.0,0.0,0,C261,Card,20
T3025,2026-09-12,S02,P101,109,51.0,15.0,1,C572,Card,20
T3026,2026-09-12,S02,P101,43,51.0,15.0,1,C636,Card,20
T3027,2026-09-12,S02,P101,32,51.0,15.0,1,C245,Cash,20
T3028,2026-09-12,S02,P205,14,120.0,0.0,0,C748,Cash,11
T3029,2026-09-12,S02,P205,13,120.0,0.0,0,C241,UPI,11
T3030,2026-09-12,S02,P205,2,120.0,0.0,0,C172,Cash,11
T3031,2026-09-12,S02,P330,86,50.0,0.0,0,C255,Cash,18
T3032,2026-09-12,S02,P330,65,50.0,0.0,0,C894,UPI,18
T3033,2026-09-12,S02,P330,33,50.0,0.0,0,C246,UPI,18
T3034,2026-09-12,S02,P442,57,35.0,0.0,0,C468,UPI,10
T3035,2026-09-12,S02,P442,52,35.0,0.0,0,C102,Card,10
T3036,2026-09-12,S02,P442,21,35.0,0.0,0,C574,Cash,10
T3037,2026-09-12,S03,P101,42,60.0,0.0,1,C892,Card,19
T3038,2026-09-12,S03,P101,27,60.0,0.0,1,C276,Cash,19
T3039,2026-09-12,S03,P101,14,60.0,0.0,1,C528,UPI,19
T3040,2026-09-12,S03,P205,9,120.0,0.0,0,C745,Cash,19
T3041,2026-09-12,S03,P205,4,120.0,0.0,0,C649,Cash,19
T3042,2026-09-12,S03,P205,2,120.0,0.0,0,C184,Card,19
T3043,2026-09-12,S03,P330,54,50.0,0.0,0,C120,UPI,20
T3044,2026-09-12,S03,P330,24,50.0,0.0,0,C598,Card,20
T3045,2026-09-12,S03,P330,20,50.0,0.0,0,C540,Cash,20
T3046,2026-09-12,S03,P442,30,35.0,0.0,0,C857,Cash,12
T3047,2026-09-12,S03,P442,15,35.0,0.0,0,C592,Cash,12
T3048,2026-09-12,S03,P442,12,35.0,0.0,0,C610,Card,12
T3049,2026-09-12,S04,P101,41,57.0,5.0,1,C140,UPI,9
T3050,2026-09-12,S04,P101,29,57.0,5.0,1,C492,Cash,9
T3051,2026-09-12,S04,P101,20,57.0,5.0,1,C178,UPI,9
T3052,2026-09-12,S04,P205,8,120.0,0.0,0,C654,Card,11
T3053,2026-09-12,S04,P205,8,120.0,0.0,0,C335,Card,11
T3054,2026-09-12,S04,P205,4,120.0,0.0,0,C183,Cash,11
T3055,2026-09-12,S04,P330,50,50.0,0.0,0,C679,Cash,12
T3056,2026-09-12,S04,P330,34,50.0,0.0,0,C456,Cash,12
T3057,2026-09-12,S04,P330,22,50.0,0.0,0,C797,UPI,12
T3058,2026-09-12,S04,P442,41,31.5,10.0,1,C661,Cash,18
T3059,2026-09-12,S04,P442,29,31.5,10.0,1,C131,Card,18
T3060,2026-09-12,S04,P442,17,31.5,10.0,1,C142,UPI,18
T3061,2026-09-13,S01,P101,57,60.0,0.0,0,C995,UPI,11
T3062,2026-09-13,S01,P101,31,60.0,0.0,0,C204,Card,11
T3063,2026-09-13,S01,P101,19,60.0,0.0,0,C766,Cash,11
T3064,2026-09-13,S01,P205,10,120.0,0.0,0,C943,Cash,17
T3065,2026-09-13,S01,P205,7,120.0,0.0,0,C956,Card,17
T3066,2026-09-13,S01,P205,6,120.0,0.0,0,C926,UPI,17
T3067,2026-09-13,S01,P330,63,50.0,0.0,0,C869,UPI,13
T3068,2026-09-13,S01,P330,53,50.0,0.0,0,C638,UPI,13
T3069,2026-09-13,S01,P330,27,50.0,0.0,0,C682,Card,13
T3070,2026-09-13,S01,P442,42,35.0,0.0,0,C191,Cash,19
T3071,2026-09-13,S01,P442,23,35.0,0.0,0,C183,Cash,19
T3072,2026-09-13,S01,P442,18,35.0,0.0,0,C395,Cash,19
T3073,2026-09-13,S02,P101,75,60.0,0.0,0,C973,Card,9
T3074,2026-09-13,S02,P101,35,60.0,0.0,0,C805,Cash,9
T3075,2026-09-13,S02,P101,28,60.0,0.0,0,C625,Cash,9
T3076,2026-09-13,S02,P205,11,120.0,0.0,0,C810,Card,11
T3077,2026-09-13,S02,P205,8,120.0,0.0,0,C147,Card,11
T3078,2026-09-13,S02,P205,3,120.0,0.0,0,C168,Cash,11
T3079,2026-09-13,S02,P330,114,50.0,0.0,0,C850,Cash,10
T3080,2026-09-13,S02,P330,53,50.0,0.0,0,C899,Card,10
T3081,2026-09-13,S02,P330,35,50.0,0.0,0,C945,Card,10
T3082,2026-09-13,S02,P442,55,35.0,0.0,0,C682,UPI,11
T3083,2026-09-13,S02,P442,22,35.0,0.0,0,C243,UPI,11
T3084,2026-09-13,S02,P442,27,35.0,0.0,0,C965,Cash,11
T3085,2026-09-13,S03,P101,37,60.0,0.0,0,C411,UPI,13
T3086,2026-09-13,S03,P101,21,60.0,0.0,0,C203,Cash,13
T3087,2026-09-13,S03,P101,18,60.0,0.0,0,C297,Cash,13
T3088,2026-09-13,S03,P205,7,120.0,0.0,0,C897,Card,17
T3089,2026-09-13,S03,P205,5,120.0,0.0,0,C536,UPI,17
T3090,2026-09-13,S03,P205,1,120.0,0.0,0,C849,Cash,17
T3091,2026-09-13,S03,P330,49,50.0,0.0,0,C787,Card,12
T3092,2026-09-13,S03,P330,20,50.0,0.0,0,C882,Cash,12
T3093,2026-09-13,S03,P330,19,50.0,0.0,0,C288,UPI,12
T3094,2026-09-13,S03,P442,36,35.0,0.0,0,C183,Cash,19
T3095,2026-09-13,S03,P442,20,35.0,0.0,0,C120,Card,19
T3096,2026-09-13,S03,P442,10,35.0,0.0,0,C256,Cash,19
T3097,2026-09-13,S04,P101,52,60.0,0.0,1,C594,Cash,9
T3098,2026-09-13,S04,P101,22,60.0,0.0,1,C346,Card,9
T3099,2026-09-13,S04,P101,24,60.0,0.0,1,C642,Cash,9
T3100,2026-09-13,S04,P205,9,120.0,0.0,0,C538,Cash,12
T3101,2026-09-13,S04,P205,8,120.0,0.0,0,C707,Cash,12
T3102,2026-09-13,S04,P205,3,120.0,0.0,0,C322,UPI,12
T3103,2026-09-13,S04,P330,74,45.0,10.0,1,C226,UPI,12
T3104,2026-09-13,S04,P330,33,45.0,10.0,1,C498,Cash,12
T3105,2026-09-13,S04,P330,35,45.0,10.0,1,C904,UPI,12
T3106,2026-09-13,S04,P442,50,35.0,0.0,0,C874,Cash,18
T3107,2026-09-13,S04,P442,22,35.0,0.0,0,C917,Card,18
T3108,2026-09-13,S04,P442,20,35.0,0.0,0,C485,Cash,18
T3109,2026-09-14,S01,P101,48,60.0,0.0,0,C582,Card,18
T3110,2026-09-14,S01,P101,22,60.0,0.0,0,C743,UPI,18
T3111,2026-09-14,S01,P101,20,60.0,0.0,0,C598,Card,18
T3112,2026-09-14,S01,P205,9,120.0,0.0,0,C240,Card,19
T3113,2026-09-14,S01,P205,6,120.0,0.0,0,C605,UPI,19
T3114,2026-09-14,S01,P205,2,120.0,0.0,0,C257,Card,19
T3115,2026-09-14,S01,P330,46,50.0,0.0,0,C954,UPI,21
T3116,2026-09-14,S01,P330,40,50.0,0.0,0,C456,UPI,21
T3117,2026-09-14,S01,P330,21,50.0,0.0,0,C942,Cash,21
T3118,2026-09-14,S01,P442,35,35.0,0.0,0,C241,Cash,18
T3119,2026-09-14,S01,P442,28,35.0,0.0,0,C627,Card,18
T3120,2026-09-14,S01,P442,12,35.0,0.0,0,C769,Card,18
T3121,2026-09-14,S02,P101,59,60.0,0.0,0,C227,UPI,11
T3122,2026-09-14,S02,P101,36,60.0,0.0,0,C618,Card,11
T3123,2026-09-14,S02,P101,26,60.0,0.0,0,C952,Card,11
T3124,2026-09-14,S02,P205,16,120.0,0.0,0,C110,Card,21
T3125,2026-09-14,S02,P205,3,120.0,0.0,0,C606,Cash,21
T3126,2026-09-14,S02,P205,7,120.0,0.0,0,C221,Cash,21
T3127,2026-09-14,S02,P330,80,50.0,0.0,0,C673,Card,19
T3128,2026-09-14,S02,P330,49,50.0,0.0,0,C579,Card,19
T3129,2026-09-14,S02,P330,28,50.0,0.0,0,C789,Card,19
T3130,2026-09-14,S02,P442,56,35.0,0.0,0,C433,Card,11
T3131,2026-09-14,S02,P442,31,35.0,0.0,0,C519,Card,11
T3132,2026-09-14,S02,P442,25,35.0,0.0,0,C748,UPI,11
T3133,2026-09-14,S03,P101,41,60.0,0.0,0,C882,UPI,11
T3134,2026-09-14,S03,P101,16,60.0,0.0,0,C716,Cash,11
T3135,2026-09-14,S03,P101,13,60.0,0.0,0,C835,Cash,11
T3136,2026-09-14,S03,P205,6,120.0,0.0,0,C770,Cash,10
T3137,2026-09-14,S03,P205,4,120.0,0.0,0,C434,Card,10
T3138,2026-09-14,S03,P205,2,120.0,0.0,0,C718,Cash,10
T3139,2026-09-14,S03,P330,33,50.0,0.0,0,C611,Card,17
T3140,2026-09-14,S03,P330,34,50.0,0.0,0,C112,Cash,17
T3141,2026-09-14,S03,P330,17,50.0,0.0,0,C250,Card,17
T3142,2026-09-14,S03,P442,26,35.0,0.0,0,C297,Cash,18
T3143,2026-09-14,S03,P442,20,35.0,0.0,0,C246,Cash,18
T3144,2026-09-14,S03,P442,13,35.0,0.0,0,C676,Cash,18
T3145,2026-09-14,S04,P101,40,60.0,0.0,0,C434,UPI,21
T3146,2026-09-14,S04,P101,21,60.0,0.0,0,C629,UPI,21
T3147,2026-09-14,S04,P101,12,60.0,0.0,0,C576,UPI,21
T3148,2026-09-14,S04,P205,10,120.0,0.0,0,C564,Card,11
T3149,2026-09-14,S04,P205,3,120.0,0.0,0,C224,Card,11
T3150,2026-09-14,S04,P205,4,120.0,0.0,0,C370,UPI,11
T3151,2026-09-14,S04,P330,54,50.0,0.0,0,C519,Cash,13
T3152,2026-09-14,S04,P330,35,50.0,0.0,0,C876,Cash,13
T3153,2026-09-14,S04,P330,23,50.0,0.0,0,C769,UPI,13
T3154,2026-09-14,S04,P442,38,35.0,0.0,0,C340,UPI,13
T3155,2026-09-14,S04,P442,15,35.0,0.0,0,C972,UPI,13
T3156,2026-09-14,S04,P442,13,35.0,0.0,0,C241,Card,13
T3157,2026-09-15,S01,P101,34,60.0,0.0,0,C208,UPI,9
T3158,2026-09-15,S01,P101,30,60.0,0.0,0,C987,UPI,9
T3159,2026-09-15,S01,P101,20,60.0,0.0,0,C978,Cash,9
T3160,2026-09-15,S01,P205,12,120.0,0.0,0,C667,Cash,17
T3161,2026-09-15,S01,P205,3,120.0,0.0,0,C358,Card,17
T3162,2026-09-15,S01,P205,4,120.0,0.0,0,C801,Card,17
T3163,2026-09-15,S01,P330,61,50.0,0.0,0,C404,Card,10
T3164,2026-09-15,S01,P330,32,50.0,0.0,0,C204,Cash,10
T3165,2026-09-15,S01,P330,23,50.0,0.0,0,C121,Cash,10
T3166,2026-09-15,S01,P442,37,35.0,0.0,0,C807,UPI,18
T3167,2026-09-15,S01,P442,29,35.0,0.0,0,C775,Cash,18
T3168,2026-09-15,S01,P442,11,35.0,0.0,0,C882,Card,18
T3169,2026-09-15,S02,P101,58,60.0,0.0,0,C397,UPI,18
T3170,2026-09-15,S02,P101,32,60.0,0.0,0,C450,Cash,18
T3171,2026-09-15,S02,P101,23,60.0,0.0,0,C729,UPI,18
T3172,2026-09-15,S02,P205,16,120.0,0.0,0,C466,Card,18
T3173,2026-09-15,S02,P205,4,120.0,0.0,0,C669,Card,18
T3174,2026-09-15,S02,P205,9,120.0,0.0,0,C154,UPI,18
T3175,2026-09-15,S02,P330,80,50.0,0.0,0,C448,Cash,20
T3176,2026-09-15,S02,P330,39,50.0,0.0,0,C511,Card,20
T3177,2026-09-15,S02,P330,37,50.0,0.0,0,C495,Card,20
T3178,2026-09-15,S02,P442,64,35.0,0.0,1,C701,Cash,13
T3179,2026-09-15,S02,P442,30,35.0,0.0,1,C873,Cash,13
T3180,2026-09-15,S02,P442,18,35.0,0.0,1,C865,Card,13
T3181,2026-09-15,S03,P101,35,60.0,0.0,0,C995,Cash,20
T3182,2026-09-15,S03,P101,24,60.0,0.0,0,C313,Card,20
T3183,2026-09-15,S03,P101,16,60.0,0.0,0,C739,Cash,20
T3184,2026-09-15,S03,P205,7,120.0,0.0,0,C504,Cash,11
T3185,2026-09-15,S03,P205,3,120.0,0.0,0,C801,Card,11
T3186,2026-09-15,S03,P205,1,120.0,0.0,0,C553,Card,11
T3187,2026-09-15,S03,P330,54,42.5,15.0,1,C591,Cash,20
T3188,2026-09-15,S03,P330,30,42.5,15.0,1,C946,Cash,20
T3189,2026-09-15,S03,P330,17,42.5,15.0,1,C143,Cash,20
T3190,2026-09-15,S03,P442,30,35.0,0.0,1,C341,Card,19
T3191,2026-09-15,S03,P442,17,35.0,0.0,1,C213,Cash,19
T3192,2026-09-15,S03,P442,15,35.0,0.0,1,C401,Card,19
T3193,2026-09-15,S04,P101,47,60.0,0.0,0,C980,Cash,12
T3194,2026-09-15,S04,P101,27,60.0,0.0,0,C665,UPI,12
T3195,2026-09-15,S04,P101,17,60.0,0.0,0,C613,Card,12
T3196,2026-09-15,S04,P205,13,120.0,0.0,0,C248,Cash,12
T3197,2026-09-15,S04,P205,1,120.0,0.0,0,C515,Cash,12
T3198,2026-09-15,S04,P205,5,120.0,0.0,0,C968,Card,12
T3199,2026-09-15,S04,P330,52,50.0,0.0,0,C332,Card,18
T3200,2026-09-15,S04,P330,43,50.0,0.0,0,C133,Cash,18
T3201,2026-09-15,S04,P330,18,50.0,0.0,0,C158,Cash,18
T3202,2026-09-15,S04,P442,32,35.0,0.0,0,C926,Card,19
T3203,2026-09-15,S04,P442,22,35.0,0.0,0,C450,Cash,19
T3204,2026-09-15,S04,P442,12,35.0,0.0,0,C254,Card,19
T1001,2026-08-01,S01,P101,39,60.0,0.0,0,C882,Card,12
